2026-01-14T17:13:44.738-05:00  INFO 99132 --- [Main] [JavaFX-Launcher] o.s.boot.SpringApplication               : Starting application using Java 21.0.9 with PID 99132 (started by carlos in /home/carlos/Proyectos/REP)
2026-01-14T17:13:44.744-05:00  INFO 99132 --- [Main] [JavaFX-Launcher] o.s.boot.SpringApplication               : No active profile set, falling back to 1 default profile: "default"
2026-01-14T17:13:45.719-05:00  INFO 99132 --- [Main] [JavaFX-Launcher] .s.d.r.c.RepositoryConfigurationDelegate : Bootstrapping Spring Data JPA repositories in DEFAULT mode.
2026-01-14T17:13:45.736-05:00 DEBUG 99132 --- [Main] [JavaFX-Launcher] o.s.b.a.AutoConfigurationPackages        : @EnableAutoConfiguration was declared on a class in the package 'com.rep'. Automatic @Repository and @Entity scanning is enabled.
2026-01-14T17:13:45.841-05:00  INFO 99132 --- [Main] [JavaFX-Launcher] .s.d.r.c.RepositoryConfigurationDelegate : Finished Spring Data repository scanning in 113 ms. Found 15 JPA repository interfaces.
2026-01-14T17:13:46.069-05:00  INFO 99132 --- [Main] [JavaFX-Launcher] o.s.cloud.context.scope.GenericScope     : BeanFactory id=dce50521-50e1-39ca-8ff2-1f2a86c43d5a
2026-01-14T17:13:46.776-05:00  INFO 99132 --- [Main] [JavaFX-Launcher] o.s.b.w.embedded.tomcat.TomcatWebServer  : Tomcat initialized with port 8080 (http)
2026-01-14T17:13:46.784-05:00  INFO 99132 --- [Main] [JavaFX-Launcher] o.apache.catalina.core.StandardService   : Starting service [Tomcat]
2026-01-14T17:13:46.784-05:00  INFO 99132 --- [Main] [JavaFX-Launcher] o.apache.catalina.core.StandardEngine    : Starting Servlet engine: [Apache Tomcat/10.1.16]
2026-01-14T17:13:46.828-05:00  INFO 99132 --- [Main] [JavaFX-Launcher] o.a.c.c.C.[Tomcat].[localhost].[/]       : Initializing Spring embedded WebApplicationContext
2026-01-14T17:13:46.829-05:00  INFO 99132 --- [Main] [JavaFX-Launcher] w.s.c.ServletWebServerApplicationContext : Root WebApplicationContext: initialization completed in 2045 ms
2026-01-14T17:13:47.102-05:00  INFO 99132 --- [Main] [JavaFX-Launcher] o.hibernate.jpa.internal.util.LogHelper  : HHH000204: Processing PersistenceUnitInfo [name: default]
2026-01-14T17:13:47.154-05:00  INFO 99132 --- [Main] [JavaFX-Launcher] org.hibernate.Version                    : HHH000412: Hibernate ORM core version 6.3.1.Final
2026-01-14T17:13:47.189-05:00  INFO 99132 --- [Main] [JavaFX-Launcher] o.h.c.internal.RegionFactoryInitiator    : HHH000026: Second-level cache disabled
2026-01-14T17:13:47.407-05:00  INFO 99132 --- [Main] [JavaFX-Launcher] o.s.o.j.p.SpringPersistenceUnitInfo      : No LoadTimeWeaver setup: ignoring JPA class transformer
2026-01-14T17:13:47.430-05:00  INFO 99132 --- [Main] [JavaFX-Launcher] com.zaxxer.hikari.HikariDataSource       : HikariPool-1 - Starting...
2026-01-14T17:13:47.607-05:00  INFO 99132 --- [Main] [JavaFX-Launcher] com.zaxxer.hikari.pool.HikariPool        : HikariPool-1 - Added connection com.mysql.cj.jdbc.ConnectionImpl@68a9945e
2026-01-14T17:13:47.610-05:00  INFO 99132 --- [Main] [JavaFX-Launcher] com.zaxxer.hikari.HikariDataSource       : HikariPool-1 - Start completed.
2026-01-14T17:13:47.641-05:00  WARN 99132 --- [Main] [JavaFX-Launcher] o.h.e.j.e.i.JdbcEnvironmentInitiator     : HHH000339: Could not obtain connection metadata: java.sql.SQLSyntaxErrorException: Unknown column 'RESERVED' in 'WHERE'
2026-01-14T17:13:47.655-05:00  WARN 99132 --- [Main] [JavaFX-Launcher] org.hibernate.orm.deprecation            : HHH90000025: MySQL8Dialect does not need to be specified explicitly using 'hibernate.dialect' (remove the property setting and it will be selected by default)
2026-01-14T17:13:47.656-05:00  WARN 99132 --- [Main] [JavaFX-Launcher] org.hibernate.orm.deprecation            : HHH90000026: MySQL8Dialect has been deprecated; use org.hibernate.dialect.MySQLDialect instead
2026-01-14T17:13:48.437-05:00  INFO 99132 --- [Main] [JavaFX-Launcher] o.h.e.t.j.p.i.JtaPlatformInitiator       : HHH000489: No JTA platform available (set 'hibernate.transaction.jta.platform' to enable JTA platform integration)
2026-01-14T17:13:48.800-05:00  INFO 99132 --- [Main] [JavaFX-Launcher] j.LocalContainerEntityManagerFactoryBean : Initialized JPA EntityManagerFactory for persistence unit 'default'
2026-01-14T17:13:49.005-05:00  INFO 99132 --- [Main] [JavaFX-Launcher] o.s.d.j.r.query.QueryEnhancerFactory     : Hibernate is in classpath; If applicable, HQL parser will be used.
2026-01-14T17:13:49.307-05:00 DEBUG 99132 --- [Main] [JavaFX-Launcher] c.rep.security.JwtAuthenticationFilter   : Filter 'jwtAuthenticationFilter' configured for use
2026-01-14T17:13:49.308-05:00 DEBUG 99132 --- [Main] [JavaFX-Launcher] o.s.w.f.ServerHttpObservationFilter      : Filter 'webMvcObservationFilter' configured for use
2026-01-14T17:13:50.087-05:00  INFO 99132 --- [Main] [JavaFX-Launcher] c.r.s.impl.EstudianteApiServiceImpl      : EstudianteApiServiceImpl inicializado con URL base: http://localhost:8080
2026-01-14T17:13:50.212-05:00  WARN 99132 --- [Main] [JavaFX-Launcher] JpaBaseConfiguration$JpaWebConfiguration : spring.jpa.open-in-view is enabled by default. Therefore, database queries may be performed during view rendering. Explicitly configure spring.jpa.open-in-view to disable this warning
2026-01-14T17:13:50.378-05:00 DEBUG 99132 --- [Main] [JavaFX-Launcher] s.w.s.m.m.a.RequestMappingHandlerMapping : 79 mappings in 'requestMappingHandlerMapping'
2026-01-14T17:13:50.454-05:00 DEBUG 99132 --- [Main] [JavaFX-Launcher] o.s.w.s.handler.SimpleUrlHandlerMapping  : Patterns [/webjars/**, /**, /swagger-ui*/*swagger-initializer.js, /swagger-ui*/**] in 'resourceHandlerMapping'
2026-01-14T17:13:50.541-05:00  INFO 99132 --- [Main] [JavaFX-Launcher] o.s.b.a.e.web.EndpointLinksResolver      : Exposing 1 endpoint(s) beneath base path '/actuator'
2026-01-14T17:13:50.581-05:00  INFO 99132 --- [Main] [JavaFX-Launcher] o.s.s.web.DefaultSecurityFilterChain     : Will secure any request with [org.springframework.security.web.session.DisableEncodeUrlFilter@6af0a5e7, org.springframework.security.web.context.request.async.WebAsyncManagerIntegrationFilter@6f96fc18, org.springframework.security.web.context.SecurityContextHolderFilter@7c26a4fd, org.springframework.security.web.header.HeaderWriterFilter@481c87c9, org.springframework.web.filter.CorsFilter@5dfb3d07, org.springframework.security.web.authentication.logout.LogoutFilter@5a1937b7, com.rep.security.JwtAuthenticationFilter@7944f308, org.springframework.security.web.savedrequest.RequestCacheAwareFilter@5e68a04, org.springframework.security.web.servletapi.SecurityContextHolderAwareRequestFilter@4508a796, org.springframework.security.web.authentication.AnonymousAuthenticationFilter@284a99be, org.springframework.security.web.session.SessionManagementFilter@3a0f521d, org.springframework.security.web.access.ExceptionTranslationFilter@5b10da0f, org.springframework.security.web.access.intercept.AuthorizationFilter@177ad1fc]
2026-01-14T17:13:50.674-05:00 DEBUG 99132 --- [Main] [JavaFX-Launcher] s.w.s.m.m.a.RequestMappingHandlerAdapter : ControllerAdvice beans: 0 @ModelAttribute, 0 @InitBinder, 1 RequestBodyAdvice, 1 ResponseBodyAdvice
2026-01-14T17:13:50.700-05:00 DEBUG 99132 --- [Main] [JavaFX-Launcher] .m.m.a.ExceptionHandlerExceptionResolver : ControllerAdvice beans: 2 @ExceptionHandler, 1 ResponseBodyAdvice
2026-01-14T17:13:51.068-05:00  INFO 99132 --- [Main] [JavaFX-Launcher] o.s.b.w.embedded.tomcat.TomcatWebServer  : Tomcat started on port 8080 (http) with context path ''
2026-01-14T17:13:51.084-05:00 DEBUG 99132 --- [Main] [JavaFX-Launcher] .s.b.a.l.ConditionEvaluationReportLogger : 


============================
CONDITIONS EVALUATION REPORT
============================


Positive matches:
-----------------

   AopAutoConfiguration matched:
      - @ConditionalOnProperty (spring.aop.auto=true) matched (OnPropertyCondition)

   AopAutoConfiguration.AspectJAutoProxyingConfiguration matched:
      - @ConditionalOnClass found required class 'org.aspectj.weaver.Advice' (OnClassCondition)

   AopAutoConfiguration.AspectJAutoProxyingConfiguration.CglibAutoProxyConfiguration matched:
      - @ConditionalOnProperty (spring.aop.proxy-target-class=true) matched (OnPropertyCondition)

   ApplicationAvailabilityAutoConfiguration#applicationAvailability matched:
      - @ConditionalOnMissingBean (types: org.springframework.boot.availability.ApplicationAvailability; SearchStrategy: all) did not find any beans (OnBeanCondition)

   AutoServiceRegistrationAutoConfiguration matched:
      - @ConditionalOnProperty (spring.cloud.service-registry.auto-registration.enabled) matched (OnPropertyCondition)

   AutoServiceRegistrationConfiguration matched:
      - @ConditionalOnProperty (spring.cloud.service-registry.auto-registration.enabled) matched (OnPropertyCondition)

   CacheMeterBinderProvidersConfiguration matched:
      - @ConditionalOnClass found required class 'io.micrometer.core.instrument.binder.MeterBinder' (OnClassCondition)

   CommonsClientAutoConfiguration.ActuatorConfiguration matched:
      - @ConditionalOnClass found required class 'org.springframework.boot.actuate.endpoint.annotation.Endpoint' (OnClassCondition)
      - @ConditionalOnProperty (spring.cloud.features.enabled) matched (OnPropertyCondition)

   CommonsClientAutoConfiguration.DiscoveryLoadBalancerConfiguration matched:
      - @ConditionalOnClass found required class 'org.springframework.boot.actuate.health.HealthIndicator' (OnClassCondition)
      - @ConditionalOnProperty (spring.cloud.discovery.enabled) matched; @ConditionalOnProperty (spring.cloud.discovery.blocking.enabled) matched (OnPropertyCondition)
      - @ConditionalOnBean (types: org.springframework.cloud.client.discovery.DiscoveryClient; SearchStrategy: all) found beans 'simpleDiscoveryClient', 'compositeDiscoveryClient' (OnBeanCondition)

   CommonsClientAutoConfiguration.DiscoveryLoadBalancerConfiguration#discoveryClientHealthIndicator matched:
      - @ConditionalOnProperty (spring.cloud.discovery.client.health-indicator.enabled) matched (OnPropertyCondition)

   CommonsClientAutoConfiguration.DiscoveryLoadBalancerConfiguration#discoveryCompositeHealthContributor matched:
      - @ConditionalOnProperty (spring.cloud.discovery.client.composite-indicator.enabled) matched (OnPropertyCondition)
      - @ConditionalOnBean (types: org.springframework.cloud.client.discovery.health.DiscoveryHealthIndicator; SearchStrategy: all) found bean 'discoveryClientHealthIndicator' (OnBeanCondition)

   CompatibilityVerifierAutoConfiguration matched:
      - @ConditionalOnProperty (spring.cloud.compatibility-verifier.enabled) matched (OnPropertyCondition)

   CompositeMeterRegistryAutoConfiguration matched:
      - @ConditionalOnClass found required class 'io.micrometer.core.instrument.composite.CompositeMeterRegistry' (OnClassCondition)

   ConfigurationPropertiesRebinderAutoConfiguration matched:
      - @ConditionalOnBean (types: org.springframework.boot.context.properties.ConfigurationPropertiesBindingPostProcessor; SearchStrategy: all) found bean 'org.springframework.boot.context.properties.ConfigurationPropertiesBindingPostProcessor' (OnBeanCondition)

   ConfigurationPropertiesRebinderAutoConfiguration#configurationPropertiesBeans matched:
      - @ConditionalOnMissingBean (types: org.springframework.cloud.context.properties.ConfigurationPropertiesBeans; SearchStrategy: current) did not find any beans (OnBeanCondition)

   ConfigurationPropertiesRebinderAutoConfiguration#configurationPropertiesRebinder matched:
      - @ConditionalOnMissingBean (types: org.springframework.cloud.context.properties.ConfigurationPropertiesRebinder; SearchStrategy: current) did not find any beans (OnBeanCondition)

   DataSourceAutoConfiguration matched:
      - @ConditionalOnClass found required classes 'javax.sql.DataSource', 'org.springframework.jdbc.datasource.embedded.EmbeddedDatabaseType' (OnClassCondition)
      - @ConditionalOnMissingBean (types: io.r2dbc.spi.ConnectionFactory; SearchStrategy: all) did not find any beans (OnBeanCondition)

   DataSourceAutoConfiguration.PooledDataSourceConfiguration matched:
      - AnyNestedCondition 1 matched 1 did not; NestedCondition on DataSourceAutoConfiguration.PooledDataSourceCondition.PooledDataSourceAvailable PooledDataSource found supported DataSource; NestedCondition on DataSourceAutoConfiguration.PooledDataSourceCondition.ExplicitType @ConditionalOnProperty (spring.datasource.type) did not find property 'type' (DataSourceAutoConfiguration.PooledDataSourceCondition)
      - @ConditionalOnMissingBean (types: javax.sql.DataSource,javax.sql.XADataSource; SearchStrategy: all) did not find any beans (OnBeanCondition)

   DataSourceAutoConfiguration.PooledDataSourceConfiguration#jdbcConnectionDetails matched:
      - @ConditionalOnMissingBean (types: org.springframework.boot.autoconfigure.jdbc.JdbcConnectionDetails; SearchStrategy: all) did not find any beans (OnBeanCondition)

   DataSourceConfiguration.Hikari matched:
      - @ConditionalOnClass found required class 'com.zaxxer.hikari.HikariDataSource' (OnClassCondition)
      - @ConditionalOnProperty (spring.datasource.type=com.zaxxer.hikari.HikariDataSource) matched (OnPropertyCondition)
      - @ConditionalOnMissingBean (types: javax.sql.DataSource; SearchStrategy: all) did not find any beans (OnBeanCondition)

   DataSourceHealthContributorAutoConfiguration matched:
      - @ConditionalOnClass found required classes 'org.springframework.jdbc.core.JdbcTemplate', 'org.springframework.jdbc.datasource.lookup.AbstractRoutingDataSource' (OnClassCondition)
      - @ConditionalOnEnabledHealthIndicator management.health.defaults.enabled is considered true (OnEnabledHealthIndicatorCondition)
      - @ConditionalOnBean (types: javax.sql.DataSource; SearchStrategy: all) found bean 'dataSource' (OnBeanCondition)

   DataSourceHealthContributorAutoConfiguration#dbHealthContributor matched:
      - @ConditionalOnMissingBean (names: dbHealthIndicator,dbHealthContributor; SearchStrategy: all) did not find any beans (OnBeanCondition)

   DataSourceInitializationConfiguration matched:
      - @ConditionalOnClass found required class 'org.springframework.jdbc.datasource.init.DatabasePopulator' (OnClassCondition)
      - @ConditionalOnSingleCandidate (types: javax.sql.DataSource; SearchStrategy: all) found a single bean 'dataSource'; @ConditionalOnMissingBean (types: org.springframework.boot.autoconfigure.sql.init.SqlDataSourceScriptDatabaseInitializer,org.springframework.boot.autoconfigure.sql.init.SqlR2dbcScriptDatabaseInitializer; SearchStrategy: all) did not find any beans (OnBeanCondition)

   DataSourceJmxConfiguration matched:
      - @ConditionalOnProperty (spring.jmx.enabled=true) matched (OnPropertyCondition)

   DataSourceJmxConfiguration.Hikari matched:
      - @ConditionalOnClass found required class 'com.zaxxer.hikari.HikariDataSource' (OnClassCondition)
      - @ConditionalOnSingleCandidate (types: javax.sql.DataSource; SearchStrategy: all) found a single bean 'dataSource' (OnBeanCondition)

   DataSourcePoolMetadataProvidersConfiguration.HikariPoolDataSourceMetadataProviderConfiguration matched:
      - @ConditionalOnClass found required class 'com.zaxxer.hikari.HikariDataSource' (OnClassCondition)

   DataSourcePoolMetricsAutoConfiguration matched:
      - @ConditionalOnClass found required classes 'javax.sql.DataSource', 'io.micrometer.core.instrument.MeterRegistry' (OnClassCondition)
      - @ConditionalOnBean (types: javax.sql.DataSource,io.micrometer.core.instrument.MeterRegistry; SearchStrategy: all) found beans 'simpleMeterRegistry', 'dataSource' (OnBeanCondition)

   DataSourcePoolMetricsAutoConfiguration.DataSourcePoolMetadataMetricsConfiguration matched:
      - @ConditionalOnBean (types: org.springframework.boot.jdbc.metadata.DataSourcePoolMetadataProvider; SearchStrategy: all) found bean 'hikariPoolDataSourceMetadataProvider' (OnBeanCondition)

   DataSourcePoolMetricsAutoConfiguration.HikariDataSourceMetricsConfiguration matched:
      - @ConditionalOnClass found required class 'com.zaxxer.hikari.HikariDataSource' (OnClassCondition)

   DataSourceTransactionManagerAutoConfiguration matched:
      - @ConditionalOnClass found required classes 'org.springframework.jdbc.core.JdbcTemplate', 'org.springframework.transaction.TransactionManager' (OnClassCondition)

   DataSourceTransactionManagerAutoConfiguration.JdbcTransactionManagerConfiguration matched:
      - @ConditionalOnSingleCandidate (types: javax.sql.DataSource; SearchStrategy: all) found a single bean 'dataSource' (OnBeanCondition)

   DiskSpaceHealthContributorAutoConfiguration matched:
      - @ConditionalOnEnabledHealthIndicator management.health.defaults.enabled is considered true (OnEnabledHealthIndicatorCondition)

   DiskSpaceHealthContributorAutoConfiguration#diskSpaceHealthIndicator matched:
      - @ConditionalOnMissingBean (names: diskSpaceHealthIndicator; SearchStrategy: all) did not find any beans (OnBeanCondition)

   DispatcherServletAutoConfiguration matched:
      - @ConditionalOnClass found required class 'org.springframework.web.servlet.DispatcherServlet' (OnClassCondition)
      - found 'session' scope (OnWebApplicationCondition)

   DispatcherServletAutoConfiguration.DispatcherServletConfiguration matched:
      - @ConditionalOnClass found required class 'jakarta.servlet.ServletRegistration' (OnClassCondition)
      - Default DispatcherServlet did not find dispatcher servlet beans (DispatcherServletAutoConfiguration.DefaultDispatcherServletCondition)

   DispatcherServletAutoConfiguration.DispatcherServletRegistrationConfiguration matched:
      - @ConditionalOnClass found required class 'jakarta.servlet.ServletRegistration' (OnClassCondition)
      - DispatcherServlet Registration did not find servlet registration bean (DispatcherServletAutoConfiguration.DispatcherServletRegistrationCondition)

   DispatcherServletAutoConfiguration.DispatcherServletRegistrationConfiguration#dispatcherServletRegistration matched:
      - @ConditionalOnBean (names: dispatcherServlet types: org.springframework.web.servlet.DispatcherServlet; SearchStrategy: all) found bean 'dispatcherServlet' (OnBeanCondition)

   EmbeddedWebServerFactoryCustomizerAutoConfiguration matched:
      - @ConditionalOnWebApplication (required) found 'session' scope (OnWebApplicationCondition)
      - @ConditionalOnWarDeployment the application is not deployed as a WAR file. (OnWarDeploymentCondition)

   EmbeddedWebServerFactoryCustomizerAutoConfiguration.TomcatWebServerFactoryCustomizerConfiguration matched:
      - @ConditionalOnClass found required classes 'org.apache.catalina.startup.Tomcat', 'org.apache.coyote.UpgradeProtocol' (OnClassCondition)

   EndpointAutoConfiguration#endpointCachingOperationInvokerAdvisor matched:
      - @ConditionalOnMissingBean (types: org.springframework.boot.actuate.endpoint.invoker.cache.CachingOperationInvokerAdvisor; SearchStrategy: all) did not find any beans (OnBeanCondition)

   EndpointAutoConfiguration#endpointOperationParameterMapper matched:
      - @ConditionalOnMissingBean (types: org.springframework.boot.actuate.endpoint.invoke.ParameterValueMapper; SearchStrategy: all) did not find any beans (OnBeanCondition)

   ErrorMvcAutoConfiguration matched:
      - @ConditionalOnClass found required classes 'jakarta.servlet.Servlet', 'org.springframework.web.servlet.DispatcherServlet' (OnClassCondition)
      - found 'session' scope (OnWebApplicationCondition)

   ErrorMvcAutoConfiguration#basicErrorController matched:
      - @ConditionalOnMissingBean (types: org.springframework.boot.web.servlet.error.ErrorController; SearchStrategy: current) did not find any beans (OnBeanCondition)

   ErrorMvcAutoConfiguration#errorAttributes matched:
      - @ConditionalOnMissingBean (types: org.springframework.boot.web.servlet.error.ErrorAttributes; SearchStrategy: current) did not find any beans (OnBeanCondition)

   ErrorMvcAutoConfiguration.DefaultErrorViewResolverConfiguration#conventionErrorViewResolver matched:
      - @ConditionalOnBean (types: org.springframework.web.servlet.DispatcherServlet; SearchStrategy: all) found bean 'dispatcherServlet'; @ConditionalOnMissingBean (types: org.springframework.boot.autoconfigure.web.servlet.error.ErrorViewResolver; SearchStrategy: all) did not find any beans (OnBeanCondition)

   ErrorMvcAutoConfiguration.WhitelabelErrorViewConfiguration matched:
      - @ConditionalOnProperty (server.error.whitelabel.enabled) matched (OnPropertyCondition)
      - ErrorTemplate Missing did not find error template view (ErrorMvcAutoConfiguration.ErrorTemplateMissingCondition)

   ErrorMvcAutoConfiguration.WhitelabelErrorViewConfiguration#beanNameViewResolver matched:
      - @ConditionalOnMissingBean (types: org.springframework.web.servlet.view.BeanNameViewResolver; SearchStrategy: all) did not find any beans (OnBeanCondition)

   ErrorMvcAutoConfiguration.WhitelabelErrorViewConfiguration#defaultErrorView matched:
      - @ConditionalOnMissingBean (names: error; SearchStrategy: all) did not find any beans (OnBeanCondition)

   FeignAutoConfiguration matched:
      - @ConditionalOnClass found required class 'feign.Feign' (OnClassCondition)

   FeignAutoConfiguration.DefaultFeignTargeterConfiguration matched:
      - AnyNestedCondition 1 matched 1 did not; NestedCondition on FeignCircuitBreakerDisabledConditions.CircuitBreakerDisabled @ConditionalOnProperty (spring.cloud.openfeign.circuitbreaker.enabled=false) matched; NestedCondition on FeignCircuitBreakerDisabledConditions.CircuitBreakerClassMissing @ConditionalOnMissingClass found unwanted class 'org.springframework.cloud.client.circuitbreaker.CircuitBreaker' (FeignCircuitBreakerDisabledConditions)

   FeignAutoConfiguration.DefaultFeignTargeterConfiguration#feignTargeter matched:
      - @ConditionalOnMissingBean (types: org.springframework.cloud.openfeign.Targeter; SearchStrategy: all) did not find any beans (OnBeanCondition)

   FeignAutoConfiguration.FeignJacksonConfiguration matched:
      - @ConditionalOnClass found required classes 'com.fasterxml.jackson.databind.Module', 'org.springframework.data.domain.Page', 'org.springframework.data.domain.Sort' (OnClassCondition)
      - @ConditionalOnProperty (spring.cloud.openfeign.autoconfiguration.jackson.enabled=true) matched (OnPropertyCondition)

   FeignAutoConfiguration.FeignJacksonConfiguration#pageJacksonModule matched:
      - @ConditionalOnMissingBean (types: org.springframework.cloud.openfeign.support.PageJacksonModule; SearchStrategy: all) did not find any beans (OnBeanCondition)

   FeignAutoConfiguration.FeignJacksonConfiguration#sortModule matched:
      - @ConditionalOnMissingBean (types: org.springframework.cloud.openfeign.support.SortJacksonModule; SearchStrategy: all) did not find any beans (OnBeanCondition)

   GenericCacheConfiguration matched:
      - Cache org.springframework.boot.autoconfigure.cache.GenericCacheConfiguration automatic cache type (CacheCondition)

   HealthContributorAutoConfiguration#pingHealthContributor matched:
      - @ConditionalOnEnabledHealthIndicator management.health.defaults.enabled is considered true (OnEnabledHealthIndicatorCondition)

   HealthEndpointAutoConfiguration matched:
      - @ConditionalOnAvailableEndpoint marked as exposed by a 'management.endpoints.web.exposure' property (OnAvailableEndpointCondition)

   HealthEndpointConfiguration#healthContributorRegistry matched:
      - @ConditionalOnMissingBean (types: org.springframework.boot.actuate.health.HealthContributorRegistry; SearchStrategy: all) did not find any beans (OnBeanCondition)

   HealthEndpointConfiguration#healthEndpoint matched:
      - @ConditionalOnMissingBean (types: org.springframework.boot.actuate.health.HealthEndpoint; SearchStrategy: all) did not find any beans (OnBeanCondition)

   HealthEndpointConfiguration#healthEndpointGroupMembershipValidator matched:
      - @ConditionalOnProperty (management.endpoint.health.validate-group-membership=true) matched (OnPropertyCondition)

   HealthEndpointConfiguration#healthEndpointGroups matched:
      - @ConditionalOnMissingBean (types: org.springframework.boot.actuate.health.HealthEndpointGroups; SearchStrategy: all) did not find any beans (OnBeanCondition)

   HealthEndpointConfiguration#healthHttpCodeStatusMapper matched:
      - @ConditionalOnMissingBean (types: org.springframework.boot.actuate.health.HttpCodeStatusMapper; SearchStrategy: all) did not find any beans (OnBeanCondition)

   HealthEndpointConfiguration#healthStatusAggregator matched:
      - @ConditionalOnMissingBean (types: org.springframework.boot.actuate.health.StatusAggregator; SearchStrategy: all) did not find any beans (OnBeanCondition)

   HealthEndpointWebExtensionConfiguration matched:
      - found 'session' scope (OnWebApplicationCondition)
      - @ConditionalOnAvailableEndpoint marked as exposed by a 'management.endpoints.web.exposure' property (OnAvailableEndpointCondition)
      - @ConditionalOnBean (types: org.springframework.boot.actuate.health.HealthEndpoint; SearchStrategy: all) found bean 'healthEndpoint' (OnBeanCondition)

   HealthEndpointWebExtensionConfiguration#healthEndpointWebExtension matched:
      - @ConditionalOnMissingBean (types: org.springframework.boot.actuate.health.HealthEndpointWebExtension; SearchStrategy: all) did not find any beans (OnBeanCondition)

   HealthEndpointWebExtensionConfiguration.MvcAdditionalHealthEndpointPathsConfiguration matched:
      - @ConditionalOnAvailableEndpoint marked as exposed by a 'management.endpoints.web.exposure' property (OnAvailableEndpointCondition)
      - @ConditionalOnBean (types: org.springframework.web.servlet.DispatcherServlet; SearchStrategy: all) found bean 'dispatcherServlet' (OnBeanCondition)

   HibernateJpaAutoConfiguration matched:
      - @ConditionalOnClass found required classes 'org.springframework.orm.jpa.LocalContainerEntityManagerFactoryBean', 'jakarta.persistence.EntityManager', 'org.hibernate.engine.spi.SessionImplementor' (OnClassCondition)

   HibernateJpaConfiguration matched:
      - @ConditionalOnSingleCandidate (types: javax.sql.DataSource; SearchStrategy: all) found a single bean 'dataSource' (OnBeanCondition)

   HttpClientObservationsAutoConfiguration matched:
      - @ConditionalOnClass found required class 'io.micrometer.observation.Observation' (OnClassCondition)
      - @ConditionalOnBean (types: io.micrometer.observation.ObservationRegistry; SearchStrategy: all) found bean 'observationRegistry' (OnBeanCondition)

   HttpClientObservationsAutoConfiguration.MeterFilterConfiguration matched:
      - @ConditionalOnClass found required class 'io.micrometer.core.instrument.MeterRegistry' (OnClassCondition)
      - @ConditionalOnBean (types: io.micrometer.core.instrument.MeterRegistry; SearchStrategy: all) found bean 'simpleMeterRegistry' (OnBeanCondition)

   HttpEncodingAutoConfiguration matched:
      - @ConditionalOnClass found required class 'org.springframework.web.filter.CharacterEncodingFilter' (OnClassCondition)
      - found 'session' scope (OnWebApplicationCondition)
      - @ConditionalOnProperty (server.servlet.encoding.enabled) matched (OnPropertyCondition)

   HttpEncodingAutoConfiguration#characterEncodingFilter matched:
      - @ConditionalOnMissingBean (types: org.springframework.web.filter.CharacterEncodingFilter; SearchStrategy: all) did not find any beans (OnBeanCondition)

   HttpMessageConvertersAutoConfiguration matched:
      - @ConditionalOnClass found required class 'org.springframework.http.converter.HttpMessageConverter' (OnClassCondition)
      - NoneNestedConditions 0 matched 1 did not; NestedCondition on HttpMessageConvertersAutoConfiguration.NotReactiveWebApplicationCondition.ReactiveWebApplication did not find reactive web application classes (HttpMessageConvertersAutoConfiguration.NotReactiveWebApplicationCondition)

   HttpMessageConvertersAutoConfiguration#messageConverters matched:
      - @ConditionalOnMissingBean (types: org.springframework.boot.autoconfigure.http.HttpMessageConverters; SearchStrategy: all) did not find any beans (OnBeanCondition)

   HttpMessageConvertersAutoConfiguration.StringHttpMessageConverterConfiguration matched:
      - @ConditionalOnClass found required class 'org.springframework.http.converter.StringHttpMessageConverter' (OnClassCondition)

   HttpMessageConvertersAutoConfiguration.StringHttpMessageConverterConfiguration#stringHttpMessageConverter matched:
      - @ConditionalOnMissingBean (types: org.springframework.http.converter.StringHttpMessageConverter; SearchStrategy: all) did not find any beans (OnBeanCondition)

   JacksonAutoConfiguration matched:
      - @ConditionalOnClass found required class 'com.fasterxml.jackson.databind.ObjectMapper' (OnClassCondition)

   JacksonAutoConfiguration.Jackson2ObjectMapperBuilderCustomizerConfiguration matched:
      - @ConditionalOnClass found required class 'org.springframework.http.converter.json.Jackson2ObjectMapperBuilder' (OnClassCondition)

   JacksonAutoConfiguration.JacksonObjectMapperBuilderConfiguration matched:
      - @ConditionalOnClass found required class 'org.springframework.http.converter.json.Jackson2ObjectMapperBuilder' (OnClassCondition)

   JacksonAutoConfiguration.JacksonObjectMapperBuilderConfiguration#jacksonObjectMapperBuilder matched:
      - @ConditionalOnMissingBean (types: org.springframework.http.converter.json.Jackson2ObjectMapperBuilder; SearchStrategy: all) did not find any beans (OnBeanCondition)

   JacksonAutoConfiguration.JacksonObjectMapperConfiguration matched:
      - @ConditionalOnClass found required class 'org.springframework.http.converter.json.Jackson2ObjectMapperBuilder' (OnClassCondition)

   JacksonAutoConfiguration.JacksonObjectMapperConfiguration#jacksonObjectMapper matched:
      - @ConditionalOnMissingBean (types: com.fasterxml.jackson.databind.ObjectMapper; SearchStrategy: all) did not find any beans (OnBeanCondition)

   JacksonAutoConfiguration.ParameterNamesModuleConfiguration matched:
      - @ConditionalOnClass found required class 'com.fasterxml.jackson.module.paramnames.ParameterNamesModule' (OnClassCondition)

   JacksonAutoConfiguration.ParameterNamesModuleConfiguration#parameterNamesModule matched:
      - @ConditionalOnMissingBean (types: com.fasterxml.jackson.module.paramnames.ParameterNamesModule; SearchStrategy: all) did not find any beans (OnBeanCondition)

   JacksonEndpointAutoConfiguration#endpointObjectMapper matched:
      - @ConditionalOnClass found required classes 'com.fasterxml.jackson.databind.ObjectMapper', 'org.springframework.http.converter.json.Jackson2ObjectMapperBuilder' (OnClassCondition)
      - @ConditionalOnProperty (management.endpoints.jackson.isolated-object-mapper) matched (OnPropertyCondition)

   JacksonHttpMessageConvertersConfiguration.MappingJackson2HttpMessageConverterConfiguration matched:
      - @ConditionalOnClass found required class 'com.fasterxml.jackson.databind.ObjectMapper' (OnClassCondition)
      - @ConditionalOnProperty (spring.mvc.converters.preferred-json-mapper=jackson) matched (OnPropertyCondition)
      - @ConditionalOnBean (types: com.fasterxml.jackson.databind.ObjectMapper; SearchStrategy: all) found bean 'jacksonObjectMapper' (OnBeanCondition)

   JacksonHttpMessageConvertersConfiguration.MappingJackson2HttpMessageConverterConfiguration#mappingJackson2HttpMessageConverter matched:
      - @ConditionalOnMissingBean (types: org.springframework.http.converter.json.MappingJackson2HttpMessageConverter ignored: org.springframework.hateoas.server.mvc.TypeConstrainedMappingJackson2HttpMessageConverter,org.springframework.data.rest.webmvc.alps.AlpsJsonHttpMessageConverter; SearchStrategy: all) did not find any beans (OnBeanCondition)

   JdbcClientAutoConfiguration matched:
      - @ConditionalOnSingleCandidate (types: org.springframework.jdbc.core.namedparam.NamedParameterJdbcTemplate; SearchStrategy: all) found a single bean 'namedParameterJdbcTemplate'; @ConditionalOnMissingBean (types: org.springframework.jdbc.core.simple.JdbcClient; SearchStrategy: all) did not find any beans (OnBeanCondition)

   JdbcTemplateAutoConfiguration matched:
      - @ConditionalOnClass found required classes 'javax.sql.DataSource', 'org.springframework.jdbc.core.JdbcTemplate' (OnClassCondition)
      - @ConditionalOnSingleCandidate (types: javax.sql.DataSource; SearchStrategy: all) found a single bean 'dataSource' (OnBeanCondition)

   JdbcTemplateConfiguration matched:
      - @ConditionalOnMissingBean (types: org.springframework.jdbc.core.JdbcOperations; SearchStrategy: all) did not find any beans (OnBeanCondition)

   JpaBaseConfiguration#entityManagerFactory matched:
      - @ConditionalOnMissingBean (types: org.springframework.orm.jpa.LocalContainerEntityManagerFactoryBean,jakarta.persistence.EntityManagerFactory; SearchStrategy: all) did not find any beans (OnBeanCondition)

   JpaBaseConfiguration#entityManagerFactoryBuilder matched:
      - @ConditionalOnMissingBean (types: org.springframework.boot.orm.jpa.EntityManagerFactoryBuilder; SearchStrategy: all) did not find any beans (OnBeanCondition)

   JpaBaseConfiguration#jpaVendorAdapter matched:
      - @ConditionalOnMissingBean (types: org.springframework.orm.jpa.JpaVendorAdapter; SearchStrategy: all) did not find any beans (OnBeanCondition)

   JpaBaseConfiguration#transactionManager matched:
      - @ConditionalOnMissingBean (types: org.springframework.transaction.TransactionManager; SearchStrategy: all) did not find any beans (OnBeanCondition)

   JpaBaseConfiguration.JpaWebConfiguration matched:
      - @ConditionalOnClass found required class 'org.springframework.web.servlet.config.annotation.WebMvcConfigurer' (OnClassCondition)
      - found 'session' scope (OnWebApplicationCondition)
      - @ConditionalOnProperty (spring.jpa.open-in-view=true) matched (OnPropertyCondition)
      - @ConditionalOnMissingBean (types: org.springframework.orm.jpa.support.OpenEntityManagerInViewInterceptor,org.springframework.orm.jpa.support.OpenEntityManagerInViewFilter; SearchStrategy: all) did not find any beans (OnBeanCondition)

   JpaBaseConfiguration.PersistenceManagedTypesConfiguration matched:
      - @ConditionalOnMissingBean (types: org.springframework.orm.jpa.LocalContainerEntityManagerFactoryBean,jakarta.persistence.EntityManagerFactory; SearchStrategy: all) did not find any beans (OnBeanCondition)

   JpaBaseConfiguration.PersistenceManagedTypesConfiguration#persistenceManagedTypes matched:
      - @ConditionalOnMissingBean (types: org.springframework.orm.jpa.persistenceunit.PersistenceManagedTypes; SearchStrategy: all) did not find any beans (OnBeanCondition)

   JpaRepositoriesAutoConfiguration matched:
      - @ConditionalOnClass found required class 'org.springframework.data.jpa.repository.JpaRepository' (OnClassCondition)
      - @ConditionalOnProperty (spring.data.jpa.repositories.enabled=true) matched (OnPropertyCondition)
      - @ConditionalOnBean (types: javax.sql.DataSource; SearchStrategy: all) found bean 'dataSource'; @ConditionalOnMissingBean (types: org.springframework.data.jpa.repository.support.JpaRepositoryFactoryBean,org.springframework.data.jpa.repository.config.JpaRepositoryConfigExtension; SearchStrategy: all) did not find any beans (OnBeanCondition)

   JtaAutoConfiguration matched:
      - @ConditionalOnClass found required class 'jakarta.transaction.Transaction' (OnClassCondition)
      - @ConditionalOnProperty (spring.jta.enabled) matched (OnPropertyCondition)

   JvmMetricsAutoConfiguration matched:
      - @ConditionalOnClass found required class 'io.micrometer.core.instrument.MeterRegistry' (OnClassCondition)
      - @ConditionalOnBean (types: io.micrometer.core.instrument.MeterRegistry; SearchStrategy: all) found bean 'simpleMeterRegistry' (OnBeanCondition)

   JvmMetricsAutoConfiguration#classLoaderMetrics matched:
      - @ConditionalOnMissingBean (types: io.micrometer.core.instrument.binder.jvm.ClassLoaderMetrics; SearchStrategy: all) did not find any beans (OnBeanCondition)

   JvmMetricsAutoConfiguration#jvmCompilationMetrics matched:
      - @ConditionalOnMissingBean (types: io.micrometer.core.instrument.binder.jvm.JvmCompilationMetrics; SearchStrategy: all) did not find any beans (OnBeanCondition)

   JvmMetricsAutoConfiguration#jvmGcMetrics matched:
      - @ConditionalOnMissingBean (types: io.micrometer.core.instrument.binder.jvm.JvmGcMetrics; SearchStrategy: all) did not find any beans (OnBeanCondition)

   JvmMetricsAutoConfiguration#jvmHeapPressureMetrics matched:
      - @ConditionalOnMissingBean (types: io.micrometer.core.instrument.binder.jvm.JvmHeapPressureMetrics; SearchStrategy: all) did not find any beans (OnBeanCondition)

   JvmMetricsAutoConfiguration#jvmInfoMetrics matched:
      - @ConditionalOnMissingBean (types: io.micrometer.core.instrument.binder.jvm.JvmInfoMetrics; SearchStrategy: all) did not find any beans (OnBeanCondition)

   JvmMetricsAutoConfiguration#jvmMemoryMetrics matched:
      - @ConditionalOnMissingBean (types: io.micrometer.core.instrument.binder.jvm.JvmMemoryMetrics; SearchStrategy: all) did not find any beans (OnBeanCondition)

   JvmMetricsAutoConfiguration#jvmThreadMetrics matched:
      - @ConditionalOnMissingBean (types: io.micrometer.core.instrument.binder.jvm.JvmThreadMetrics; SearchStrategy: all) did not find any beans (OnBeanCondition)

   LifecycleAutoConfiguration#defaultLifecycleProcessor matched:
      - @ConditionalOnMissingBean (names: lifecycleProcessor; SearchStrategy: current) did not find any beans (OnBeanCondition)

   LifecycleMvcEndpointAutoConfiguration#environmentManager matched:
      - @ConditionalOnMissingBean (types: org.springframework.cloud.context.environment.EnvironmentManager; SearchStrategy: all) did not find any beans (OnBeanCondition)

   LogbackMetricsAutoConfiguration matched:
      - @ConditionalOnClass found required classes 'io.micrometer.core.instrument.MeterRegistry', 'ch.qos.logback.classic.LoggerContext', 'org.slf4j.LoggerFactory' (OnClassCondition)
      - LogbackLoggingCondition ILoggerFactory is a Logback LoggerContext (LogbackMetricsAutoConfiguration.LogbackLoggingCondition)
      - @ConditionalOnBean (types: io.micrometer.core.instrument.MeterRegistry; SearchStrategy: all) found bean 'simpleMeterRegistry' (OnBeanCondition)

   LogbackMetricsAutoConfiguration#logbackMetrics matched:
      - @ConditionalOnMissingBean (types: io.micrometer.core.instrument.binder.logging.LogbackMetrics; SearchStrategy: all) did not find any beans (OnBeanCondition)

   ManagementContextAutoConfiguration.SameManagementContextConfiguration matched:
      - Management Port actual port type (SAME) matched required type (OnManagementPortCondition)

   MetricsAspectsAutoConfiguration matched:
      - @ConditionalOnClass found required classes 'io.micrometer.core.instrument.MeterRegistry', 'org.aspectj.weaver.Advice' (OnClassCondition)
      - @ConditionalOnBean (types: io.micrometer.core.instrument.MeterRegistry; SearchStrategy: all) found bean 'simpleMeterRegistry' (OnBeanCondition)

   MetricsAspectsAutoConfiguration#countedAspect matched:
      - @ConditionalOnMissingBean (types: io.micrometer.core.aop.CountedAspect; SearchStrategy: all) did not find any beans (OnBeanCondition)

   MetricsAspectsAutoConfiguration#timedAspect matched:
      - @ConditionalOnMissingBean (types: io.micrometer.core.aop.TimedAspect; SearchStrategy: all) did not find any beans (OnBeanCondition)

   MetricsAutoConfiguration matched:
      - @ConditionalOnClass found required class 'io.micrometer.core.annotation.Timed' (OnClassCondition)

   MetricsAutoConfiguration#micrometerClock matched:
      - @ConditionalOnMissingBean (types: io.micrometer.core.instrument.Clock; SearchStrategy: all) did not find any beans (OnBeanCondition)

   MultipartAutoConfiguration matched:
      - @ConditionalOnClass found required classes 'jakarta.servlet.Servlet', 'org.springframework.web.multipart.support.StandardServletMultipartResolver', 'jakarta.servlet.MultipartConfigElement' (OnClassCondition)
      - found 'session' scope (OnWebApplicationCondition)
      - @ConditionalOnProperty (spring.servlet.multipart.enabled) matched (OnPropertyCondition)

   MultipartAutoConfiguration#multipartConfigElement matched:
      - @ConditionalOnMissingBean (types: jakarta.servlet.MultipartConfigElement; SearchStrategy: all) did not find any beans (OnBeanCondition)

   MultipartAutoConfiguration#multipartResolver matched:
      - @ConditionalOnMissingBean (types: org.springframework.web.multipart.MultipartResolver; SearchStrategy: all) did not find any beans (OnBeanCondition)

   NamedParameterJdbcTemplateConfiguration matched:
      - @ConditionalOnSingleCandidate (types: org.springframework.jdbc.core.JdbcTemplate; SearchStrategy: all) found a single bean 'jdbcTemplate'; @ConditionalOnMissingBean (types: org.springframework.jdbc.core.namedparam.NamedParameterJdbcOperations; SearchStrategy: all) did not find any beans (OnBeanCondition)

   NoOpCacheConfiguration matched:
      - Cache org.springframework.boot.autoconfigure.cache.NoOpCacheConfiguration automatic cache type (CacheCondition)

   ObservationAutoConfiguration matched:
      - @ConditionalOnClass found required class 'io.micrometer.observation.ObservationRegistry' (OnClassCondition)

   ObservationAutoConfiguration#observationRegistry matched:
      - @ConditionalOnMissingBean (types: io.micrometer.observation.ObservationRegistry; SearchStrategy: all) did not find any beans (OnBeanCondition)

   ObservationAutoConfiguration.MeterObservationHandlerConfiguration matched:
      - @ConditionalOnBean (types: io.micrometer.core.instrument.MeterRegistry; SearchStrategy: all) found bean 'simpleMeterRegistry'; @ConditionalOnMissingBean (types: io.micrometer.core.instrument.observation.MeterObservationHandler; SearchStrategy: all) did not find any beans (OnBeanCondition)

   ObservationAutoConfiguration.MeterObservationHandlerConfiguration.OnlyMetricsMeterObservationHandlerConfiguration matched:
      - @ConditionalOnMissingBean (types: io.micrometer.tracing.Tracer; SearchStrategy: all) did not find any beans (OnBeanCondition)

   ObservationAutoConfiguration.ObservedAspectConfiguration matched:
      - @ConditionalOnClass found required class 'org.aspectj.weaver.Advice' (OnClassCondition)

   ObservationAutoConfiguration.ObservedAspectConfiguration#observedAspect matched:
      - @ConditionalOnMissingBean (types: io.micrometer.observation.aop.ObservedAspect; SearchStrategy: all) did not find any beans (OnBeanCondition)

   ObservationAutoConfiguration.OnlyMetricsConfiguration matched:
      - @ConditionalOnClass found required class 'io.micrometer.core.instrument.MeterRegistry'; @ConditionalOnMissingClass did not find unwanted class 'io.micrometer.tracing.Tracer' (OnClassCondition)

   PersistenceExceptionTranslationAutoConfiguration matched:
      - @ConditionalOnClass found required class 'org.springframework.dao.annotation.PersistenceExceptionTranslationPostProcessor' (OnClassCondition)

   PersistenceExceptionTranslationAutoConfiguration#persistenceExceptionTranslationPostProcessor matched:
      - @ConditionalOnProperty (spring.dao.exceptiontranslation.enabled) matched (OnPropertyCondition)
      - @ConditionalOnMissingBean (types: org.springframework.dao.annotation.PersistenceExceptionTranslationPostProcessor; SearchStrategy: all) did not find any beans (OnBeanCondition)

   PropertyPlaceholderAutoConfiguration#propertySourcesPlaceholderConfigurer matched:
      - @ConditionalOnMissingBean (types: org.springframework.context.support.PropertySourcesPlaceholderConfigurer; SearchStrategy: current) did not find any beans (OnBeanCondition)

   RefreshAutoConfiguration matched:
      - @ConditionalOnClass found required class 'org.springframework.cloud.context.scope.refresh.RefreshScope' (OnClassCondition)
      - @ConditionalOnProperty (spring.cloud.refresh.enabled) matched (OnPropertyCondition)

   RefreshAutoConfiguration#configDataContextRefresher matched:
      - @ConditionalOnMissingBean (types: org.springframework.cloud.context.refresh.ConfigDataContextRefresher; SearchStrategy: all) did not find any beans (OnBeanCondition)
      - NoneNestedConditions 0 matched 3 did not; NestedCondition on ConditionalOnBootstrapDisabled.OnBootstrapDisabledCondition.OnBootstrapEnabled @ConditionalOnProperty (spring.cloud.bootstrap.enabled) did not find property 'spring.cloud.bootstrap.enabled'; NestedCondition on ConditionalOnBootstrapDisabled.OnBootstrapDisabledCondition.OnUseLegacyProcessingEnabled @ConditionalOnProperty (spring.config.use-legacy-processing) did not find property 'spring.config.use-legacy-processing'; NestedCondition on ConditionalOnBootstrapDisabled.OnBootstrapDisabledCondition.OnBootstrapMarkerClassPresent @ConditionalOnClass did not find required class 'org.springframework.cloud.bootstrap.marker.Marker' (ConditionalOnBootstrapDisabled.OnBootstrapDisabledCondition)

   RefreshAutoConfiguration#loggingRebinder matched:
      - @ConditionalOnMissingBean (types: org.springframework.cloud.logging.LoggingRebinder; SearchStrategy: all) did not find any beans (OnBeanCondition)

   RefreshAutoConfiguration#refreshScope matched:
      - @ConditionalOnMissingBean (types: org.springframework.cloud.context.scope.refresh.RefreshScope; SearchStrategy: all) did not find any beans (OnBeanCondition)

   RefreshAutoConfiguration#refreshScopeLifecycle matched:
      - @ConditionalOnProperty (spring.cloud.refresh.on-restart.enabled) matched (OnPropertyCondition)

   RefreshEndpointAutoConfiguration matched:
      - @ConditionalOnClass found required classes 'org.springframework.boot.actuate.autoconfigure.endpoint.EndpointAutoConfiguration', 'org.springframework.boot.actuate.health.Health' (OnClassCondition)

   RefreshEndpointAutoConfiguration#refreshScopeHealthIndicator matched:
      - @ConditionalOnMissingBean (types: org.springframework.cloud.health.RefreshScopeHealthIndicator; SearchStrategy: all) did not find any beans (OnBeanCondition)
      - @ConditionalOnEnabledHealthIndicator management.health.defaults.enabled is considered true (OnEnabledHealthIndicatorCondition)

   RepositoryMetricsAutoConfiguration matched:
      - @ConditionalOnClass found required class 'org.springframework.data.repository.Repository' (OnClassCondition)
      - @ConditionalOnBean (types: io.micrometer.core.instrument.MeterRegistry; SearchStrategy: all) found bean 'simpleMeterRegistry' (OnBeanCondition)

   RepositoryMetricsAutoConfiguration#metricsRepositoryMethodInvocationListener matched:
      - @ConditionalOnMissingBean (types: org.springframework.boot.actuate.metrics.data.MetricsRepositoryMethodInvocationListener; SearchStrategy: all) did not find any beans (OnBeanCondition)

   RepositoryMetricsAutoConfiguration#repositoryTagsProvider matched:
      - @ConditionalOnMissingBean (types: org.springframework.boot.actuate.metrics.data.RepositoryTagsProvider; SearchStrategy: all) did not find any beans (OnBeanCondition)

   ResourceServerTokenRelayAutoConfiguration matched:
      - @ConditionalOnClass found required class 'org.springframework.web.servlet.config.annotation.WebMvcConfigurer' (OnClassCondition)
      - found 'session' scope (OnWebApplicationCondition)
      - @ConditionalOnProperty (spring.cloud.mvc.token-relay.enabled) matched (OnPropertyCondition)

   RestClientAutoConfiguration matched:
      - @ConditionalOnClass found required class 'org.springframework.web.client.RestClient' (OnClassCondition)
      - NoneNestedConditions 0 matched 1 did not; NestedCondition on NotReactiveWebApplicationCondition.ReactiveWebApplication did not find reactive web application classes (NotReactiveWebApplicationCondition)

   RestClientAutoConfiguration#httpMessageConvertersRestClientCustomizer matched:
      - @ConditionalOnMissingBean (types: org.springframework.boot.autoconfigure.web.client.HttpMessageConvertersRestClientCustomizer; SearchStrategy: all) did not find any beans (OnBeanCondition)

   RestClientAutoConfiguration#restClientBuilder matched:
      - @ConditionalOnMissingBean (types: org.springframework.web.client.RestClient$Builder; SearchStrategy: all) did not find any beans (OnBeanCondition)

   RestClientAutoConfiguration#restClientBuilderConfigurer matched:
      - @ConditionalOnMissingBean (types: org.springframework.boot.autoconfigure.web.client.RestClientBuilderConfigurer; SearchStrategy: all) did not find any beans (OnBeanCondition)

   RestClientAutoConfiguration#restClientSsl matched:
      - @ConditionalOnBean (types: org.springframework.boot.ssl.SslBundles; SearchStrategy: all) found bean 'sslBundleRegistry'; @ConditionalOnMissingBean (types: org.springframework.boot.autoconfigure.web.client.RestClientSsl; SearchStrategy: all) did not find any beans (OnBeanCondition)

   RestClientObservationConfiguration matched:
      - @ConditionalOnClass found required class 'org.springframework.web.client.RestClient' (OnClassCondition)
      - @ConditionalOnBean (types: org.springframework.web.client.RestClient$Builder; SearchStrategy: all) found bean 'restClientBuilder' (OnBeanCondition)

   RestTemplateAutoConfiguration matched:
      - @ConditionalOnClass found required class 'org.springframework.web.client.RestTemplate' (OnClassCondition)
      - NoneNestedConditions 0 matched 1 did not; NestedCondition on NotReactiveWebApplicationCondition.ReactiveWebApplication did not find reactive web application classes (NotReactiveWebApplicationCondition)

   RestTemplateAutoConfiguration#restTemplateBuilder matched:
      - @ConditionalOnMissingBean (types: org.springframework.boot.web.client.RestTemplateBuilder; SearchStrategy: all) did not find any beans (OnBeanCondition)

   RestTemplateObservationConfiguration matched:
      - @ConditionalOnClass found required class 'org.springframework.web.client.RestTemplate' (OnClassCondition)
      - @ConditionalOnBean (types: org.springframework.boot.web.client.RestTemplateBuilder; SearchStrategy: all) found bean 'restTemplateBuilder' (OnBeanCondition)

   RestartEndpointWithoutIntegrationConfiguration matched:
      - @ConditionalOnMissingClass did not find unwanted class 'org.springframework.integration.monitor.IntegrationMBeanExporter' (OnClassCondition)

   ScheduledTasksObservabilityAutoConfiguration matched:
      - @ConditionalOnClass found required class 'org.springframework.scheduling.concurrent.ThreadPoolTaskScheduler' (OnClassCondition)
      - @ConditionalOnBean (types: io.micrometer.observation.ObservationRegistry; SearchStrategy: all) found bean 'observationRegistry' (OnBeanCondition)

   SecurityAutoConfiguration matched:
      - @ConditionalOnClass found required class 'org.springframework.security.authentication.DefaultAuthenticationEventPublisher' (OnClassCondition)

   SecurityAutoConfiguration#authenticationEventPublisher matched:
      - @ConditionalOnMissingBean (types: org.springframework.security.authentication.AuthenticationEventPublisher; SearchStrategy: all) did not find any beans (OnBeanCondition)

   SecurityFilterAutoConfiguration matched:
      - @ConditionalOnClass found required classes 'org.springframework.security.web.context.AbstractSecurityWebApplicationInitializer', 'org.springframework.security.config.http.SessionCreationPolicy' (OnClassCondition)
      - found 'session' scope (OnWebApplicationCondition)

   SecurityFilterAutoConfiguration#securityFilterChainRegistration matched:
      - @ConditionalOnBean (names: springSecurityFilterChain; SearchStrategy: all) found bean 'springSecurityFilterChain' (OnBeanCondition)

   SecurityRequestMatchersManagementContextConfiguration matched:
      - @ConditionalOnClass found required class 'org.springframework.security.web.util.matcher.RequestMatcher' (OnClassCondition)
      - found 'session' scope (OnWebApplicationCondition)

   SecurityRequestMatchersManagementContextConfiguration.MvcRequestMatcherConfiguration matched:
      - @ConditionalOnClass found required class 'org.springframework.web.servlet.DispatcherServlet' (OnClassCondition)
      - @ConditionalOnBean (types: org.springframework.boot.autoconfigure.web.servlet.DispatcherServletPath; SearchStrategy: all) found bean 'dispatcherServletRegistration' (OnBeanCondition)

   SecurityRequestMatchersManagementContextConfiguration.MvcRequestMatcherConfiguration#requestMatcherProvider matched:
      - @ConditionalOnClass found required class 'org.springframework.web.servlet.DispatcherServlet' (OnClassCondition)
      - @ConditionalOnMissingBean (types: org.springframework.boot.autoconfigure.security.servlet.RequestMatcherProvider; SearchStrategy: all) did not find any beans (OnBeanCondition)

   ServletEndpointManagementContextConfiguration matched:
      - found 'session' scope (OnWebApplicationCondition)

   ServletEndpointManagementContextConfiguration.WebMvcServletEndpointManagementContextConfiguration matched:
      - @ConditionalOnClass found required class 'org.springframework.web.servlet.DispatcherServlet' (OnClassCondition)

   ServletManagementContextAutoConfiguration matched:
      - @ConditionalOnClass found required class 'jakarta.servlet.Servlet' (OnClassCondition)
      - found 'session' scope (OnWebApplicationCondition)

   ServletWebServerFactoryAutoConfiguration matched:
      - @ConditionalOnClass found required class 'jakarta.servlet.ServletRequest' (OnClassCondition)
      - found 'session' scope (OnWebApplicationCondition)

   ServletWebServerFactoryAutoConfiguration#tomcatServletWebServerFactoryCustomizer matched:
      - @ConditionalOnClass found required class 'org.apache.catalina.startup.Tomcat' (OnClassCondition)

   ServletWebServerFactoryConfiguration.EmbeddedTomcat matched:
      - @ConditionalOnClass found required classes 'jakarta.servlet.Servlet', 'org.apache.catalina.startup.Tomcat', 'org.apache.coyote.UpgradeProtocol' (OnClassCondition)
      - @ConditionalOnMissingBean (types: org.springframework.boot.web.servlet.server.ServletWebServerFactory; SearchStrategy: current) did not find any beans (OnBeanCondition)

   SimpleCacheConfiguration matched:
      - Cache org.springframework.boot.autoconfigure.cache.SimpleCacheConfiguration automatic cache type (CacheCondition)

   SimpleDiscoveryClientAutoConfiguration#simpleDiscoveryProperties matched:
      - @ConditionalOnMissingBean (types: org.springframework.cloud.client.discovery.simple.SimpleDiscoveryProperties; SearchStrategy: all) did not find any beans (OnBeanCondition)

   SimpleMetricsExportAutoConfiguration matched:
      - @ConditionalOnEnabledMetricsExport management.defaults.metrics.export.enabled is considered true (OnMetricsExportEnabledCondition)
      - @ConditionalOnBean (types: io.micrometer.core.instrument.Clock; SearchStrategy: all) found bean 'micrometerClock'; @ConditionalOnMissingBean (types: io.micrometer.core.instrument.MeterRegistry; SearchStrategy: all) did not find any beans (OnBeanCondition)

   SimpleMetricsExportAutoConfiguration#simpleConfig matched:
      - @ConditionalOnMissingBean (types: io.micrometer.core.instrument.simple.SimpleConfig; SearchStrategy: all) did not find any beans (OnBeanCondition)

   SpringBootWebSecurityConfiguration matched:
      - found 'session' scope (OnWebApplicationCondition)

   SpringDataWebAutoConfiguration matched:
      - @ConditionalOnClass found required classes 'org.springframework.data.web.PageableHandlerMethodArgumentResolver', 'org.springframework.web.servlet.config.annotation.WebMvcConfigurer' (OnClassCondition)
      - found 'session' scope (OnWebApplicationCondition)
      - @ConditionalOnMissingBean (types: org.springframework.data.web.PageableHandlerMethodArgumentResolver; SearchStrategy: all) did not find any beans (OnBeanCondition)

   SpringDataWebAutoConfiguration#pageableCustomizer matched:
      - @ConditionalOnMissingBean (types: org.springframework.data.web.config.PageableHandlerMethodArgumentResolverCustomizer; SearchStrategy: all) did not find any beans (OnBeanCondition)

   SpringDataWebAutoConfiguration#sortCustomizer matched:
      - @ConditionalOnMissingBean (types: org.springframework.data.web.config.SortHandlerMethodArgumentResolverCustomizer; SearchStrategy: all) did not find any beans (OnBeanCondition)

   SpringDocConfigProperties matched:
      - @ConditionalOnProperty (springdoc.api-docs.enabled) matched (OnPropertyCondition)
      - @ConditionalOnBean (types: org.springdoc.core.configuration.SpringDocConfiguration; SearchStrategy: all) found bean 'org.springdoc.core.configuration.SpringDocConfiguration' (OnBeanCondition)

   SpringDocConfiguration matched:
      - @ConditionalOnWebApplication (required) found 'session' scope (OnWebApplicationCondition)
      - @ConditionalOnProperty (springdoc.api-docs.enabled) matched (OnPropertyCondition)

   SpringDocConfiguration#fileSupportConverter matched:
      - @ConditionalOnMissingBean (types: org.springdoc.core.converters.FileSupportConverter; SearchStrategy: all) did not find any beans (OnBeanCondition)

   SpringDocConfiguration#openAPIBuilder matched:
      - @ConditionalOnMissingBean (types: org.springdoc.core.service.OpenAPIService; SearchStrategy: all) did not find any beans (OnBeanCondition)

   SpringDocConfiguration#operationBuilder matched:
      - @ConditionalOnMissingBean (types: org.springdoc.core.service.OperationService; SearchStrategy: all) did not find any beans (OnBeanCondition)

   SpringDocConfiguration#parameterBuilder matched:
      - @ConditionalOnMissingBean (types: org.springdoc.core.service.GenericParameterService; SearchStrategy: all) did not find any beans (OnBeanCondition)

   SpringDocConfiguration#polymorphicModelConverter matched:
      - @ConditionalOnProperty (springdoc.model-converters.polymorphic-converter.enabled) matched (OnPropertyCondition)
      - @ConditionalOnMissingBean (types: org.springdoc.core.converters.PolymorphicModelConverter; SearchStrategy: all) did not find any beans (OnBeanCondition)

   SpringDocConfiguration#requestBodyBuilder matched:
      - @ConditionalOnMissingBean (types: org.springdoc.core.service.RequestBodyService; SearchStrategy: all) did not find any beans (OnBeanCondition)

   SpringDocConfiguration#responseSupportConverter matched:
      - @ConditionalOnMissingBean (types: org.springdoc.core.converters.ResponseSupportConverter; SearchStrategy: all) did not find any beans (OnBeanCondition)

   SpringDocConfiguration#schemaPropertyDeprecatingConverter matched:
      - @ConditionalOnProperty (springdoc.model-converters.deprecating-converter.enabled) matched (OnPropertyCondition)
      - @ConditionalOnMissingBean (types: org.springdoc.core.converters.SchemaPropertyDeprecatingConverter; SearchStrategy: all) did not find any beans (OnBeanCondition)

   SpringDocConfiguration#securityParser matched:
      - @ConditionalOnMissingBean (types: org.springdoc.core.service.SecurityService; SearchStrategy: all) did not find any beans (OnBeanCondition)

   SpringDocConfiguration#springDocCustomizers matched:
      - @ConditionalOnMissingBean (types: org.springdoc.core.customizers.SpringDocCustomizers; SearchStrategy: all) did not find any beans (OnBeanCondition)

   SpringDocConfiguration#springDocProviders matched:
      - @ConditionalOnMissingBean (types: org.springdoc.core.providers.SpringDocProviders; SearchStrategy: all) did not find any beans (OnBeanCondition)

   SpringDocConfiguration#springdocObjectMapperProvider matched:
      - @ConditionalOnMissingBean (types: org.springdoc.core.providers.ObjectMapperProvider; SearchStrategy: all) did not find any beans (OnBeanCondition)

   SpringDocConfiguration.QuerydslProvider matched:
      - @ConditionalOnClass found required class 'org.springframework.data.querydsl.binding.QuerydslBindingsFactory' (OnClassCondition)

   SpringDocConfiguration.QuerydslProvider#queryDslQuerydslPredicateOperationCustomizer matched:
      - @ConditionalOnMissingBean (types: org.springdoc.core.customizers.QuerydslPredicateOperationCustomizer; SearchStrategy: all) did not find any beans (OnBeanCondition)

   SpringDocConfiguration.SpringDocSpringDataWebPropertiesProvider matched:
      - @ConditionalOnClass found required class 'org.springframework.boot.autoconfigure.data.web.SpringDataWebProperties' (OnClassCondition)

   SpringDocConfiguration.SpringDocSpringDataWebPropertiesProvider#springDataWebPropertiesProvider matched:
      - @ConditionalOnMissingBean (types: org.springdoc.core.providers.SpringDataWebPropertiesProvider; SearchStrategy: all) did not find any beans (OnBeanCondition)

   SpringDocConfiguration.WebConversionServiceConfiguration matched:
      - @ConditionalOnClass found required class 'org.springframework.boot.autoconfigure.web.format.WebConversionService' (OnClassCondition)

   SpringDocPageableConfiguration matched:
      - @ConditionalOnClass found required class 'org.springframework.data.domain.Pageable' (OnClassCondition)
      - @ConditionalOnWebApplication (required) found 'session' scope (OnWebApplicationCondition)
      - @ConditionalOnProperty (springdoc.api-docs.enabled) matched (OnPropertyCondition)
      - @ConditionalOnBean (types: org.springdoc.core.configuration.SpringDocConfiguration; SearchStrategy: all) found bean 'org.springdoc.core.configuration.SpringDocConfiguration' (OnBeanCondition)

   SpringDocPageableConfiguration#delegatingMethodParameterCustomizer matched:
      - @ConditionalOnMissingBean (types: org.springdoc.core.customizers.DelegatingMethodParameterCustomizer; SearchStrategy: all) did not find any beans (OnBeanCondition)

   SpringDocPageableConfiguration#pageableOpenAPIConverter matched:
      - @ConditionalOnProperty (springdoc.model-converters.pageable-converter.enabled) matched (OnPropertyCondition)
      - @ConditionalOnMissingBean (types: org.springdoc.core.converters.PageableOpenAPIConverter; SearchStrategy: all) did not find any beans (OnBeanCondition)

   SpringDocSecurityConfiguration matched:
      - @ConditionalOnClass found required class 'org.springframework.security.web.SecurityFilterChain' (OnClassCondition)
      - @ConditionalOnWebApplication (required) found 'session' scope (OnWebApplicationCondition)
      - @ConditionalOnExpression (#{${springdoc.api-docs.enabled:true} and ${springdoc.enable-spring-security:true}}) resulted in true (OnExpressionCondition)
      - @ConditionalOnBean (types: org.springdoc.core.configuration.SpringDocConfiguration; SearchStrategy: all) found bean 'org.springdoc.core.configuration.SpringDocConfiguration' (OnBeanCondition)

   SpringDocSecurityConfiguration.SpringSecurityLoginEndpointConfiguration matched:
      - @ConditionalOnClass found required class 'jakarta.servlet.Filter' (OnClassCondition)

   SpringDocSortConfiguration matched:
      - @ConditionalOnClass found required class 'org.springframework.data.domain.Sort' (OnClassCondition)
      - @ConditionalOnWebApplication (required) found 'session' scope (OnWebApplicationCondition)
      - @ConditionalOnProperty (springdoc.api-docs.enabled) matched (OnPropertyCondition)
      - @ConditionalOnBean (types: org.springdoc.core.configuration.SpringDocConfiguration; SearchStrategy: all) found bean 'org.springdoc.core.configuration.SpringDocConfiguration' (OnBeanCondition)

   SpringDocSortConfiguration#sortOpenAPIConverter matched:
      - @ConditionalOnProperty (springdoc.sort-converter.enabled) matched (OnPropertyCondition)
      - @ConditionalOnMissingBean (types: org.springdoc.core.converters.SortOpenAPIConverter; SearchStrategy: all) did not find any beans (OnBeanCondition)

   SpringDocUIConfiguration matched:
      - @ConditionalOnWebApplication (required) found 'session' scope (OnWebApplicationCondition)
      - @ConditionalOnBean (types: org.springdoc.core.configuration.SpringDocConfiguration; SearchStrategy: all) found bean 'org.springdoc.core.configuration.SpringDocConfiguration' (OnBeanCondition)

   SpringDocWebMvcConfiguration matched:
      - found 'session' scope (OnWebApplicationCondition)
      - @ConditionalOnProperty (springdoc.api-docs.enabled) matched (OnPropertyCondition)
      - @ConditionalOnBean (types: org.springdoc.core.configuration.SpringDocConfiguration; SearchStrategy: all) found bean 'org.springdoc.core.configuration.SpringDocConfiguration' (OnBeanCondition)

   SpringDocWebMvcConfiguration#openApiResource matched:
      - @ConditionalOnExpression (#{(${springdoc.use-management-port:false} == false ) and ${springdoc.enable-default-api-docs:true}}) resulted in true (OnExpressionCondition)
      - @ConditionalOnMissingBean (types: org.springdoc.webmvc.api.OpenApiWebMvcResource; SearchStrategy: all) did not find any beans (OnBeanCondition)

   SpringDocWebMvcConfiguration#requestBuilder matched:
      - @ConditionalOnMissingBean (types: org.springdoc.webmvc.core.service.RequestService; SearchStrategy: all) did not find any beans (OnBeanCondition)

   SpringDocWebMvcConfiguration#responseBuilder matched:
      - @ConditionalOnMissingBean (types: org.springdoc.core.service.GenericResponseService; SearchStrategy: all) did not find any beans (OnBeanCondition)

   SpringDocWebMvcConfiguration#springWebProvider matched:
      - @ConditionalOnMissingBean (types: org.springdoc.core.providers.SpringWebProvider; SearchStrategy: all) did not find any beans (OnBeanCondition)

   SpringDocWebMvcConfiguration.SpringDocWebMvcActuatorConfiguration matched:
      - @ConditionalOnClass found required class 'org.springframework.boot.actuate.endpoint.web.servlet.WebMvcEndpointHandlerMapping' (OnClassCondition)

   SpringDocWebMvcConfiguration.SpringDocWebMvcRouterConfiguration matched:
      - @ConditionalOnClass found required class 'org.springframework.web.servlet.function.RouterFunction' (OnClassCondition)

   SpringDocWebMvcConfiguration.SpringDocWebMvcRouterConfiguration#routerFunctionProvider matched:
      - @ConditionalOnMissingBean (types: org.springdoc.webmvc.core.providers.RouterFunctionWebMvcProvider; SearchStrategy: all) did not find any beans (OnBeanCondition)

   SqlInitializationAutoConfiguration matched:
      - @ConditionalOnProperty (spring.sql.init.enabled) matched (OnPropertyCondition)
      - NoneNestedConditions 0 matched 1 did not; NestedCondition on SqlInitializationAutoConfiguration.SqlInitializationModeCondition.ModeIsNever @ConditionalOnProperty (spring.sql.init.mode=never) did not find property 'mode' (SqlInitializationAutoConfiguration.SqlInitializationModeCondition)

   SslAutoConfiguration#sslBundleRegistry matched:
      - @ConditionalOnMissingBean (types: org.springframework.boot.ssl.SslBundleRegistry,org.springframework.boot.ssl.SslBundles; SearchStrategy: all) did not find any beans (OnBeanCondition)

   StartupTimeMetricsListenerAutoConfiguration matched:
      - @ConditionalOnClass found required class 'io.micrometer.core.instrument.MeterRegistry' (OnClassCondition)
      - @ConditionalOnBean (types: io.micrometer.core.instrument.MeterRegistry; SearchStrategy: all) found bean 'simpleMeterRegistry' (OnBeanCondition)

   StartupTimeMetricsListenerAutoConfiguration#startupTimeMetrics matched:
      - @ConditionalOnMissingBean (types: org.springframework.boot.actuate.metrics.startup.StartupTimeMetricsListener; SearchStrategy: all) did not find any beans (OnBeanCondition)

   SwaggerConfig matched:
      - found 'session' scope (OnWebApplicationCondition)
      - @ConditionalOnProperty (springdoc.swagger-ui.enabled) matched (OnPropertyCondition)
      - @ConditionalOnBean (types: org.springdoc.core.configuration.SpringDocConfiguration; SearchStrategy: all) found bean 'org.springdoc.core.configuration.SpringDocConfiguration' (OnBeanCondition)

   SwaggerConfig#indexPageTransformer matched:
      - @ConditionalOnMissingBean (types: org.springdoc.webmvc.ui.SwaggerIndexTransformer; SearchStrategy: all) did not find any beans (OnBeanCondition)

   SwaggerConfig#swaggerConfigResource matched:
      - @ConditionalOnProperty (springdoc.use-management-port=false) matched (OnPropertyCondition)
      - @ConditionalOnMissingBean (types: org.springdoc.webmvc.ui.SwaggerConfigResource; SearchStrategy: all) did not find any beans (OnBeanCondition)

   SwaggerConfig#swaggerResourceResolver matched:
      - @ConditionalOnMissingBean (types: org.springdoc.webmvc.ui.SwaggerResourceResolver; SearchStrategy: all) did not find any beans (OnBeanCondition)

   SwaggerConfig#swaggerWebMvcConfigurer matched:
      - @ConditionalOnMissingBean (types: org.springdoc.webmvc.ui.SwaggerWebMvcConfigurer; SearchStrategy: all) did not find any beans (OnBeanCondition)

   SwaggerConfig#swaggerWelcome matched:
      - @ConditionalOnProperty (springdoc.use-management-port=false) matched (OnPropertyCondition)
      - @ConditionalOnMissingBean (types: org.springdoc.webmvc.ui.SwaggerWelcomeWebMvc; SearchStrategy: all) did not find any beans (OnBeanCondition)

   SwaggerUiConfigParameters matched:
      - @ConditionalOnProperty (springdoc.swagger-ui.enabled) matched (OnPropertyCondition)
      - @ConditionalOnBean (types: org.springdoc.core.configuration.SpringDocConfiguration; SearchStrategy: all) found bean 'org.springdoc.core.configuration.SpringDocConfiguration' (OnBeanCondition)

   SwaggerUiConfigProperties matched:
      - @ConditionalOnProperty (springdoc.swagger-ui.enabled) matched (OnPropertyCondition)
      - @ConditionalOnBean (types: org.springdoc.core.configuration.SpringDocConfiguration; SearchStrategy: all) found bean 'org.springdoc.core.configuration.SpringDocConfiguration' (OnBeanCondition)

   SwaggerUiOAuthProperties matched:
      - @ConditionalOnProperty (springdoc.swagger-ui.enabled) matched (OnPropertyCondition)
      - @ConditionalOnBean (types: org.springdoc.core.configuration.SpringDocConfiguration; SearchStrategy: all) found bean 'org.springdoc.core.configuration.SpringDocConfiguration' (OnBeanCondition)

   SystemMetricsAutoConfiguration matched:
      - @ConditionalOnClass found required class 'io.micrometer.core.instrument.MeterRegistry' (OnClassCondition)
      - @ConditionalOnBean (types: io.micrometer.core.instrument.MeterRegistry; SearchStrategy: all) found bean 'simpleMeterRegistry' (OnBeanCondition)

   SystemMetricsAutoConfiguration#diskSpaceMetrics matched:
      - @ConditionalOnMissingBean (types: org.springframework.boot.actuate.metrics.system.DiskSpaceMetricsBinder; SearchStrategy: all) did not find any beans (OnBeanCondition)

   SystemMetricsAutoConfiguration#fileDescriptorMetrics matched:
      - @ConditionalOnMissingBean (types: io.micrometer.core.instrument.binder.system.FileDescriptorMetrics; SearchStrategy: all) did not find any beans (OnBeanCondition)

   SystemMetricsAutoConfiguration#processorMetrics matched:
      - @ConditionalOnMissingBean (types: io.micrometer.core.instrument.binder.system.ProcessorMetrics; SearchStrategy: all) did not find any beans (OnBeanCondition)

   SystemMetricsAutoConfiguration#uptimeMetrics matched:
      - @ConditionalOnMissingBean (types: io.micrometer.core.instrument.binder.system.UptimeMetrics; SearchStrategy: all) did not find any beans (OnBeanCondition)

   TaskExecutionAutoConfiguration matched:
      - @ConditionalOnClass found required class 'org.springframework.scheduling.concurrent.ThreadPoolTaskExecutor' (OnClassCondition)

   TaskExecutorConfigurations.SimpleAsyncTaskExecutorBuilderConfiguration#simpleAsyncTaskExecutorBuilder matched:
      - @ConditionalOnMissingBean (types: org.springframework.boot.task.SimpleAsyncTaskExecutorBuilder; SearchStrategy: all) did not find any beans (OnBeanCondition)
      - @ConditionalOnThreading found PLATFORM (OnThreadingCondition)

   TaskExecutorConfigurations.TaskExecutorBuilderConfiguration#taskExecutorBuilder matched:
      - @ConditionalOnMissingBean (types: org.springframework.boot.task.TaskExecutorBuilder; SearchStrategy: all) did not find any beans (OnBeanCondition)

   TaskExecutorConfigurations.TaskExecutorConfiguration matched:
      - @ConditionalOnMissingBean (types: java.util.concurrent.Executor; SearchStrategy: all) did not find any beans (OnBeanCondition)

   TaskExecutorConfigurations.TaskExecutorConfiguration#applicationTaskExecutor matched:
      - @ConditionalOnThreading found PLATFORM (OnThreadingCondition)

   TaskExecutorConfigurations.ThreadPoolTaskExecutorBuilderConfiguration#threadPoolTaskExecutorBuilder matched:
      - @ConditionalOnMissingBean (types: org.springframework.boot.task.TaskExecutorBuilder,org.springframework.boot.task.ThreadPoolTaskExecutorBuilder; SearchStrategy: all) did not find any beans (OnBeanCondition)

   TaskExecutorMetricsAutoConfiguration matched:
      - @ConditionalOnClass found required class 'io.micrometer.core.instrument.binder.jvm.ExecutorServiceMetrics' (OnClassCondition)
      - @ConditionalOnBean (types: java.util.concurrent.Executor,io.micrometer.core.instrument.MeterRegistry; SearchStrategy: all) found beans 'applicationTaskExecutor', 'simpleMeterRegistry' (OnBeanCondition)

   TaskSchedulingAutoConfiguration matched:
      - @ConditionalOnClass found required class 'org.springframework.scheduling.concurrent.ThreadPoolTaskScheduler' (OnClassCondition)

   TaskSchedulingConfigurations.SimpleAsyncTaskSchedulerBuilderConfiguration#simpleAsyncTaskSchedulerBuilder matched:
      - @ConditionalOnMissingBean (types: org.springframework.boot.task.SimpleAsyncTaskSchedulerBuilder; SearchStrategy: all) did not find any beans (OnBeanCondition)
      - @ConditionalOnThreading found PLATFORM (OnThreadingCondition)

   TaskSchedulingConfigurations.TaskSchedulerBuilderConfiguration#taskSchedulerBuilder matched:
      - @ConditionalOnMissingBean (types: org.springframework.boot.task.TaskSchedulerBuilder; SearchStrategy: all) did not find any beans (OnBeanCondition)

   TaskSchedulingConfigurations.ThreadPoolTaskSchedulerBuilderConfiguration#threadPoolTaskSchedulerBuilder matched:
      - @ConditionalOnMissingBean (types: org.springframework.boot.task.TaskSchedulerBuilder,org.springframework.boot.task.ThreadPoolTaskSchedulerBuilder; SearchStrategy: all) did not find any beans (OnBeanCondition)

   TomcatMetricsAutoConfiguration matched:
      - @ConditionalOnClass found required classes 'io.micrometer.core.instrument.binder.tomcat.TomcatMetrics', 'org.apache.catalina.Manager' (OnClassCondition)
      - @ConditionalOnWebApplication (required) found 'session' scope (OnWebApplicationCondition)

   TomcatMetricsAutoConfiguration#tomcatMetricsBinder matched:
      - @ConditionalOnBean (types: io.micrometer.core.instrument.MeterRegistry; SearchStrategy: all) found bean 'simpleMeterRegistry'; @ConditionalOnMissingBean (types: io.micrometer.core.instrument.binder.tomcat.TomcatMetrics,org.springframework.boot.actuate.metrics.web.tomcat.TomcatMetricsBinder; SearchStrategy: all) did not find any beans (OnBeanCondition)

   TransactionAutoConfiguration matched:
      - @ConditionalOnClass found required class 'org.springframework.transaction.PlatformTransactionManager' (OnClassCondition)

   TransactionAutoConfiguration.EnableTransactionManagementConfiguration matched:
      - @ConditionalOnBean (types: org.springframework.transaction.TransactionManager; SearchStrategy: all) found bean 'transactionManager'; @ConditionalOnMissingBean (types: org.springframework.transaction.annotation.AbstractTransactionManagementConfiguration; SearchStrategy: all) did not find any beans (OnBeanCondition)

   TransactionAutoConfiguration.EnableTransactionManagementConfiguration.CglibAutoProxyConfiguration matched:
      - @ConditionalOnProperty (spring.aop.proxy-target-class=true) matched (OnPropertyCondition)

   TransactionAutoConfiguration.TransactionTemplateConfiguration matched:
      - @ConditionalOnSingleCandidate (types: org.springframework.transaction.PlatformTransactionManager; SearchStrategy: all) found a single bean 'transactionManager' (OnBeanCondition)

   TransactionAutoConfiguration.TransactionTemplateConfiguration#transactionTemplate matched:
      - @ConditionalOnMissingBean (types: org.springframework.transaction.support.TransactionOperations; SearchStrategy: all) did not find any beans (OnBeanCondition)

   TransactionManagerCustomizationAutoConfiguration matched:
      - @ConditionalOnClass found required class 'org.springframework.transaction.PlatformTransactionManager' (OnClassCondition)

   TransactionManagerCustomizationAutoConfiguration#platformTransactionManagerCustomizers matched:
      - @ConditionalOnMissingBean (types: org.springframework.boot.autoconfigure.transaction.TransactionManagerCustomizers; SearchStrategy: all) did not find any beans (OnBeanCondition)

   UtilAutoConfiguration matched:
      - @ConditionalOnProperty (spring.cloud.util.enabled) matched (OnPropertyCondition)

   UtilAutoConfiguration#inetUtils matched:
      - @ConditionalOnMissingBean (types: org.springframework.cloud.commons.util.InetUtils; SearchStrategy: all) did not find any beans (OnBeanCondition)

   WebEndpointAutoConfiguration matched:
      - @ConditionalOnWebApplication (required) found 'session' scope (OnWebApplicationCondition)

   WebEndpointAutoConfiguration#controllerEndpointDiscoverer matched:
      - @ConditionalOnMissingBean (types: org.springframework.boot.actuate.endpoint.web.annotation.ControllerEndpointsSupplier; SearchStrategy: all) did not find any beans (OnBeanCondition)

   WebEndpointAutoConfiguration#endpointMediaTypes matched:
      - @ConditionalOnMissingBean (types: org.springframework.boot.actuate.endpoint.web.EndpointMediaTypes; SearchStrategy: all) did not find any beans (OnBeanCondition)

   WebEndpointAutoConfiguration#pathMappedEndpoints matched:
      - @ConditionalOnMissingBean (types: org.springframework.boot.actuate.endpoint.web.PathMappedEndpoints; SearchStrategy: all) did not find any beans (OnBeanCondition)

   WebEndpointAutoConfiguration#webEndpointDiscoverer matched:
      - @ConditionalOnMissingBean (types: org.springframework.boot.actuate.endpoint.web.WebEndpointsSupplier; SearchStrategy: all) did not find any beans (OnBeanCondition)

   WebEndpointAutoConfiguration.WebEndpointServletConfiguration matched:
      - found 'session' scope (OnWebApplicationCondition)

   WebEndpointAutoConfiguration.WebEndpointServletConfiguration#servletEndpointDiscoverer matched:
      - @ConditionalOnMissingBean (types: org.springframework.boot.actuate.endpoint.web.annotation.ServletEndpointsSupplier; SearchStrategy: all) did not find any beans (OnBeanCondition)

   WebMvcAutoConfiguration matched:
      - @ConditionalOnClass found required classes 'jakarta.servlet.Servlet', 'org.springframework.web.servlet.DispatcherServlet', 'org.springframework.web.servlet.config.annotation.WebMvcConfigurer' (OnClassCondition)
      - found 'session' scope (OnWebApplicationCondition)
      - @ConditionalOnMissingBean (types: org.springframework.web.servlet.config.annotation.WebMvcConfigurationSupport; SearchStrategy: all) did not find any beans (OnBeanCondition)

   WebMvcAutoConfiguration#formContentFilter matched:
      - @ConditionalOnProperty (spring.mvc.formcontent.filter.enabled) matched (OnPropertyCondition)
      - @ConditionalOnMissingBean (types: org.springframework.web.filter.FormContentFilter; SearchStrategy: all) did not find any beans (OnBeanCondition)

   WebMvcAutoConfiguration.EnableWebMvcConfiguration#flashMapManager matched:
      - @ConditionalOnMissingBean (names: flashMapManager; SearchStrategy: all) did not find any beans (OnBeanCondition)

   WebMvcAutoConfiguration.EnableWebMvcConfiguration#localeResolver matched:
      - @ConditionalOnMissingBean (names: localeResolver; SearchStrategy: all) did not find any beans (OnBeanCondition)

   WebMvcAutoConfiguration.EnableWebMvcConfiguration#themeResolver matched:
      - @ConditionalOnMissingBean (names: themeResolver; SearchStrategy: all) did not find any beans (OnBeanCondition)

   WebMvcAutoConfiguration.WebMvcAutoConfigurationAdapter#defaultViewResolver matched:
      - @ConditionalOnMissingBean (types: org.springframework.web.servlet.view.InternalResourceViewResolver; SearchStrategy: all) did not find any beans (OnBeanCondition)

   WebMvcAutoConfiguration.WebMvcAutoConfigurationAdapter#requestContextFilter matched:
      - @ConditionalOnMissingBean (types: org.springframework.web.context.request.RequestContextListener,org.springframework.web.filter.RequestContextFilter; SearchStrategy: all) did not find any beans (OnBeanCondition)

   WebMvcAutoConfiguration.WebMvcAutoConfigurationAdapter#viewResolver matched:
      - @ConditionalOnBean (types: org.springframework.web.servlet.ViewResolver; SearchStrategy: all) found beans 'defaultViewResolver', 'beanNameViewResolver', 'mvcViewResolver'; @ConditionalOnMissingBean (names: viewResolver types: org.springframework.web.servlet.view.ContentNegotiatingViewResolver; SearchStrategy: all) did not find any beans (OnBeanCondition)

   WebMvcEndpointManagementContextConfiguration matched:
      - @ConditionalOnClass found required class 'org.springframework.web.servlet.DispatcherServlet' (OnClassCondition)
      - found 'session' scope (OnWebApplicationCondition)
      - @ConditionalOnBean (types: org.springframework.web.servlet.DispatcherServlet,org.springframework.boot.actuate.endpoint.web.WebEndpointsSupplier; SearchStrategy: all) found beans 'webEndpointDiscoverer', 'dispatcherServlet' (OnBeanCondition)

   WebMvcEndpointManagementContextConfiguration#controllerEndpointHandlerMapping matched:
      - @ConditionalOnMissingBean (types: org.springframework.boot.actuate.endpoint.web.servlet.ControllerEndpointHandlerMapping; SearchStrategy: all) did not find any beans (OnBeanCondition)

   WebMvcEndpointManagementContextConfiguration#endpointObjectMapperWebMvcConfigurer matched:
      - @ConditionalOnBean (types: org.springframework.boot.actuate.endpoint.jackson.EndpointObjectMapper; SearchStrategy: all) found bean 'endpointObjectMapper' (OnBeanCondition)

   WebMvcEndpointManagementContextConfiguration#webEndpointServletHandlerMapping matched:
      - @ConditionalOnMissingBean (types: org.springframework.boot.actuate.endpoint.web.servlet.WebMvcEndpointHandlerMapping; SearchStrategy: all) did not find any beans (OnBeanCondition)

   WebMvcObservationAutoConfiguration matched:
      - @ConditionalOnClass found required classes 'org.springframework.web.servlet.DispatcherServlet', 'io.micrometer.observation.Observation' (OnClassCondition)
      - found 'session' scope (OnWebApplicationCondition)
      - @ConditionalOnBean (types: io.micrometer.observation.ObservationRegistry; SearchStrategy: all) found bean 'observationRegistry' (OnBeanCondition)

   WebMvcObservationAutoConfiguration#webMvcObservationFilter matched:
      - @ConditionalOnMissingBean (types: org.springframework.web.filter.ServerHttpObservationFilter; SearchStrategy: all) did not find any beans (OnBeanCondition)

   WebMvcObservationAutoConfiguration.MeterFilterConfiguration matched:
      - @ConditionalOnClass found required class 'io.micrometer.core.instrument.MeterRegistry' (OnClassCondition)
      - @ConditionalOnBean (types: io.micrometer.core.instrument.MeterRegistry; SearchStrategy: all) found bean 'simpleMeterRegistry' (OnBeanCondition)

   WebSocketServletAutoConfiguration matched:
      - @ConditionalOnClass found required classes 'jakarta.servlet.Servlet', 'jakarta.websocket.server.ServerContainer' (OnClassCondition)
      - found 'session' scope (OnWebApplicationCondition)

   WebSocketServletAutoConfiguration.TomcatWebSocketConfiguration matched:
      - @ConditionalOnClass found required classes 'org.apache.catalina.startup.Tomcat', 'org.apache.tomcat.websocket.server.WsSci' (OnClassCondition)

   WebSocketServletAutoConfiguration.TomcatWebSocketConfiguration#websocketServletWebServerCustomizer matched:
      - @ConditionalOnMissingBean (names: websocketServletWebServerCustomizer; SearchStrategy: all) did not find any beans (OnBeanCondition)


Negative matches:
-----------------

   ActiveMQAutoConfiguration:
      Did not match:
         - @ConditionalOnClass did not find required class 'jakarta.jms.ConnectionFactory' (OnClassCondition)

   AopAutoConfiguration.AspectJAutoProxyingConfiguration.JdkDynamicAutoProxyConfiguration:
      Did not match:
         - @ConditionalOnProperty (spring.aop.proxy-target-class=false) did not find property 'proxy-target-class' (OnPropertyCondition)

   AopAutoConfiguration.ClassProxyingConfiguration:
      Did not match:
         - @ConditionalOnMissingClass found unwanted class 'org.aspectj.weaver.Advice' (OnClassCondition)

   AppOpticsMetricsExportAutoConfiguration:
      Did not match:
         - @ConditionalOnClass did not find required class 'io.micrometer.appoptics.AppOpticsMeterRegistry' (OnClassCondition)

   ArtemisAutoConfiguration:
      Did not match:
         - @ConditionalOnClass did not find required class 'jakarta.jms.ConnectionFactory' (OnClassCondition)

   AtlasMetricsExportAutoConfiguration:
      Did not match:
         - @ConditionalOnClass did not find required class 'io.micrometer.atlas.AtlasMeterRegistry' (OnClassCondition)

   AuditAutoConfiguration:
      Did not match:
         - @ConditionalOnBean (types: org.springframework.boot.actuate.audit.AuditEventRepository; SearchStrategy: all) did not find any beans of type org.springframework.boot.actuate.audit.AuditEventRepository (OnBeanCondition)
      Matched:
         - @ConditionalOnProperty (management.auditevents.enabled) matched (OnPropertyCondition)

   AuditEventsEndpointAutoConfiguration:
      Did not match:
         - @ConditionalOnAvailableEndpoint no 'management.endpoints' property marked it as exposed (OnAvailableEndpointCondition)

   AvailabilityHealthContributorAutoConfiguration#livenessStateHealthIndicator:
      Did not match:
         - @ConditionalOnProperty (management.health.livenessstate.enabled=true) did not find property 'enabled' (OnPropertyCondition)

   AvailabilityHealthContributorAutoConfiguration#readinessStateHealthIndicator:
      Did not match:
         - @ConditionalOnProperty (management.health.readinessstate.enabled=true) did not find property 'enabled' (OnPropertyCondition)

   AvailabilityProbesAutoConfiguration:
      Did not match:
         - Probes availability not running on a supported cloud platform (AvailabilityProbesAutoConfiguration.ProbesCondition)

   BatchAutoConfiguration:
      Did not match:
         - @ConditionalOnClass did not find required class 'org.springframework.batch.core.launch.JobLauncher' (OnClassCondition)

   BatchObservationAutoConfiguration:
      Did not match:
         - @ConditionalOnClass did not find required class 'org.springframework.batch.core.configuration.annotation.BatchObservabilityBeanPostProcessor' (OnClassCondition)

   BeansEndpointAutoConfiguration:
      Did not match:
         - @ConditionalOnAvailableEndpoint no 'management.endpoints' property marked it as exposed (OnAvailableEndpointCondition)

   BraveAutoConfiguration:
      Did not match:
         - @ConditionalOnClass did not find required class 'brave.Tracer' (OnClassCondition)

   Cache2kCacheConfiguration:
      Did not match:
         - @ConditionalOnClass did not find required class 'org.cache2k.Cache2kBuilder' (OnClassCondition)

   CacheAutoConfiguration:
      Did not match:
         - @ConditionalOnBean (types: org.springframework.cache.interceptor.CacheAspectSupport; SearchStrategy: all) did not find any beans of type org.springframework.cache.interceptor.CacheAspectSupport (OnBeanCondition)
      Matched:
         - @ConditionalOnClass found required class 'org.springframework.cache.CacheManager' (OnClassCondition)

   CacheAutoConfiguration.CacheManagerEntityManagerFactoryDependsOnPostProcessor:
      Did not match:
         - Ancestor org.springframework.boot.autoconfigure.cache.CacheAutoConfiguration did not match (ConditionEvaluationReport.AncestorsMatchedCondition)
      Matched:
         - @ConditionalOnClass found required class 'org.springframework.orm.jpa.LocalContainerEntityManagerFactoryBean' (OnClassCondition)

   CacheMeterBinderProvidersConfiguration.Cache2kCacheMeterBinderProviderConfiguration:
      Did not match:
         - @ConditionalOnClass did not find required classes 'org.cache2k.Cache2kBuilder', 'org.cache2k.extra.spring.SpringCache2kCache', 'org.cache2k.extra.micrometer.Cache2kCacheMetrics' (OnClassCondition)

   CacheMeterBinderProvidersConfiguration.CaffeineCacheMeterBinderProviderConfiguration:
      Did not match:
         - @ConditionalOnClass did not find required classes 'org.springframework.cache.caffeine.CaffeineCache', 'com.github.benmanes.caffeine.cache.Cache' (OnClassCondition)

   CacheMeterBinderProvidersConfiguration.HazelcastCacheMeterBinderProviderConfiguration:
      Did not match:
         - @ConditionalOnClass did not find required classes 'com.hazelcast.spring.cache.HazelcastCache', 'com.hazelcast.core.Hazelcast' (OnClassCondition)

   CacheMeterBinderProvidersConfiguration.JCacheCacheMeterBinderProviderConfiguration:
      Did not match:
         - @ConditionalOnClass did not find required classes 'org.springframework.cache.jcache.JCacheCache', 'javax.cache.CacheManager' (OnClassCondition)

   CacheMeterBinderProvidersConfiguration.RedisCacheMeterBinderProviderConfiguration:
      Did not match:
         - @ConditionalOnClass did not find required class 'org.springframework.data.redis.cache.RedisCache' (OnClassCondition)

   CacheMetricsAutoConfiguration:
      Did not match:
         - @ConditionalOnBean (types: org.springframework.cache.CacheManager; SearchStrategy: all) did not find any beans of type org.springframework.cache.CacheManager (OnBeanCondition)

   CachesEndpointAutoConfiguration:
      Did not match:
         - @ConditionalOnAvailableEndpoint no 'management.endpoints' property marked it as exposed (OnAvailableEndpointCondition)
      Matched:
         - @ConditionalOnClass found required class 'org.springframework.cache.CacheManager' (OnClassCondition)

   CaffeineCacheConfiguration:
      Did not match:
         - @ConditionalOnClass did not find required class 'com.github.benmanes.caffeine.cache.Caffeine' (OnClassCondition)

   CassandraAutoConfiguration:
      Did not match:
         - @ConditionalOnClass did not find required class 'com.datastax.oss.driver.api.core.CqlSession' (OnClassCondition)

   CassandraDataAutoConfiguration:
      Did not match:
         - @ConditionalOnClass did not find required class 'com.datastax.oss.driver.api.core.CqlSession' (OnClassCondition)

   CassandraHealthContributorAutoConfiguration:
      Did not match:
         - @ConditionalOnClass did not find required class 'com.datastax.oss.driver.api.core.CqlSession' (OnClassCondition)

   CassandraReactiveDataAutoConfiguration:
      Did not match:
         - @ConditionalOnClass did not find required class 'com.datastax.oss.driver.api.core.CqlSession' (OnClassCondition)

   CassandraReactiveHealthContributorAutoConfiguration:
      Did not match:
         - @ConditionalOnClass did not find required class 'com.datastax.oss.driver.api.core.CqlSession' (OnClassCondition)

   CassandraReactiveRepositoriesAutoConfiguration:
      Did not match:
         - @ConditionalOnClass did not find required class 'org.springframework.data.cassandra.ReactiveSession' (OnClassCondition)

   CassandraRepositoriesAutoConfiguration:
      Did not match:
         - @ConditionalOnClass did not find required class 'com.datastax.oss.driver.api.core.CqlSession' (OnClassCondition)

   ClientHttpConnectorAutoConfiguration:
      Did not match:
         - @ConditionalOnClass did not find required class 'org.springframework.web.reactive.function.client.WebClient' (OnClassCondition)

   CloudFoundryActuatorAutoConfiguration:
      Did not match:
         - @ConditionalOnCloudPlatform did not find CLOUD_FOUNDRY (OnCloudPlatformCondition)
      Matched:
         - @ConditionalOnClass found required class 'org.springframework.web.servlet.DispatcherServlet' (OnClassCondition)
         - found 'session' scope (OnWebApplicationCondition)
         - @ConditionalOnProperty (management.cloudfoundry.enabled) matched (OnPropertyCondition)

   CloudHypermediaAutoConfiguration:
      Did not match:
         - @ConditionalOnClass did not find required class 'org.springframework.hateoas.Link' (OnClassCondition)

   CodecsAutoConfiguration:
      Did not match:
         - @ConditionalOnClass did not find required class 'org.springframework.web.reactive.function.client.WebClient' (OnClassCondition)

   CommonsClientAutoConfiguration.ActuatorConfiguration#featuresEndpoint:
      Did not match:
         - @ConditionalOnAvailableEndpoint no 'management.endpoints' property marked it as exposed (OnAvailableEndpointCondition)

   CompositeMeterRegistryConfiguration:
      Did not match:
         - NoneNestedConditions 1 matched 1 did not; NestedCondition on CompositeMeterRegistryConfiguration.MultipleNonPrimaryMeterRegistriesCondition.SingleInjectableMeterRegistry @ConditionalOnSingleCandidate (types: io.micrometer.core.instrument.MeterRegistry; SearchStrategy: all) found a single bean 'simpleMeterRegistry'; NestedCondition on CompositeMeterRegistryConfiguration.MultipleNonPrimaryMeterRegistriesCondition.NoMeterRegistryCondition @ConditionalOnMissingBean (types: io.micrometer.core.instrument.MeterRegistry; SearchStrategy: all) found beans of type 'io.micrometer.core.instrument.MeterRegistry' simpleMeterRegistry (CompositeMeterRegistryConfiguration.MultipleNonPrimaryMeterRegistriesCondition)

   ConditionsReportEndpointAutoConfiguration:
      Did not match:
         - @ConditionalOnAvailableEndpoint no 'management.endpoints' property marked it as exposed (OnAvailableEndpointCondition)

   ConfigurationPropertiesReportEndpointAutoConfiguration:
      Did not match:
         - @ConditionalOnAvailableEndpoint no 'management.endpoints' property marked it as exposed (OnAvailableEndpointCondition)

   ConnectionFactoryHealthContributorAutoConfiguration:
      Did not match:
         - @ConditionalOnClass did not find required class 'io.r2dbc.spi.ConnectionFactory' (OnClassCondition)

   ConnectionPoolMetricsAutoConfiguration:
      Did not match:
         - @ConditionalOnClass did not find required class 'io.r2dbc.pool.ConnectionPool' (OnClassCondition)

   CouchbaseAutoConfiguration:
      Did not match:
         - @ConditionalOnClass did not find required class 'com.couchbase.client.java.Cluster' (OnClassCondition)

   CouchbaseCacheConfiguration:
      Did not match:
         - @ConditionalOnClass did not find required class 'com.couchbase.client.java.Cluster' (OnClassCondition)

   CouchbaseDataAutoConfiguration:
      Did not match:
         - @ConditionalOnClass did not find required class 'com.couchbase.client.java.Bucket' (OnClassCondition)

   CouchbaseHealthContributorAutoConfiguration:
      Did not match:
         - @ConditionalOnClass did not find required class 'com.couchbase.client.java.Cluster' (OnClassCondition)

   CouchbaseReactiveDataAutoConfiguration:
      Did not match:
         - @ConditionalOnClass did not find required class 'com.couchbase.client.java.Cluster' (OnClassCondition)

   CouchbaseReactiveHealthContributorAutoConfiguration:
      Did not match:
         - @ConditionalOnClass did not find required class 'com.couchbase.client.java.Cluster' (OnClassCondition)

   CouchbaseReactiveRepositoriesAutoConfiguration:
      Did not match:
         - @ConditionalOnClass did not find required class 'com.couchbase.client.java.Cluster' (OnClassCondition)

   CouchbaseRepositoriesAutoConfiguration:
      Did not match:
         - @ConditionalOnClass did not find required class 'com.couchbase.client.java.Bucket' (OnClassCondition)

   DataSourceAutoConfiguration.EmbeddedDatabaseConfiguration:
      Did not match:
         - EmbeddedDataSource spring.datasource.url is set (DataSourceAutoConfiguration.EmbeddedDatabaseCondition)

   DataSourceCheckpointRestoreConfiguration:
      Did not match:
         - @ConditionalOnClass did not find required class 'org.crac.Resource' (OnClassCondition)

   DataSourceConfiguration.Dbcp2:
      Did not match:
         - @ConditionalOnClass did not find required class 'org.apache.commons.dbcp2.BasicDataSource' (OnClassCondition)

   DataSourceConfiguration.Generic:
      Did not match:
         - @ConditionalOnProperty (spring.datasource.type) did not find property 'spring.datasource.type' (OnPropertyCondition)

   DataSourceConfiguration.OracleUcp:
      Did not match:
         - @ConditionalOnClass did not find required classes 'oracle.ucp.jdbc.PoolDataSourceImpl', 'oracle.jdbc.OracleConnection' (OnClassCondition)

   DataSourceConfiguration.Tomcat:
      Did not match:
         - @ConditionalOnClass did not find required class 'org.apache.tomcat.jdbc.pool.DataSource' (OnClassCondition)

   DataSourceJmxConfiguration.TomcatDataSourceJmxConfiguration:
      Did not match:
         - @ConditionalOnClass did not find required class 'org.apache.tomcat.jdbc.pool.DataSourceProxy' (OnClassCondition)

   DataSourcePoolMetadataProvidersConfiguration.CommonsDbcp2PoolDataSourceMetadataProviderConfiguration:
      Did not match:
         - @ConditionalOnClass did not find required class 'org.apache.commons.dbcp2.BasicDataSource' (OnClassCondition)

   DataSourcePoolMetadataProvidersConfiguration.OracleUcpPoolDataSourceMetadataProviderConfiguration:
      Did not match:
         - @ConditionalOnClass did not find required classes 'oracle.ucp.jdbc.PoolDataSource', 'oracle.jdbc.OracleConnection' (OnClassCondition)

   DataSourcePoolMetadataProvidersConfiguration.TomcatDataSourcePoolMetadataProviderConfiguration:
      Did not match:
         - @ConditionalOnClass did not find required class 'org.apache.tomcat.jdbc.pool.DataSource' (OnClassCondition)

   DataSourceTransactionManagerAutoConfiguration.JdbcTransactionManagerConfiguration#transactionManager:
      Did not match:
         - @ConditionalOnMissingBean (types: org.springframework.transaction.TransactionManager; SearchStrategy: all) found beans of type 'org.springframework.transaction.TransactionManager' transactionManager (OnBeanCondition)

   DatadogMetricsExportAutoConfiguration:
      Did not match:
         - @ConditionalOnClass did not find required class 'io.micrometer.datadog.DatadogMeterRegistry' (OnClassCondition)

   DispatcherServletAutoConfiguration.DispatcherServletConfiguration#multipartResolver:
      Did not match:
         - @ConditionalOnBean (types: org.springframework.web.multipart.MultipartResolver; SearchStrategy: all) did not find any beans of type org.springframework.web.multipart.MultipartResolver (OnBeanCondition)

   DynatraceMetricsExportAutoConfiguration:
      Did not match:
         - @ConditionalOnClass did not find required class 'io.micrometer.dynatrace.DynatraceMeterRegistry' (OnClassCondition)

   ElasticMetricsExportAutoConfiguration:
      Did not match:
         - @ConditionalOnClass did not find required class 'io.micrometer.elastic.ElasticMeterRegistry' (OnClassCondition)

   ElasticsearchClientAutoConfiguration:
      Did not match:
         - @ConditionalOnClass did not find required class 'co.elastic.clients.elasticsearch.ElasticsearchClient' (OnClassCondition)

   ElasticsearchDataAutoConfiguration:
      Did not match:
         - @ConditionalOnClass did not find required class 'org.springframework.data.elasticsearch.client.elc.ElasticsearchTemplate' (OnClassCondition)

   ElasticsearchReactiveHealthContributorAutoConfiguration:
      Did not match:
         - @ConditionalOnClass did not find required class 'reactor.core.publisher.Flux' (OnClassCondition)

   ElasticsearchRepositoriesAutoConfiguration:
      Did not match:
         - @ConditionalOnClass did not find required class 'org.springframework.data.elasticsearch.repository.ElasticsearchRepository' (OnClassCondition)

   ElasticsearchRestClientAutoConfiguration:
      Did not match:
         - @ConditionalOnClass did not find required class 'org.elasticsearch.client.RestClientBuilder' (OnClassCondition)

   ElasticsearchRestHealthContributorAutoConfiguration:
      Did not match:
         - @ConditionalOnClass did not find required class 'org.elasticsearch.client.RestClient' (OnClassCondition)

   EmbeddedLdapAutoConfiguration:
      Did not match:
         - @ConditionalOnClass did not find required class 'com.unboundid.ldap.listener.InMemoryDirectoryServer' (OnClassCondition)

   EmbeddedWebServerFactoryCustomizerAutoConfiguration.JettyWebServerFactoryCustomizerConfiguration:
      Did not match:
         - @ConditionalOnClass did not find required classes 'org.eclipse.jetty.server.Server', 'org.eclipse.jetty.util.Loader', 'org.eclipse.jetty.ee10.webapp.WebAppContext' (OnClassCondition)

   EmbeddedWebServerFactoryCustomizerAutoConfiguration.NettyWebServerFactoryCustomizerConfiguration:
      Did not match:
         - @ConditionalOnClass did not find required class 'reactor.netty.http.server.HttpServer' (OnClassCondition)

   EmbeddedWebServerFactoryCustomizerAutoConfiguration.TomcatWebServerFactoryCustomizerConfiguration#tomcatVirtualThreadsProtocolHandlerCustomizer:
      Did not match:
         - @ConditionalOnThreading did not find VIRTUAL (OnThreadingCondition)

   EmbeddedWebServerFactoryCustomizerAutoConfiguration.UndertowWebServerFactoryCustomizerConfiguration:
      Did not match:
         - @ConditionalOnClass did not find required classes 'io.undertow.Undertow', 'org.xnio.SslClientAuthMode' (OnClassCondition)

   EnvironmentEndpointAutoConfiguration:
      Did not match:
         - @ConditionalOnAvailableEndpoint no 'management.endpoints' property marked it as exposed (OnAvailableEndpointCondition)

   ErrorWebFluxAutoConfiguration:
      Did not match:
         - @ConditionalOnClass did not find required class 'org.springframework.web.reactive.config.WebFluxConfigurer' (OnClassCondition)

   FeignAcceptGzipEncodingAutoConfiguration:
      Did not match:
         - @ConditionalOnProperty (spring.cloud.openfeign.compression.response.enabled) did not find property 'spring.cloud.openfeign.compression.response.enabled' (OnPropertyCondition)
      Matched:
         - @ConditionalOnClass found required class 'feign.Feign' (OnClassCondition)

   FeignAutoConfiguration#cachingCapability:
      Did not match:
         - @ConditionalOnBean (types: org.springframework.cache.interceptor.CacheInterceptor; SearchStrategy: all) did not find any beans of type org.springframework.cache.interceptor.CacheInterceptor (OnBeanCondition)
      Matched:
         - @ConditionalOnProperty (spring.cloud.openfeign.cache.enabled) matched (OnPropertyCondition)

   FeignAutoConfiguration.CircuitBreakerPresentFeignTargeterConfiguration:
      Did not match:
         - @ConditionalOnProperty (spring.cloud.openfeign.circuitbreaker.enabled=true) did not find property 'spring.cloud.openfeign.circuitbreaker.enabled' (OnPropertyCondition)
      Matched:
         - @ConditionalOnClass found required class 'org.springframework.cloud.client.circuitbreaker.CircuitBreaker' (OnClassCondition)

   FeignAutoConfiguration.Http2ClientFeignConfiguration:
      Did not match:
         - @ConditionalOnClass did not find required class 'feign.http2client.Http2Client' (OnClassCondition)

   FeignAutoConfiguration.HttpClient5FeignConfiguration:
      Did not match:
         - @ConditionalOnClass did not find required class 'feign.hc5.ApacheHttp5Client' (OnClassCondition)

   FeignAutoConfiguration.Oauth2FeignConfiguration:
      Did not match:
         - @ConditionalOnClass did not find required class 'org.springframework.security.oauth2.client.OAuth2AuthorizedClientManager' (OnClassCondition)

   FeignAutoConfiguration.OkHttpFeignConfiguration:
      Did not match:
         - @ConditionalOnClass did not find required class 'feign.okhttp.OkHttpClient' (OnClassCondition)

   FeignContentGzipEncodingAutoConfiguration:
      Did not match:
         - @ConditionalOnProperty (spring.cloud.openfeign.compression.request.enabled) did not find property 'spring.cloud.openfeign.compression.request.enabled' (OnPropertyCondition)
      Matched:
         - @ConditionalOnClass found required class 'feign.Feign' (OnClassCondition)

   FeignHalAutoConfiguration:
      Did not match:
         - @ConditionalOnClass did not find required class 'org.springframework.hateoas.config.WebConverters' (OnClassCondition)

   FeignLoadBalancerAutoConfiguration:
      Did not match:
         - @ConditionalOnBean did not find required type 'org.springframework.cloud.loadbalancer.support.LoadBalancerClientFactory' (OnBeanCondition)

   FlywayAutoConfiguration:
      Did not match:
         - @ConditionalOnClass did not find required class 'org.flywaydb.core.Flyway' (OnClassCondition)

   FlywayEndpointAutoConfiguration:
      Did not match:
         - @ConditionalOnClass did not find required class 'org.flywaydb.core.Flyway' (OnClassCondition)

   FreeMarkerAutoConfiguration:
      Did not match:
         - @ConditionalOnClass did not find required class 'freemarker.template.Configuration' (OnClassCondition)

   GangliaMetricsExportAutoConfiguration:
      Did not match:
         - @ConditionalOnClass did not find required class 'io.micrometer.ganglia.GangliaMeterRegistry' (OnClassCondition)

   GraphQlAutoConfiguration:
      Did not match:
         - @ConditionalOnClass did not find required class 'graphql.GraphQL' (OnClassCondition)

   GraphQlObservationAutoConfiguration:
      Did not match:
         - @ConditionalOnClass did not find required class 'graphql.GraphQL' (OnClassCondition)

   GraphQlQueryByExampleAutoConfiguration:
      Did not match:
         - @ConditionalOnClass did not find required class 'graphql.GraphQL' (OnClassCondition)

   GraphQlQuerydslAutoConfiguration:
      Did not match:
         - @ConditionalOnClass did not find required class 'com.querydsl.core.Query' (OnClassCondition)

   GraphQlRSocketAutoConfiguration:
      Did not match:
         - @ConditionalOnClass did not find required class 'graphql.GraphQL' (OnClassCondition)

   GraphQlReactiveQueryByExampleAutoConfiguration:
      Did not match:
         - @ConditionalOnClass did not find required class 'graphql.GraphQL' (OnClassCondition)

   GraphQlReactiveQuerydslAutoConfiguration:
      Did not match:
         - @ConditionalOnClass did not find required class 'com.querydsl.core.Query' (OnClassCondition)

   GraphQlWebFluxAutoConfiguration:
      Did not match:
         - @ConditionalOnClass did not find required class 'graphql.GraphQL' (OnClassCondition)

   GraphQlWebFluxSecurityAutoConfiguration:
      Did not match:
         - @ConditionalOnClass did not find required class 'graphql.GraphQL' (OnClassCondition)

   GraphQlWebMvcAutoConfiguration:
      Did not match:
         - @ConditionalOnClass did not find required class 'graphql.GraphQL' (OnClassCondition)

   GraphQlWebMvcSecurityAutoConfiguration:
      Did not match:
         - @ConditionalOnClass did not find required class 'graphql.GraphQL' (OnClassCondition)

   GraphiteMetricsExportAutoConfiguration:
      Did not match:
         - @ConditionalOnClass did not find required class 'io.micrometer.graphite.GraphiteMeterRegistry' (OnClassCondition)

   GroovyTemplateAutoConfiguration:
      Did not match:
         - @ConditionalOnClass did not find required class 'groovy.text.markup.MarkupTemplateEngine' (OnClassCondition)

   GsonAutoConfiguration:
      Did not match:
         - @ConditionalOnClass did not find required class 'com.google.gson.Gson' (OnClassCondition)

   GsonHttpMessageConvertersConfiguration:
      Did not match:
         - @ConditionalOnClass did not find required class 'com.google.gson.Gson' (OnClassCondition)

   H2ConsoleAutoConfiguration:
      Did not match:
         - @ConditionalOnClass did not find required class 'org.h2.server.web.JakartaWebServlet' (OnClassCondition)

   HazelcastAutoConfiguration:
      Did not match:
         - @ConditionalOnClass did not find required class 'com.hazelcast.core.HazelcastInstance' (OnClassCondition)

   HazelcastCacheConfiguration:
      Did not match:
         - @ConditionalOnClass did not find required class 'com.hazelcast.core.HazelcastInstance' (OnClassCondition)

   HazelcastHealthContributorAutoConfiguration:
      Did not match:
         - @ConditionalOnClass did not find required class 'com.hazelcast.core.HazelcastInstance' (OnClassCondition)

   HazelcastJpaDependencyAutoConfiguration:
      Did not match:
         - @ConditionalOnClass did not find required class 'com.hazelcast.core.HazelcastInstance' (OnClassCondition)

   HealthEndpointReactiveWebExtensionConfiguration:
      Did not match:
         - did not find reactive web application classes (OnWebApplicationCondition)

   HealthEndpointWebExtensionConfiguration.JerseyAdditionalHealthEndpointPathsConfiguration:
      Did not match:
         - @ConditionalOnClass did not find required class 'org.glassfish.jersey.server.ResourceConfig' (OnClassCondition)

   HeapDumpWebEndpointAutoConfiguration:
      Did not match:
         - @ConditionalOnAvailableEndpoint no 'management.endpoints' property marked it as exposed (OnAvailableEndpointCondition)

   HibernateMetricsAutoConfiguration:
      Did not match:
         - @ConditionalOnClass did not find required class 'org.hibernate.stat.HibernateMetrics' (OnClassCondition)

   HttpExchangesAutoConfiguration:
      Did not match:
         - @ConditionalOnBean (types: org.springframework.boot.actuate.web.exchanges.HttpExchangeRepository; SearchStrategy: all) did not find any beans of type org.springframework.boot.actuate.web.exchanges.HttpExchangeRepository (OnBeanCondition)
      Matched:
         - @ConditionalOnWebApplication (required) found 'session' scope (OnWebApplicationCondition)
         - @ConditionalOnProperty (management.httpexchanges.recording.enabled) matched (OnPropertyCondition)

   HttpExchangesAutoConfiguration.ReactiveHttpExchangesConfiguration:
      Did not match:
         - did not find reactive web application classes (OnWebApplicationCondition)
         - Ancestor org.springframework.boot.actuate.autoconfigure.web.exchanges.HttpExchangesAutoConfiguration did not match (ConditionEvaluationReport.AncestorsMatchedCondition)

   HttpExchangesAutoConfiguration.ServletHttpExchangesConfiguration:
      Did not match:
         - Ancestor org.springframework.boot.actuate.autoconfigure.web.exchanges.HttpExchangesAutoConfiguration did not match (ConditionEvaluationReport.AncestorsMatchedCondition)
      Matched:
         - found 'session' scope (OnWebApplicationCondition)

   HttpExchangesEndpointAutoConfiguration:
      Did not match:
         - @ConditionalOnAvailableEndpoint no 'management.endpoints' property marked it as exposed (OnAvailableEndpointCondition)

   HttpHandlerAutoConfiguration:
      Did not match:
         - @ConditionalOnClass did not find required class 'org.springframework.web.reactive.DispatcherHandler' (OnClassCondition)

   HumioMetricsExportAutoConfiguration:
      Did not match:
         - @ConditionalOnClass did not find required class 'io.micrometer.humio.HumioMeterRegistry' (OnClassCondition)

   HypermediaAutoConfiguration:
      Did not match:
         - @ConditionalOnClass did not find required class 'org.springframework.hateoas.EntityModel' (OnClassCondition)

   InfinispanCacheConfiguration:
      Did not match:
         - @ConditionalOnClass did not find required class 'org.infinispan.spring.embedded.provider.SpringEmbeddedCacheManager' (OnClassCondition)

   InfluxDbAutoConfiguration:
      Did not match:
         - @ConditionalOnClass did not find required class 'org.influxdb.InfluxDB' (OnClassCondition)

   InfluxDbHealthContributorAutoConfiguration:
      Did not match:
         - @ConditionalOnClass did not find required class 'org.influxdb.InfluxDB' (OnClassCondition)

   InfluxMetricsExportAutoConfiguration:
      Did not match:
         - @ConditionalOnClass did not find required class 'io.micrometer.influx.InfluxMeterRegistry' (OnClassCondition)

   InfoContributorAutoConfiguration#buildInfoContributor:
      Did not match:
         - @ConditionalOnSingleCandidate (types: org.springframework.boot.info.BuildProperties; SearchStrategy: all) did not find any beans (OnBeanCondition)
      Matched:
         - @ConditionalOnEnabledInfoContributor management.info.defaults.enabled is considered true (OnEnabledInfoContributorCondition)

   InfoContributorAutoConfiguration#envInfoContributor:
      Did not match:
         - @ConditionalOnEnabledInfoContributor management.info.env.enabled is not true (OnEnabledInfoContributorCondition)

   InfoContributorAutoConfiguration#gitInfoContributor:
      Did not match:
         - @ConditionalOnSingleCandidate (types: org.springframework.boot.info.GitProperties; SearchStrategy: all) did not find any beans (OnBeanCondition)
      Matched:
         - @ConditionalOnEnabledInfoContributor management.info.defaults.enabled is considered true (OnEnabledInfoContributorCondition)

   InfoContributorAutoConfiguration#javaInfoContributor:
      Did not match:
         - @ConditionalOnEnabledInfoContributor management.info.java.enabled is not true (OnEnabledInfoContributorCondition)

   InfoContributorAutoConfiguration#osInfoContributor:
      Did not match:
         - @ConditionalOnEnabledInfoContributor management.info.os.enabled is not true (OnEnabledInfoContributorCondition)

   InfoEndpointAutoConfiguration:
      Did not match:
         - @ConditionalOnAvailableEndpoint no 'management.endpoints' property marked it as exposed (OnAvailableEndpointCondition)

   IntegrationAutoConfiguration:
      Did not match:
         - @ConditionalOnClass did not find required class 'org.springframework.integration.config.EnableIntegration' (OnClassCondition)

   IntegrationGraphEndpointAutoConfiguration:
      Did not match:
         - @ConditionalOnClass did not find required class 'org.springframework.integration.graph.IntegrationGraphServer' (OnClassCondition)

   JCacheCacheConfiguration:
      Did not match:
         - @ConditionalOnClass did not find required class 'javax.cache.Caching' (OnClassCondition)

   JacksonHttpMessageConvertersConfiguration.MappingJackson2XmlHttpMessageConverterConfiguration:
      Did not match:
         - @ConditionalOnClass did not find required class 'com.fasterxml.jackson.dataformat.xml.XmlMapper' (OnClassCondition)

   JdbcRepositoriesAutoConfiguration:
      Did not match:
         - @ConditionalOnClass did not find required class 'org.springframework.data.jdbc.repository.config.AbstractJdbcConfiguration' (OnClassCondition)

   JerseyAutoConfiguration:
      Did not match:
         - @ConditionalOnClass did not find required class 'org.glassfish.jersey.server.spring.SpringComponentProvider' (OnClassCondition)

   JerseySameManagementContextConfiguration:
      Did not match:
         - @ConditionalOnClass did not find required class 'org.glassfish.jersey.server.ResourceConfig' (OnClassCondition)

   JerseyServerMetricsAutoConfiguration:
      Did not match:
         - @ConditionalOnClass did not find required class 'io.micrometer.core.instrument.binder.jersey.server.MetricsApplicationEventListener' (OnClassCondition)

   JerseyWebEndpointManagementContextConfiguration:
      Did not match:
         - @ConditionalOnClass did not find required class 'org.glassfish.jersey.server.ResourceConfig' (OnClassCondition)

   JettyMetricsAutoConfiguration:
      Did not match:
         - @ConditionalOnClass did not find required class 'org.eclipse.jetty.server.Server' (OnClassCondition)

   JmsAutoConfiguration:
      Did not match:
         - @ConditionalOnClass did not find required class 'jakarta.jms.Message' (OnClassCondition)

   JmsHealthContributorAutoConfiguration:
      Did not match:
         - @ConditionalOnClass did not find required class 'jakarta.jms.ConnectionFactory' (OnClassCondition)

   JmsTemplateObservationAutoConfiguration:
      Did not match:
         - @ConditionalOnClass did not find required class 'jakarta.jms.Message' (OnClassCondition)

   JmxAutoConfiguration:
      Did not match:
         - @ConditionalOnProperty (spring.jmx.enabled=true) did not find property 'enabled' (OnPropertyCondition)
      Matched:
         - @ConditionalOnClass found required class 'org.springframework.jmx.export.MBeanExporter' (OnClassCondition)

   JmxEndpointAutoConfiguration:
      Did not match:
         - @ConditionalOnProperty (spring.jmx.enabled=true) did not find property 'enabled' (OnPropertyCondition)

   JmxMetricsExportAutoConfiguration:
      Did not match:
         - @ConditionalOnClass did not find required class 'io.micrometer.jmx.JmxMeterRegistry' (OnClassCondition)

   JndiConnectionFactoryAutoConfiguration:
      Did not match:
         - @ConditionalOnClass did not find required class 'org.springframework.jms.core.JmsTemplate' (OnClassCondition)

   JndiDataSourceAutoConfiguration:
      Did not match:
         - @ConditionalOnProperty (spring.datasource.jndi-name) did not find property 'jndi-name' (OnPropertyCondition)
      Matched:
         - @ConditionalOnClass found required classes 'javax.sql.DataSource', 'org.springframework.jdbc.datasource.embedded.EmbeddedDatabaseType' (OnClassCondition)

   JndiJtaConfiguration:
      Did not match:
         - @ConditionalOnJndi JNDI environment is not available (OnJndiCondition)
      Matched:
         - @ConditionalOnClass found required class 'org.springframework.transaction.jta.JtaTransactionManager' (OnClassCondition)

   JooqAutoConfiguration:
      Did not match:
         - @ConditionalOnClass did not find required class 'org.jooq.DSLContext' (OnClassCondition)

   JpaRepositoriesAutoConfiguration#entityManagerFactoryBootstrapExecutorCustomizer:
      Did not match:
         - AnyNestedCondition 0 matched 2 did not; NestedCondition on JpaRepositoriesAutoConfiguration.BootstrapExecutorCondition.LazyBootstrapMode @ConditionalOnProperty (spring.data.jpa.repositories.bootstrap-mode=lazy) did not find property 'bootstrap-mode'; NestedCondition on JpaRepositoriesAutoConfiguration.BootstrapExecutorCondition.DeferredBootstrapMode @ConditionalOnProperty (spring.data.jpa.repositories.bootstrap-mode=deferred) did not find property 'bootstrap-mode' (JpaRepositoriesAutoConfiguration.BootstrapExecutorCondition)

   JsonbAutoConfiguration:
      Did not match:
         - @ConditionalOnClass did not find required class 'jakarta.json.bind.Jsonb' (OnClassCondition)

   JsonbHttpMessageConvertersConfiguration:
      Did not match:
         - @ConditionalOnClass did not find required class 'jakarta.json.bind.Jsonb' (OnClassCondition)

   KafkaAutoConfiguration:
      Did not match:
         - @ConditionalOnClass did not find required class 'org.springframework.kafka.core.KafkaTemplate' (OnClassCondition)

   KafkaMetricsAutoConfiguration:
      Did not match:
         - @ConditionalOnClass did not find required class 'org.springframework.kafka.core.ProducerFactory' (OnClassCondition)

   KairosMetricsExportAutoConfiguration:
      Did not match:
         - @ConditionalOnClass did not find required class 'io.micrometer.kairos.KairosMeterRegistry' (OnClassCondition)

   LdapAutoConfiguration:
      Did not match:
         - @ConditionalOnClass did not find required class 'org.springframework.ldap.core.ContextSource' (OnClassCondition)

   LdapHealthContributorAutoConfiguration:
      Did not match:
         - @ConditionalOnClass did not find required class 'org.springframework.ldap.core.LdapOperations' (OnClassCondition)

   LdapRepositoriesAutoConfiguration:
      Did not match:
         - @ConditionalOnClass did not find required class 'org.springframework.data.ldap.repository.LdapRepository' (OnClassCondition)

   LettuceMetricsAutoConfiguration:
      Did not match:
         - @ConditionalOnClass did not find required class 'io.lettuce.core.metrics.MicrometerCommandLatencyRecorder' (OnClassCondition)

   LiquibaseAutoConfiguration:
      Did not match:
         - @ConditionalOnClass did not find required class 'liquibase.change.DatabaseChange' (OnClassCondition)

   LiquibaseEndpointAutoConfiguration:
      Did not match:
         - @ConditionalOnClass did not find required class 'liquibase.integration.spring.SpringLiquibase' (OnClassCondition)

   LoadBalancerAutoConfiguration:
      Did not match:
         - @ConditionalOnBean (types: org.springframework.cloud.client.loadbalancer.LoadBalancerClient; SearchStrategy: all) did not find any beans of type org.springframework.cloud.client.loadbalancer.LoadBalancerClient (OnBeanCondition)
      Matched:
         - AnyNestedCondition 2 matched 0 did not; NestedCondition on BlockingRestClassesPresentCondition.RestClientPresent @ConditionalOnClass found required class 'org.springframework.web.client.RestClient'; NestedCondition on BlockingRestClassesPresentCondition.RestTemplatePresent @ConditionalOnClass found required class 'org.springframework.web.client.RestTemplate' (BlockingRestClassesPresentCondition)

   LoadBalancerAutoConfiguration.RetryAutoConfiguration:
      Did not match:
         - @ConditionalOnClass did not find required class 'org.springframework.retry.support.RetryTemplate' (OnClassCondition)
         - Ancestor org.springframework.cloud.client.loadbalancer.LoadBalancerAutoConfiguration did not match (ConditionEvaluationReport.AncestorsMatchedCondition)

   LoadBalancerAutoConfiguration.RetryInterceptorAutoConfiguration:
      Did not match:
         - @ConditionalOnClass did not find required class 'org.springframework.retry.support.RetryTemplate' (OnClassCondition)
         - Ancestor org.springframework.cloud.client.loadbalancer.LoadBalancerAutoConfiguration did not match (ConditionEvaluationReport.AncestorsMatchedCondition)

   LoadBalancerBeanPostProcessorAutoConfiguration:
      Did not match:
         - @ConditionalOnClass did not find required class 'org.springframework.web.reactive.function.client.WebClient' (OnClassCondition)

   Log4J2MetricsAutoConfiguration:
      Did not match:
         - @ConditionalOnClass did not find required class 'org.apache.logging.log4j.core.LoggerContext' (OnClassCondition)

   LogFileWebEndpointAutoConfiguration:
      Did not match:
         - @ConditionalOnAvailableEndpoint no 'management.endpoints' property marked it as exposed (OnAvailableEndpointCondition)

   LoggersEndpointAutoConfiguration:
      Did not match:
         - @ConditionalOnAvailableEndpoint no 'management.endpoints' property marked it as exposed (OnAvailableEndpointCondition)

   MailHealthContributorAutoConfiguration:
      Did not match:
         - @ConditionalOnClass did not find required class 'org.springframework.mail.javamail.JavaMailSenderImpl' (OnClassCondition)

   MailSenderAutoConfiguration:
      Did not match:
         - @ConditionalOnClass did not find required class 'jakarta.mail.internet.MimeMessage' (OnClassCondition)

   MailSenderValidatorAutoConfiguration:
      Did not match:
         - @ConditionalOnSingleCandidate did not find required type 'org.springframework.mail.javamail.JavaMailSenderImpl' (OnBeanCondition)

   ManagementContextAutoConfiguration.DifferentManagementContextConfiguration:
      Did not match:
         - Management Port actual port type (SAME) did not match required type (DIFFERENT) (OnManagementPortCondition)

   ManagementWebSecurityAutoConfiguration:
      Did not match:
         - AllNestedConditions 1 matched 1 did not; NestedCondition on DefaultWebSecurityCondition.Beans @ConditionalOnMissingBean (types: org.springframework.security.web.SecurityFilterChain; SearchStrategy: all) found beans of type 'org.springframework.security.web.SecurityFilterChain' securityFilterChain; NestedCondition on DefaultWebSecurityCondition.Classes @ConditionalOnClass found required classes 'org.springframework.security.web.SecurityFilterChain', 'org.springframework.security.config.annotation.web.builders.HttpSecurity' (DefaultWebSecurityCondition)
      Matched:
         - found 'session' scope (OnWebApplicationCondition)

   MappingsEndpointAutoConfiguration:
      Did not match:
         - @ConditionalOnAvailableEndpoint no 'management.endpoints' property marked it as exposed (OnAvailableEndpointCondition)

   MessageSourceAutoConfiguration:
      Did not match:
         - ResourceBundle did not find bundle with basename messages (MessageSourceAutoConfiguration.ResourceBundleCondition)

   MetricsEndpointAutoConfiguration:
      Did not match:
         - @ConditionalOnAvailableEndpoint no 'management.endpoints' property marked it as exposed (OnAvailableEndpointCondition)
      Matched:
         - @ConditionalOnClass found required class 'io.micrometer.core.annotation.Timed' (OnClassCondition)

   MicrometerTracingAutoConfiguration:
      Did not match:
         - @ConditionalOnClass did not find required class 'io.micrometer.tracing.Tracer' (OnClassCondition)

   MongoAutoConfiguration:
      Did not match:
         - @ConditionalOnClass did not find required class 'com.mongodb.client.MongoClient' (OnClassCondition)

   MongoDataAutoConfiguration:
      Did not match:
         - @ConditionalOnClass did not find required class 'com.mongodb.client.MongoClient' (OnClassCondition)

   MongoHealthContributorAutoConfiguration:
      Did not match:
         - @ConditionalOnClass did not find required class 'org.springframework.data.mongodb.core.MongoTemplate' (OnClassCondition)

   MongoMetricsAutoConfiguration:
      Did not match:
         - @ConditionalOnClass did not find required class 'com.mongodb.MongoClientSettings' (OnClassCondition)

   MongoReactiveAutoConfiguration:
      Did not match:
         - @ConditionalOnClass did not find required class 'com.mongodb.reactivestreams.client.MongoClient' (OnClassCondition)

   MongoReactiveDataAutoConfiguration:
      Did not match:
         - @ConditionalOnClass did not find required class 'com.mongodb.reactivestreams.client.MongoClient' (OnClassCondition)

   MongoReactiveHealthContributorAutoConfiguration:
      Did not match:
         - @ConditionalOnClass did not find required class 'reactor.core.publisher.Flux' (OnClassCondition)

   MongoReactiveRepositoriesAutoConfiguration:
      Did not match:
         - @ConditionalOnClass did not find required class 'com.mongodb.reactivestreams.client.MongoClient' (OnClassCondition)

   MongoRepositoriesAutoConfiguration:
      Did not match:
         - @ConditionalOnClass did not find required class 'com.mongodb.client.MongoClient' (OnClassCondition)

   MultipleOpenApiSupportConfiguration:
      Did not match:
         - AnyNestedCondition 0 matched 2 did not; NestedCondition on MultipleOpenApiSupportCondition.OnActuatorDifferentPort found non-matching nested conditions Management Port actual port type (SAME) did not match required type (DIFFERENT), @ConditionalOnProperty (springdoc.show-actuator) did not find property 'springdoc.show-actuator'; NestedCondition on MultipleOpenApiSupportCondition.OnMultipleOpenApiSupportCondition AnyNestedCondition 0 matched 2 did not; NestedCondition on MultipleOpenApiGroupsCondition.OnGroupConfigProperty @ConditionalOnProperty (springdoc.group-configs[0].group) did not find property 'springdoc.group-configs[0].group'; NestedCondition on MultipleOpenApiGroupsCondition.OnGroupedOpenApiBean @ConditionalOnBean (types: org.springdoc.core.models.GroupedOpenApi; SearchStrategy: all) did not find any beans of type org.springdoc.core.models.GroupedOpenApi (MultipleOpenApiSupportCondition)
      Matched:
         - found 'session' scope (OnWebApplicationCondition)
         - @ConditionalOnProperty (springdoc.api-docs.enabled) matched (OnPropertyCondition)

   MultipleOpenApiSupportConfiguration.SpringDocWebMvcActuatorDifferentConfiguration:
      Did not match:
         - Management Port actual port type (SAME) did not match required type (DIFFERENT) (OnManagementPortCondition)
         - Ancestor org.springdoc.webmvc.core.configuration.MultipleOpenApiSupportConfiguration did not match (ConditionEvaluationReport.AncestorsMatchedCondition)
      Matched:
         - @ConditionalOnClass found required class 'org.springframework.boot.actuate.endpoint.web.servlet.WebMvcEndpointHandlerMapping' (OnClassCondition)

   MustacheAutoConfiguration:
      Did not match:
         - @ConditionalOnClass did not find required class 'com.samskivert.mustache.Mustache' (OnClassCondition)

   Neo4jAutoConfiguration:
      Did not match:
         - @ConditionalOnClass did not find required class 'org.neo4j.driver.Driver' (OnClassCondition)

   Neo4jDataAutoConfiguration:
      Did not match:
         - @ConditionalOnClass did not find required class 'org.neo4j.driver.Driver' (OnClassCondition)

   Neo4jHealthContributorAutoConfiguration:
      Did not match:
         - @ConditionalOnClass did not find required class 'org.neo4j.driver.Driver' (OnClassCondition)

   Neo4jReactiveDataAutoConfiguration:
      Did not match:
         - @ConditionalOnClass did not find required class 'org.neo4j.driver.Driver' (OnClassCondition)

   Neo4jReactiveRepositoriesAutoConfiguration:
      Did not match:
         - @ConditionalOnClass did not find required class 'org.neo4j.driver.Driver' (OnClassCondition)

   Neo4jRepositoriesAutoConfiguration:
      Did not match:
         - @ConditionalOnClass did not find required class 'org.neo4j.driver.Driver' (OnClassCondition)

   NettyAutoConfiguration:
      Did not match:
         - @ConditionalOnClass did not find required class 'io.netty.util.NettyRuntime' (OnClassCondition)

   NewRelicMetricsExportAutoConfiguration:
      Did not match:
         - @ConditionalOnClass did not find required class 'io.micrometer.newrelic.NewRelicMeterRegistry' (OnClassCondition)

   NoOpMeterRegistryConfiguration:
      Did not match:
         - @ConditionalOnMissingBean (types: io.micrometer.core.instrument.MeterRegistry; SearchStrategy: all) found beans of type 'io.micrometer.core.instrument.MeterRegistry' simpleMeterRegistry (OnBeanCondition)

   OAuth2AuthorizationServerAutoConfiguration:
      Did not match:
         - @ConditionalOnClass did not find required class 'org.springframework.security.oauth2.server.authorization.OAuth2Authorization' (OnClassCondition)

   OAuth2AuthorizationServerJwtAutoConfiguration:
      Did not match:
         - @ConditionalOnClass did not find required class 'org.springframework.security.oauth2.server.authorization.OAuth2Authorization' (OnClassCondition)

   OAuth2ClientAutoConfiguration:
      Did not match:
         - @ConditionalOnClass did not find required class 'org.springframework.security.oauth2.client.registration.ClientRegistration' (OnClassCondition)

   OAuth2ResourceServerAutoConfiguration:
      Did not match:
         - @ConditionalOnClass did not find required class 'org.springframework.security.oauth2.server.resource.authentication.BearerTokenAuthenticationToken' (OnClassCondition)

   ObservationAutoConfiguration.MeterObservationHandlerConfiguration.TracingAndMetricsObservationHandlerConfiguration:
      Did not match:
         - @ConditionalOnBean did not find required type 'io.micrometer.tracing.Tracer' (OnBeanCondition)
         - @ConditionalOnBean (types: io.micrometer.tracing.Tracer; SearchStrategy: all) did not find any beans of type io.micrometer.tracing.Tracer (OnBeanCondition)

   ObservationAutoConfiguration.MetricsWithTracingConfiguration:
      Did not match:
         - @ConditionalOnClass did not find required class 'io.micrometer.tracing.Tracer' (OnClassCondition)

   ObservationAutoConfiguration.OnlyTracingConfiguration:
      Did not match:
         - @ConditionalOnClass did not find required class 'io.micrometer.tracing.Tracer' (OnClassCondition)

   org.springframework.boot.actuate.autoconfigure.opentelemetry.OpenTelemetryAutoConfiguration:
      Did not match:
         - @ConditionalOnClass did not find required class 'io.opentelemetry.sdk.OpenTelemetrySdk' (OnClassCondition)

   org.springframework.boot.actuate.autoconfigure.tracing.OpenTelemetryAutoConfiguration:
      Did not match:
         - @ConditionalOnClass did not find required class 'io.micrometer.tracing.otel.bridge.OtelTracer' (OnClassCondition)

   OtlpAutoConfiguration:
      Did not match:
         - @ConditionalOnClass did not find required class 'io.micrometer.tracing.otel.bridge.OtelTracer' (OnClassCondition)

   OtlpMetricsExportAutoConfiguration:
      Did not match:
         - @ConditionalOnClass did not find required class 'io.micrometer.registry.otlp.OtlpMeterRegistry' (OnClassCondition)

   PauseResumeEndpointsConfiguration#pauseEndpoint:
      Did not match:
         - @ConditionalOnBean (types: org.springframework.cloud.context.restart.RestartEndpoint; SearchStrategy: all) did not find any beans of type org.springframework.cloud.context.restart.RestartEndpoint (OnBeanCondition)

   PauseResumeEndpointsConfiguration#resumeEndpoint:
      Did not match:
         - @ConditionalOnBean (types: org.springframework.cloud.context.restart.RestartEndpoint; SearchStrategy: all) did not find any beans of type org.springframework.cloud.context.restart.RestartEndpoint (OnBeanCondition)

   ProjectInfoAutoConfiguration#buildProperties:
      Did not match:
         - @ConditionalOnResource did not find resource '${spring.info.build.location:classpath:META-INF/build-info.properties}' (OnResourceCondition)

   ProjectInfoAutoConfiguration#gitProperties:
      Did not match:
         - GitResource did not find git info at classpath:git.properties (ProjectInfoAutoConfiguration.GitResourceAvailableCondition)

   PrometheusExemplarsAutoConfiguration:
      Did not match:
         - @ConditionalOnClass did not find required class 'io.micrometer.tracing.Tracer' (OnClassCondition)

   PrometheusMetricsExportAutoConfiguration:
      Did not match:
         - @ConditionalOnClass did not find required class 'io.micrometer.prometheus.PrometheusMeterRegistry' (OnClassCondition)

   PulsarAutoConfiguration:
      Did not match:
         - @ConditionalOnClass did not find required class 'org.apache.pulsar.client.api.PulsarClient' (OnClassCondition)

   PulsarReactiveAutoConfiguration:
      Did not match:
         - @ConditionalOnClass did not find required class 'org.apache.pulsar.client.api.PulsarClient' (OnClassCondition)

   QuartzAutoConfiguration:
      Did not match:
         - @ConditionalOnClass did not find required class 'org.quartz.Scheduler' (OnClassCondition)

   QuartzEndpointAutoConfiguration:
      Did not match:
         - @ConditionalOnClass did not find required class 'org.quartz.Scheduler' (OnClassCondition)

   R2dbcAutoConfiguration:
      Did not match:
         - @ConditionalOnClass did not find required class 'io.r2dbc.spi.ConnectionFactory' (OnClassCondition)

   R2dbcDataAutoConfiguration:
      Did not match:
         - @ConditionalOnClass did not find required class 'org.springframework.data.r2dbc.core.R2dbcEntityTemplate' (OnClassCondition)

   R2dbcInitializationConfiguration:
      Did not match:
         - @ConditionalOnClass did not find required classes 'io.r2dbc.spi.ConnectionFactory', 'org.springframework.r2dbc.connection.init.DatabasePopulator' (OnClassCondition)

   R2dbcObservationAutoConfiguration:
      Did not match:
         - @ConditionalOnClass did not find required class 'io.r2dbc.proxy.ProxyConnectionFactory' (OnClassCondition)

   R2dbcRepositoriesAutoConfiguration:
      Did not match:
         - @ConditionalOnClass did not find required class 'io.r2dbc.spi.ConnectionFactory' (OnClassCondition)

   R2dbcTransactionManagerAutoConfiguration:
      Did not match:
         - @ConditionalOnClass did not find required class 'org.springframework.r2dbc.connection.R2dbcTransactionManager' (OnClassCondition)

   RSocketGraphQlClientAutoConfiguration:
      Did not match:
         - @ConditionalOnClass did not find required class 'graphql.GraphQL' (OnClassCondition)

   RSocketMessagingAutoConfiguration:
      Did not match:
         - @ConditionalOnClass did not find required class 'io.rsocket.RSocket' (OnClassCondition)

   RSocketRequesterAutoConfiguration:
      Did not match:
         - @ConditionalOnClass did not find required class 'io.rsocket.RSocket' (OnClassCondition)

   RSocketSecurityAutoConfiguration:
      Did not match:
         - @ConditionalOnClass did not find required class 'org.springframework.security.rsocket.core.SecuritySocketAcceptorInterceptor' (OnClassCondition)

   RSocketServerAutoConfiguration:
      Did not match:
         - @ConditionalOnClass did not find required class 'io.rsocket.core.RSocketServer' (OnClassCondition)

   RSocketStrategiesAutoConfiguration:
      Did not match:
         - @ConditionalOnClass did not find required class 'io.netty.buffer.PooledByteBufAllocator' (OnClassCondition)

   RabbitAutoConfiguration:
      Did not match:
         - @ConditionalOnClass did not find required class 'com.rabbitmq.client.Channel' (OnClassCondition)

   RabbitHealthContributorAutoConfiguration:
      Did not match:
         - @ConditionalOnClass did not find required class 'org.springframework.amqp.rabbit.core.RabbitTemplate' (OnClassCondition)

   RabbitMetricsAutoConfiguration:
      Did not match:
         - @ConditionalOnClass did not find required class 'com.rabbitmq.client.ConnectionFactory' (OnClassCondition)

   ReactiveCloudFoundryActuatorAutoConfiguration:
      Did not match:
         - @ConditionalOnWebApplication did not find reactive web application classes (OnWebApplicationCondition)

   ReactiveCommonsClientAutoConfiguration.ReactiveDiscoveryLoadBalancerConfiguration:
      Did not match:
         - @ConditionalOnClass did not find required class 'org.springframework.web.reactive.function.client.WebClient' (OnClassCondition)

   ReactiveCompositeDiscoveryClientAutoConfiguration:
      Did not match:
         - @ConditionalOnClass did not find required class 'org.springframework.web.reactive.function.client.WebClient' (OnClassCondition)

   ReactiveElasticsearchClientAutoConfiguration:
      Did not match:
         - @ConditionalOnClass did not find required class 'co.elastic.clients.transport.ElasticsearchTransport' (OnClassCondition)

   ReactiveElasticsearchRepositoriesAutoConfiguration:
      Did not match:
         - @ConditionalOnClass did not find required class 'org.springframework.data.elasticsearch.client.elc.ReactiveElasticsearchClient' (OnClassCondition)

   ReactiveHealthEndpointConfiguration:
      Did not match:
         - @ConditionalOnClass did not find required class 'reactor.core.publisher.Flux' (OnClassCondition)

   ReactiveManagementContextAutoConfiguration:
      Did not match:
         - @ConditionalOnClass did not find required class 'reactor.core.publisher.Flux' (OnClassCondition)

   ReactiveManagementWebSecurityAutoConfiguration:
      Did not match:
         - @ConditionalOnWebApplication did not find reactive web application classes (OnWebApplicationCondition)

   ReactiveMultipartAutoConfiguration:
      Did not match:
         - @ConditionalOnClass did not find required class 'org.springframework.web.reactive.config.WebFluxConfigurer' (OnClassCondition)

   ReactiveOAuth2ClientAutoConfiguration:
      Did not match:
         - @ConditionalOnClass did not find required class 'reactor.core.publisher.Flux' (OnClassCondition)

   ReactiveOAuth2ResourceServerAutoConfiguration:
      Did not match:
         - @ConditionalOnWebApplication did not find reactive web application classes (OnWebApplicationCondition)

   ReactiveSecurityAutoConfiguration:
      Did not match:
         - @ConditionalOnClass did not find required class 'reactor.core.publisher.Flux' (OnClassCondition)

   ReactiveUserDetailsServiceAutoConfiguration:
      Did not match:
         - AnyNestedCondition 0 matched 2 did not; NestedCondition on ReactiveUserDetailsServiceAutoConfiguration.ReactiveUserDetailsServiceCondition.ReactiveWebApplicationCondition did not find reactive web application classes; NestedCondition on ReactiveUserDetailsServiceAutoConfiguration.ReactiveUserDetailsServiceCondition.RSocketSecurityEnabledCondition @ConditionalOnBean (types: org.springframework.messaging.rsocket.annotation.support.RSocketMessageHandler; SearchStrategy: all) did not find any beans of type org.springframework.messaging.rsocket.annotation.support.RSocketMessageHandler (ReactiveUserDetailsServiceAutoConfiguration.ReactiveUserDetailsServiceCondition)
      Matched:
         - @ConditionalOnClass found required class 'org.springframework.security.authentication.ReactiveAuthenticationManager'; @ConditionalOnMissingClass did not find unwanted classes 'org.springframework.security.oauth2.client.registration.ClientRegistrationRepository', 'org.springframework.security.oauth2.server.resource.introspection.ReactiveOpaqueTokenIntrospector' (OnClassCondition)

   ReactiveWebServerFactoryAutoConfiguration:
      Did not match:
         - @ConditionalOnWebApplication did not find reactive web application classes (OnWebApplicationCondition)

   ReactorAutoConfiguration:
      Did not match:
         - @ConditionalOnClass did not find required class 'reactor.core.publisher.Hooks' (OnClassCondition)

   ReactorLoadBalancerClientAutoConfiguration:
      Did not match:
         - @ConditionalOnClass did not find required class 'org.springframework.web.reactive.function.client.WebClient' (OnClassCondition)

   RedisAutoConfiguration:
      Did not match:
         - @ConditionalOnClass did not find required class 'org.springframework.data.redis.core.RedisOperations' (OnClassCondition)

   RedisCacheConfiguration:
      Did not match:
         - @ConditionalOnClass did not find required class 'org.springframework.data.redis.connection.RedisConnectionFactory' (OnClassCondition)

   RedisHealthContributorAutoConfiguration:
      Did not match:
         - @ConditionalOnClass did not find required class 'org.springframework.data.redis.connection.RedisConnectionFactory' (OnClassCondition)

   RedisReactiveAutoConfiguration:
      Did not match:
         - @ConditionalOnClass did not find required class 'reactor.core.publisher.Flux' (OnClassCondition)

   RedisReactiveHealthContributorAutoConfiguration:
      Did not match:
         - @ConditionalOnClass did not find required class 'reactor.core.publisher.Flux' (OnClassCondition)

   RedisRepositoriesAutoConfiguration:
      Did not match:
         - @ConditionalOnClass did not find required class 'org.springframework.data.redis.repository.configuration.EnableRedisRepositories' (OnClassCondition)

   RefreshAutoConfiguration#legacyContextRefresher:
      Did not match:
         - AnyNestedCondition 0 matched 3 did not; NestedCondition on ConditionalOnBootstrapEnabled.OnBootstrapEnabledCondition.OnBootstrapEnabled @ConditionalOnProperty (spring.cloud.bootstrap.enabled) did not find property 'spring.cloud.bootstrap.enabled'; NestedCondition on ConditionalOnBootstrapEnabled.OnBootstrapEnabledCondition.OnUseLegacyProcessingEnabled @ConditionalOnProperty (spring.config.use-legacy-processing) did not find property 'spring.config.use-legacy-processing'; NestedCondition on ConditionalOnBootstrapEnabled.OnBootstrapEnabledCondition.OnBootstrapMarkerClassPresent @ConditionalOnClass did not find required class 'org.springframework.cloud.bootstrap.marker.Marker' (ConditionalOnBootstrapEnabled.OnBootstrapEnabledCondition)

   RefreshAutoConfiguration.JpaInvokerConfiguration:
      Did not match:
         - @ConditionalOnClass did not find required class 'javax.persistence.EntityManagerFactory' (OnClassCondition)

   RefreshEndpointAutoConfiguration.RefreshEndpointConfiguration#refreshEndpoint:
      Did not match:
         - @ConditionalOnAvailableEndpoint no 'management.endpoints' property marked it as exposed (OnAvailableEndpointCondition)
      Matched:
         - @ConditionalOnBean (types: org.springframework.cloud.context.refresh.ContextRefresher; SearchStrategy: all) found bean 'configDataContextRefresher'; @ConditionalOnMissingBean (types: org.springframework.cloud.endpoint.RefreshEndpoint; SearchStrategy: all) did not find any beans (OnBeanCondition)

   RepositoryRestMvcAutoConfiguration:
      Did not match:
         - @ConditionalOnClass did not find required class 'org.springframework.data.rest.webmvc.config.RepositoryRestMvcConfiguration' (OnClassCondition)

   RestartEndpointWithIntegrationConfiguration:
      Did not match:
         - @ConditionalOnClass did not find required class 'org.springframework.integration.monitor.IntegrationMBeanExporter' (OnClassCondition)

   RestartEndpointWithoutIntegrationConfiguration#restartEndpointWithoutIntegration:
      Did not match:
         - @ConditionalOnAvailableEndpoint no property management.endpoint.restart.enabled found so using endpoint default of false (OnAvailableEndpointCondition)

   Saml2RelyingPartyAutoConfiguration:
      Did not match:
         - @ConditionalOnClass did not find required class 'org.springframework.security.saml2.provider.service.registration.RelyingPartyRegistrationRepository' (OnClassCondition)

   ScheduledTasksEndpointAutoConfiguration:
      Did not match:
         - @ConditionalOnAvailableEndpoint no 'management.endpoints' property marked it as exposed (OnAvailableEndpointCondition)

   SecurityDataConfiguration:
      Did not match:
         - @ConditionalOnClass did not find required class 'org.springframework.security.data.repository.query.SecurityEvaluationContextExtension' (OnClassCondition)

   SecurityRequestMatchersManagementContextConfiguration.JerseyRequestMatcherConfiguration:
      Did not match:
         - @ConditionalOnClass did not find required class 'org.glassfish.jersey.server.ResourceConfig' (OnClassCondition)

   SendGridAutoConfiguration:
      Did not match:
         - @ConditionalOnClass did not find required class 'com.sendgrid.SendGrid' (OnClassCondition)

   ServiceRegistryAutoConfiguration.ServiceRegistryEndpointConfiguration:
      Did not match:
         - @ConditionalOnBean (types: org.springframework.cloud.client.serviceregistry.ServiceRegistry; SearchStrategy: all) did not find any beans of type org.springframework.cloud.client.serviceregistry.ServiceRegistry (OnBeanCondition)
      Matched:
         - @ConditionalOnClass found required class 'org.springframework.boot.actuate.endpoint.annotation.Endpoint' (OnClassCondition)

   ServletEndpointManagementContextConfiguration.JerseyServletEndpointManagementContextConfiguration:
      Did not match:
         - @ConditionalOnClass did not find required class 'org.glassfish.jersey.server.ResourceConfig' (OnClassCondition)

   ServletManagementContextAutoConfiguration.ApplicationContextFilterConfiguration:
      Did not match:
         - @ConditionalOnProperty (management.server.add-application-context-header=true) did not find property 'add-application-context-header' (OnPropertyCondition)

   ServletWebServerFactoryAutoConfiguration.ForwardedHeaderFilterConfiguration:
      Did not match:
         - @ConditionalOnProperty (server.forward-headers-strategy=framework) did not find property 'server.forward-headers-strategy' (OnPropertyCondition)

   ServletWebServerFactoryConfiguration.EmbeddedJetty:
      Did not match:
         - @ConditionalOnClass did not find required classes 'org.eclipse.jetty.server.Server', 'org.eclipse.jetty.util.Loader', 'org.eclipse.jetty.ee10.webapp.WebAppContext' (OnClassCondition)

   ServletWebServerFactoryConfiguration.EmbeddedUndertow:
      Did not match:
         - @ConditionalOnClass did not find required classes 'io.undertow.Undertow', 'org.xnio.SslClientAuthMode' (OnClassCondition)

   SessionAutoConfiguration:
      Did not match:
         - @ConditionalOnClass did not find required class 'org.springframework.session.Session' (OnClassCondition)

   SessionsEndpointAutoConfiguration:
      Did not match:
         - @ConditionalOnClass did not find required class 'org.springframework.session.FindByIndexNameSessionRepository' (OnClassCondition)

   ShutdownEndpointAutoConfiguration:
      Did not match:
         - @ConditionalOnAvailableEndpoint no property management.endpoint.shutdown.enabled found so using endpoint default of false (OnAvailableEndpointCondition)

   SignalFxMetricsExportAutoConfiguration:
      Did not match:
         - @ConditionalOnClass did not find required class 'io.micrometer.signalfx.SignalFxMeterRegistry' (OnClassCondition)

   SimpleReactiveDiscoveryClientAutoConfiguration:
      Did not match:
         - @ConditionalOnClass did not find required class 'org.springframework.web.reactive.function.client.WebClient' (OnClassCondition)

   SpringApplicationAdminJmxAutoConfiguration:
      Did not match:
         - @ConditionalOnProperty (spring.application.admin.enabled=true) did not find property 'enabled' (OnPropertyCondition)

   SpringBootWebSecurityConfiguration.SecurityFilterChainConfiguration:
      Did not match:
         - AllNestedConditions 1 matched 1 did not; NestedCondition on DefaultWebSecurityCondition.Beans @ConditionalOnMissingBean (types: org.springframework.security.web.SecurityFilterChain; SearchStrategy: all) found beans of type 'org.springframework.security.web.SecurityFilterChain' securityFilterChain; NestedCondition on DefaultWebSecurityCondition.Classes @ConditionalOnClass found required classes 'org.springframework.security.web.SecurityFilterChain', 'org.springframework.security.config.annotation.web.builders.HttpSecurity' (DefaultWebSecurityCondition)

   SpringBootWebSecurityConfiguration.WebSecurityEnablerConfiguration:
      Did not match:
         - @ConditionalOnMissingBean (names: springSecurityFilterChain; SearchStrategy: all) found beans named springSecurityFilterChain (OnBeanCondition)
      Matched:
         - @ConditionalOnClass found required class 'org.springframework.security.config.annotation.web.configuration.EnableWebSecurity' (OnClassCondition)

   SpringDocConfiguration#propertiesResolverForSchema:
      Did not match:
         - @ConditionalOnProperty (springdoc.api-docs.resolve-schema-properties) did not find property 'springdoc.api-docs.resolve-schema-properties' (OnPropertyCondition)

   SpringDocConfiguration#propertyCustomizingConverter:
      Did not match:
         - @ConditionalOnBean (types: org.springdoc.core.customizers.PropertyCustomizer; SearchStrategy: all) did not find any beans of type org.springdoc.core.customizers.PropertyCustomizer (OnBeanCondition)

   SpringDocConfiguration#springdocBeanFactoryPostProcessor:
      Did not match:
         - AnyNestedCondition 0 matched 2 did not; NestedCondition on CacheOrGroupedOpenApiCondition.OnCacheDisabled found non-matching nested conditions @ConditionalOnProperty (springdoc.cache.disabled) did not find property 'springdoc.cache.disabled'; NestedCondition on CacheOrGroupedOpenApiCondition.OnMultipleOpenApiSupportCondition AnyNestedCondition 0 matched 2 did not; NestedCondition on MultipleOpenApiSupportCondition.OnActuatorDifferentPort found non-matching nested conditions Management Port actual port type (SAME) did not match required type (DIFFERENT), @ConditionalOnProperty (springdoc.show-actuator) did not find property 'springdoc.show-actuator'; NestedCondition on MultipleOpenApiSupportCondition.OnMultipleOpenApiSupportCondition AnyNestedCondition 0 matched 2 did not; NestedCondition on MultipleOpenApiGroupsCondition.OnGroupConfigProperty @ConditionalOnProperty (springdoc.group-configs[0].group) did not find property 'springdoc.group-configs[0].group'; NestedCondition on MultipleOpenApiGroupsCondition.OnGroupedOpenApiBean @ConditionalOnBean (types: org.springdoc.core.models.GroupedOpenApi; SearchStrategy: all) did not find any beans of type org.springdoc.core.models.GroupedOpenApi (CacheOrGroupedOpenApiCondition)
      Matched:
         - @ConditionalOnClass found required class 'org.springframework.boot.context.properties.bind.BindResult' (OnClassCondition)

   SpringDocConfiguration#springdocBeanFactoryPostProcessor2:
      Did not match:
         - @ConditionalOnMissingClass found unwanted class 'org.springframework.boot.context.properties.bind.BindResult' (OnClassCondition)

   SpringDocConfiguration.SpringDocActuatorConfiguration:
      Did not match:
         - @ConditionalOnProperty (springdoc.show-actuator) did not find property 'springdoc.show-actuator' (OnPropertyCondition)
      Matched:
         - @ConditionalOnClass found required class 'org.springframework.boot.actuate.autoconfigure.endpoint.web.WebEndpointProperties' (OnClassCondition)

   SpringDocConfiguration.SpringDocRepositoryRestConfiguration:
      Did not match:
         - @ConditionalOnClass did not find required class 'org.springframework.data.rest.core.config.RepositoryRestConfiguration' (OnClassCondition)

   SpringDocConfiguration.SpringDocWebFluxSupportConfiguration:
      Did not match:
         - @ConditionalOnClass did not find required class 'reactor.core.publisher.Flux' (OnClassCondition)

   SpringDocDataRestConfiguration:
      Did not match:
         - @ConditionalOnClass did not find required class 'org.springframework.data.rest.core.config.RepositoryRestConfiguration' (OnClassCondition)

   SpringDocFunctionCatalogConfiguration:
      Did not match:
         - @ConditionalOnClass did not find required class 'org.springframework.cloud.function.web.function.FunctionEndpointInitializer' (OnClassCondition)

   SpringDocGroovyConfiguration:
      Did not match:
         - @ConditionalOnClass did not find required class 'groovy.lang.MetaClass' (OnClassCondition)

   SpringDocHateoasConfiguration:
      Did not match:
         - @ConditionalOnClass did not find required class 'org.springframework.hateoas.server.LinkRelationProvider' (OnClassCondition)

   SpringDocJacksonKotlinModuleConfiguration:
      Did not match:
         - @ConditionalOnClass did not find required class 'com.fasterxml.jackson.module.kotlin.KotlinModule' (OnClassCondition)

   SpringDocJavadocConfiguration:
      Did not match:
         - @ConditionalOnClass did not find required class 'com.github.therapi.runtimejavadoc.CommentFormatter' (OnClassCondition)

   SpringDocKotlinConfiguration:
      Did not match:
         - @ConditionalOnClass did not find required class 'kotlin.coroutines.Continuation' (OnClassCondition)

   SpringDocKotlinxConfiguration:
      Did not match:
         - @ConditionalOnClass did not find required class 'kotlinx.coroutines.flow.Flow' (OnClassCondition)

   SpringDocSecurityConfiguration.SpringDocSecurityOAuth2Configuration:
      Did not match:
         - @ConditionalOnClass did not find required class 'org.springframework.security.oauth2.server.authorization.OAuth2AuthorizationService' (OnClassCondition)

   SpringDocSecurityConfiguration.SpringSecurityLoginEndpointConfiguration#springSecurityLoginEndpointCustomiser:
      Did not match:
         - @ConditionalOnProperty (springdoc.show-login-endpoint) did not find property 'springdoc.show-login-endpoint' (OnPropertyCondition)

   SpringDocSortConfiguration#delegatingMethodParameterCustomizer:
      Did not match:
         - @ConditionalOnMissingBean (types: org.springdoc.core.customizers.DelegatingMethodParameterCustomizer; SearchStrategy: all) found beans of type 'org.springdoc.core.customizers.DelegatingMethodParameterCustomizer' delegatingMethodParameterCustomizer (OnBeanCondition)

   SpringDocWebMvcConfiguration.SpringDocWebMvcActuatorConfiguration#actuatorProvider:
      Did not match:
         - @ConditionalOnExpression (#{${springdoc.show-actuator:false} or ${springdoc.use-management-port:false}}) resulted in false (OnExpressionCondition)

   SpringDocWebMvcConfiguration.SpringDocWebMvcActuatorConfiguration#openApiActuatorResource:
      Did not match:
         - @ConditionalOnExpression (#{${springdoc.use-management-port:false} and ${springdoc.enable-default-api-docs:true}}) resulted in false (OnExpressionCondition)

   StackdriverMetricsExportAutoConfiguration:
      Did not match:
         - @ConditionalOnClass did not find required class 'io.micrometer.stackdriver.StackdriverMeterRegistry' (OnClassCondition)

   StartupEndpointAutoConfiguration:
      Did not match:
         - ApplicationStartup configured applicationStartup is of type class org.springframework.core.metrics.DefaultApplicationStartup, expected BufferingApplicationStartup. (StartupEndpointAutoConfiguration.ApplicationStartupCondition)

   StatsdMetricsExportAutoConfiguration:
      Did not match:
         - @ConditionalOnClass did not find required class 'io.micrometer.statsd.StatsdMeterRegistry' (OnClassCondition)

   SwaggerConfig#springWebProvider:
      Did not match:
         - @ConditionalOnMissingBean (types: org.springdoc.core.providers.SpringWebProvider; SearchStrategy: all) found beans of type 'org.springdoc.core.providers.SpringWebProvider' springWebProvider (OnBeanCondition)

   SwaggerConfig#swaggerUiConfigParameters:
      Did not match:
         - @ConditionalOnMissingBean (types: org.springdoc.core.properties.SwaggerUiConfigParameters; SearchStrategy: all) found beans of type 'org.springdoc.core.properties.SwaggerUiConfigParameters' org.springdoc.core.properties.SwaggerUiConfigParameters (OnBeanCondition)

   SwaggerConfig#swaggerUiHome:
      Did not match:
         - @ConditionalOnProperty (springdoc.swagger-ui.use-root-path=true) did not find property 'springdoc.swagger-ui.use-root-path' (OnPropertyCondition)

   SwaggerConfig.SwaggerActuatorWelcomeConfiguration:
      Did not match:
         - @ConditionalOnProperty (springdoc.use-management-port) did not find property 'springdoc.use-management-port' (OnPropertyCondition)
      Matched:
         - @ConditionalOnClass found required class 'org.springframework.boot.actuate.endpoint.web.servlet.WebMvcEndpointHandlerMapping' (OnClassCondition)

   TaskExecutorConfigurations.SimpleAsyncTaskExecutorBuilderConfiguration#simpleAsyncTaskExecutorBuilderVirtualThreads:
      Did not match:
         - @ConditionalOnMissingBean (types: org.springframework.boot.task.SimpleAsyncTaskExecutorBuilder; SearchStrategy: all) found beans of type 'org.springframework.boot.task.SimpleAsyncTaskExecutorBuilder' simpleAsyncTaskExecutorBuilder (OnBeanCondition)

   TaskExecutorConfigurations.TaskExecutorConfiguration#applicationTaskExecutorVirtualThreads:
      Did not match:
         - @ConditionalOnThreading did not find VIRTUAL (OnThreadingCondition)

   TaskSchedulingAutoConfiguration#scheduledBeanLazyInitializationExcludeFilter:
      Did not match:
         - @ConditionalOnBean (names: org.springframework.context.annotation.internalScheduledAnnotationProcessor; SearchStrategy: all) did not find any beans named org.springframework.context.annotation.internalScheduledAnnotationProcessor (OnBeanCondition)

   TaskSchedulingConfigurations.SimpleAsyncTaskSchedulerBuilderConfiguration#simpleAsyncTaskSchedulerBuilderVirtualThreads:
      Did not match:
         - @ConditionalOnMissingBean (types: org.springframework.boot.task.SimpleAsyncTaskSchedulerBuilder; SearchStrategy: all) found beans of type 'org.springframework.boot.task.SimpleAsyncTaskSchedulerBuilder' simpleAsyncTaskSchedulerBuilder (OnBeanCondition)

   TaskSchedulingConfigurations.TaskSchedulerConfiguration:
      Did not match:
         - @ConditionalOnBean (names: org.springframework.context.annotation.internalScheduledAnnotationProcessor; SearchStrategy: all) did not find any beans named org.springframework.context.annotation.internalScheduledAnnotationProcessor (OnBeanCondition)

   ThreadDumpEndpointAutoConfiguration:
      Did not match:
         - @ConditionalOnAvailableEndpoint no 'management.endpoints' property marked it as exposed (OnAvailableEndpointCondition)

   ThymeleafAutoConfiguration:
      Did not match:
         - @ConditionalOnClass did not find required class 'org.thymeleaf.spring6.SpringTemplateEngine' (OnClassCondition)

   TransactionAutoConfiguration#transactionalOperator:
      Did not match:
         - @ConditionalOnSingleCandidate (types: org.springframework.transaction.ReactiveTransactionManager; SearchStrategy: all) did not find any beans (OnBeanCondition)

   TransactionAutoConfiguration.AspectJTransactionManagementConfiguration:
      Did not match:
         - @ConditionalOnBean (types: org.springframework.transaction.aspectj.AbstractTransactionAspect; SearchStrategy: all) did not find any beans of type org.springframework.transaction.aspectj.AbstractTransactionAspect (OnBeanCondition)

   TransactionAutoConfiguration.EnableTransactionManagementConfiguration.JdkDynamicAutoProxyConfiguration:
      Did not match:
         - @ConditionalOnProperty (spring.aop.proxy-target-class=false) did not find property 'proxy-target-class' (OnPropertyCondition)

   UserDetailsServiceAutoConfiguration:
      Did not match:
         - @ConditionalOnMissingBean (types: org.springframework.security.authentication.AuthenticationManager,org.springframework.security.authentication.AuthenticationProvider,org.springframework.security.core.userdetails.UserDetailsService,org.springframework.security.authentication.AuthenticationManagerResolver,org.springframework.security.oauth2.jwt.JwtDecoder; SearchStrategy: all) found beans of type 'org.springframework.security.core.userdetails.UserDetailsService' customUserDetailsService (OnBeanCondition)
      Matched:
         - @ConditionalOnClass found required class 'org.springframework.security.authentication.AuthenticationManager'; @ConditionalOnMissingClass did not find unwanted classes 'org.springframework.security.oauth2.client.registration.ClientRegistrationRepository', 'org.springframework.security.oauth2.server.resource.introspection.OpaqueTokenIntrospector', 'org.springframework.security.saml2.provider.service.registration.RelyingPartyRegistrationRepository' (OnClassCondition)

   ValidationAutoConfiguration:
      Did not match:
         - @ConditionalOnResource did not find resource 'classpath:META-INF/services/jakarta.validation.spi.ValidationProvider' (OnResourceCondition)
      Matched:
         - @ConditionalOnClass found required class 'jakarta.validation.executable.ExecutableValidator' (OnClassCondition)

   WavefrontAutoConfiguration:
      Did not match:
         - @ConditionalOnClass did not find required class 'com.wavefront.sdk.common.application.ApplicationTags' (OnClassCondition)

   WavefrontMetricsExportAutoConfiguration:
      Did not match:
         - @ConditionalOnClass did not find required class 'com.wavefront.sdk.common.WavefrontSender' (OnClassCondition)

   WavefrontTracingAutoConfiguration:
      Did not match:
         - @ConditionalOnClass did not find required class 'com.wavefront.sdk.common.WavefrontSender' (OnClassCondition)

   WebClientAutoConfiguration:
      Did not match:
         - @ConditionalOnClass did not find required class 'org.springframework.web.reactive.function.client.WebClient' (OnClassCondition)

   WebClientObservationConfiguration:
      Did not match:
         - @ConditionalOnClass did not find required class 'org.springframework.web.reactive.function.client.WebClient' (OnClassCondition)

   WebFluxAutoConfiguration:
      Did not match:
         - @ConditionalOnClass did not find required class 'org.springframework.web.reactive.config.WebFluxConfigurer' (OnClassCondition)

   WebFluxEndpointManagementContextConfiguration:
      Did not match:
         - @ConditionalOnClass did not find required class 'org.springframework.web.reactive.DispatcherHandler' (OnClassCondition)

   WebFluxObservationAutoConfiguration:
      Did not match:
         - @ConditionalOnWebApplication did not find reactive web application classes (OnWebApplicationCondition)

   WebMvcAutoConfiguration#hiddenHttpMethodFilter:
      Did not match:
         - @ConditionalOnProperty (spring.mvc.hiddenmethod.filter.enabled) did not find property 'enabled' (OnPropertyCondition)

   WebMvcAutoConfiguration.ProblemDetailsErrorHandlingConfiguration:
      Did not match:
         - @ConditionalOnProperty (spring.mvc.problemdetails.enabled=true) did not find property 'enabled' (OnPropertyCondition)

   WebMvcAutoConfiguration.ResourceChainCustomizerConfiguration:
      Did not match:
         - @ConditionalOnEnabledResourceChain did not find class org.webjars.WebJarAssetLocator (OnEnabledResourceChainCondition)

   WebMvcAutoConfiguration.WebMvcAutoConfigurationAdapter#beanNameViewResolver:
      Did not match:
         - @ConditionalOnMissingBean (types: org.springframework.web.servlet.view.BeanNameViewResolver; SearchStrategy: all) found beans of type 'org.springframework.web.servlet.view.BeanNameViewResolver' beanNameViewResolver (OnBeanCondition)

   WebMvcEndpointManagementContextConfiguration#managementHealthEndpointWebMvcHandlerMapping:
      Did not match:
         - Management Port actual port type (SAME) did not match required type (DIFFERENT) (OnManagementPortCondition)

   WebServiceTemplateAutoConfiguration:
      Did not match:
         - @ConditionalOnClass did not find required class 'org.springframework.oxm.Marshaller' (OnClassCondition)

   WebServicesAutoConfiguration:
      Did not match:
         - @ConditionalOnClass did not find required class 'org.springframework.ws.transport.http.MessageDispatcherServlet' (OnClassCondition)

   WebSessionIdResolverAutoConfiguration:
      Did not match:
         - @ConditionalOnClass did not find required class 'reactor.core.publisher.Mono' (OnClassCondition)

   WebSocketMessagingAutoConfiguration:
      Did not match:
         - @ConditionalOnClass did not find required class 'org.springframework.web.socket.config.annotation.WebSocketMessageBrokerConfigurer' (OnClassCondition)

   WebSocketReactiveAutoConfiguration:
      Did not match:
         - @ConditionalOnWebApplication did not find reactive web application classes (OnWebApplicationCondition)

   WebSocketServletAutoConfiguration.JettyWebSocketConfiguration:
      Did not match:
         - @ConditionalOnClass did not find required class 'org.eclipse.jetty.ee10.websocket.jakarta.server.config.JakartaWebSocketServletContainerInitializer' (OnClassCondition)

   WebSocketServletAutoConfiguration.UndertowWebSocketConfiguration:
      Did not match:
         - @ConditionalOnClass did not find required class 'io.undertow.websockets.jsr.Bootstrap' (OnClassCondition)

   WritableEnvironmentEndpointAutoConfiguration:
      Did not match:
         - @ConditionalOnProperty (management.endpoint.env.post.enabled) did not find property 'management.endpoint.env.post.enabled' (OnPropertyCondition)
      Matched:
         - @ConditionalOnClass found required classes 'org.springframework.boot.actuate.env.EnvironmentEndpoint', 'org.springframework.boot.actuate.autoconfigure.env.EnvironmentEndpointProperties' (OnClassCondition)

   XADataSourceAutoConfiguration:
      Did not match:
         - @ConditionalOnBean (types: org.springframework.boot.jdbc.XADataSourceWrapper; SearchStrategy: all) did not find any beans of type org.springframework.boot.jdbc.XADataSourceWrapper (OnBeanCondition)
      Matched:
         - @ConditionalOnClass found required classes 'javax.sql.DataSource', 'jakarta.transaction.TransactionManager', 'org.springframework.jdbc.datasource.embedded.EmbeddedDatabaseType' (OnClassCondition)

   ZipkinAutoConfiguration:
      Did not match:
         - @ConditionalOnClass did not find required class 'zipkin2.reporter.Sender' (OnClassCondition)


Exclusions:
-----------

    None


Unconditional classes:
----------------------

    org.springframework.boot.autoconfigure.context.ConfigurationPropertiesAutoConfiguration

    org.springframework.cloud.client.ReactiveCommonsClientAutoConfiguration

    org.springframework.boot.actuate.autoconfigure.availability.AvailabilityHealthContributorAutoConfiguration

    org.springframework.boot.autoconfigure.ssl.SslAutoConfiguration

    org.springframework.boot.actuate.autoconfigure.info.InfoContributorAutoConfiguration

    org.springframework.cloud.client.discovery.simple.SimpleDiscoveryClientAutoConfiguration

    org.springframework.boot.autoconfigure.context.PropertyPlaceholderAutoConfiguration

    org.springframework.boot.autoconfigure.context.LifecycleAutoConfiguration

    org.springframework.cloud.client.CommonsClientAutoConfiguration

    org.springframework.boot.actuate.autoconfigure.metrics.integration.IntegrationMetricsAutoConfiguration

    org.springframework.boot.actuate.autoconfigure.endpoint.EndpointAutoConfiguration

    org.springframework.cloud.commons.config.CommonsConfigAutoConfiguration

    org.springframework.boot.actuate.autoconfigure.web.server.ManagementContextAutoConfiguration

    org.springframework.cloud.client.loadbalancer.LoadBalancerDefaultMappingsProviderAutoConfiguration

    org.springframework.cloud.client.discovery.composite.CompositeDiscoveryClientAutoConfiguration

    org.springframework.boot.actuate.autoconfigure.health.HealthContributorAutoConfiguration

    org.springframework.cloud.client.serviceregistry.ServiceRegistryAutoConfiguration

    org.springframework.cloud.autoconfigure.LifecycleMvcEndpointAutoConfiguration

    org.springframework.boot.actuate.autoconfigure.endpoint.jackson.JacksonEndpointAutoConfiguration

    org.springdoc.core.configuration.SpringDocSpecPropertiesConfiguration

    org.springframework.boot.autoconfigure.availability.ApplicationAvailabilityAutoConfiguration

    org.springframework.boot.autoconfigure.info.ProjectInfoAutoConfiguration



2026-01-14T17:13:51.090-05:00  INFO 99132 --- [Main] [JavaFX-Launcher] o.s.boot.SpringApplication               : Started application in 6.952 seconds (process running for 7.509)
2026-01-14T17:13:51.223-05:00  INFO 99132 --- [Main] [JavaFX-Launcher] com.rep.config.DataLoader                : Admin con identificación 22 ya existe, no se crea.
2026-01-14T17:14:00.386-05:00  INFO 99132 --- [Main] [http-nio-8080-exec-1] o.a.c.c.C.[Tomcat].[localhost].[/]       : Initializing Spring DispatcherServlet 'dispatcherServlet'
2026-01-14T17:14:00.387-05:00  INFO 99132 --- [Main] [http-nio-8080-exec-1] o.s.web.servlet.DispatcherServlet        : Initializing Servlet 'dispatcherServlet'
2026-01-14T17:14:00.387-05:00 DEBUG 99132 --- [Main] [http-nio-8080-exec-1] o.s.web.servlet.DispatcherServlet        : Detected StandardServletMultipartResolver
2026-01-14T17:14:00.387-05:00 DEBUG 99132 --- [Main] [http-nio-8080-exec-1] o.s.web.servlet.DispatcherServlet        : Detected AcceptHeaderLocaleResolver
2026-01-14T17:14:00.387-05:00 DEBUG 99132 --- [Main] [http-nio-8080-exec-1] o.s.web.servlet.DispatcherServlet        : Detected FixedThemeResolver
2026-01-14T17:14:00.388-05:00 DEBUG 99132 --- [Main] [http-nio-8080-exec-1] o.s.web.servlet.DispatcherServlet        : Detected org.springframework.web.servlet.view.DefaultRequestToViewNameTranslator@69a94bcc
2026-01-14T17:14:00.389-05:00 DEBUG 99132 --- [Main] [http-nio-8080-exec-1] o.s.web.servlet.DispatcherServlet        : Detected org.springframework.web.servlet.support.SessionFlashMapManager@616de4fc
2026-01-14T17:14:00.389-05:00 DEBUG 99132 --- [Main] [http-nio-8080-exec-1] o.s.web.servlet.DispatcherServlet        : enableLoggingRequestDetails='false': request parameters and headers will be masked to prevent unsafe logging of potentially sensitive data
2026-01-14T17:14:00.389-05:00  INFO 99132 --- [Main] [http-nio-8080-exec-1] o.s.web.servlet.DispatcherServlet        : Completed initialization in 2 ms
2026-01-14T17:14:00.400-05:00 DEBUG 99132 --- [Main] [http-nio-8080-exec-1] o.s.security.web.FilterChainProxy        : Securing POST /api/auth/login
2026-01-14T17:14:00.408-05:00 DEBUG 99132 --- [Main] [http-nio-8080-exec-1] o.s.s.w.a.AnonymousAuthenticationFilter  : Set SecurityContextHolder to anonymous SecurityContext
2026-01-14T17:14:00.411-05:00  WARN 99132 --- [Main] [http-nio-8080-exec-1] o.s.w.s.h.HandlerMappingIntrospector     : Cache miss for REQUEST dispatch to '/api/auth/login' (previous null). Performing MatchableHandlerMapping lookup. This is logged once only at WARN level, and every time at TRACE.
2026-01-14T17:14:00.420-05:00 DEBUG 99132 --- [Main] [http-nio-8080-exec-1] o.s.security.web.FilterChainProxy        : Secured POST /api/auth/login
2026-01-14T17:14:00.420-05:00  INFO 99132 --- [Main] [http-nio-8080-exec-1] com.rep.config.SecurityDebugFilter       : === SECURITY DEBUG ===
2026-01-14T17:14:00.420-05:00  INFO 99132 --- [Main] [http-nio-8080-exec-1] com.rep.config.SecurityDebugFilter       : Endpoint: POST /api/auth/login
2026-01-14T17:14:00.420-05:00  INFO 99132 --- [Main] [http-nio-8080-exec-1] com.rep.config.SecurityDebugFilter       : Authenticated: true
2026-01-14T17:14:00.421-05:00  INFO 99132 --- [Main] [http-nio-8080-exec-1] com.rep.config.SecurityDebugFilter       : Principal: anonymousUser
2026-01-14T17:14:00.421-05:00  INFO 99132 --- [Main] [http-nio-8080-exec-1] com.rep.config.SecurityDebugFilter       : Authorities: [ROLE_ANONYMOUS]
2026-01-14T17:14:00.422-05:00 DEBUG 99132 --- [Main] [http-nio-8080-exec-1] o.s.web.servlet.DispatcherServlet        : POST "/api/auth/login", parameters={}
2026-01-14T17:14:00.424-05:00 DEBUG 99132 --- [Main] [http-nio-8080-exec-1] s.w.s.m.m.a.RequestMappingHandlerMapping : Mapped to com.rep.controller.apis.AuthController#login(LoginRequest)
2026-01-14T17:14:00.492-05:00 DEBUG 99132 --- [Main] [http-nio-8080-exec-1] m.m.a.RequestResponseBodyMethodProcessor : Read "application/json;charset=UTF-8" to [com.rep.dto.auth.LoginRequest@1998ce9b]
2026-01-14T17:14:00.530-05:00 DEBUG 99132 --- [Main] [http-nio-8080-exec-1] .m.m.a.ExceptionHandlerExceptionResolver : Using @ExceptionHandler com.rep.exception.GlobalExceptionHandler#handleGeneric(Exception)
2026-01-14T17:14:00.530-05:00 ERROR 99132 --- [Main] [http-nio-8080-exec-1] c.rep.exception.GlobalExceptionHandler   : Error interno del servidor

com.rep.exception.AuthenticationException: Credenciales inválidas
	at com.rep.service.logica.AuthService.lambda$0(AuthService.java:45) ~[classes/:na]
	at java.base/java.util.Optional.orElseThrow(Optional.java:403) ~[na:na]
	at com.rep.service.logica.AuthService.authenticate(AuthService.java:45) ~[classes/:na]
	at com.rep.service.logica.AuthService.authenticateUser(AuthService.java:38) ~[classes/:na]
	at com.rep.controller.apis.AuthController.login(AuthController.java:23) ~[classes/:na]
	at java.base/jdk.internal.reflect.DirectMethodHandleAccessor.invoke(DirectMethodHandleAccessor.java:103) ~[na:na]
	at java.base/java.lang.reflect.Method.invoke(Method.java:580) ~[na:na]
	at org.springframework.web.method.support.InvocableHandlerMethod.doInvoke(InvocableHandlerMethod.java:254) ~[spring-web-6.1.1.jar:6.1.1]
	at org.springframework.web.method.support.InvocableHandlerMethod.invokeForRequest(InvocableHandlerMethod.java:182) ~[spring-web-6.1.1.jar:6.1.1]
	at org.springframework.web.servlet.mvc.method.annotation.ServletInvocableHandlerMethod.invokeAndHandle(ServletInvocableHandlerMethod.java:118) ~[spring-webmvc-6.1.1.jar:6.1.1]
	at org.springframework.web.servlet.mvc.method.annotation.RequestMappingHandlerAdapter.invokeHandlerMethod(RequestMappingHandlerAdapter.java:917) ~[spring-webmvc-6.1.1.jar:6.1.1]
	at org.springframework.web.servlet.mvc.method.annotation.RequestMappingHandlerAdapter.handleInternal(RequestMappingHandlerAdapter.java:829) ~[spring-webmvc-6.1.1.jar:6.1.1]
	at org.springframework.web.servlet.mvc.method.AbstractHandlerMethodAdapter.handle(AbstractHandlerMethodAdapter.java:87) ~[spring-webmvc-6.1.1.jar:6.1.1]
	at org.springframework.web.servlet.DispatcherServlet.doDispatch(DispatcherServlet.java:1089) ~[spring-webmvc-6.1.1.jar:6.1.1]
	at org.springframework.web.servlet.DispatcherServlet.doService(DispatcherServlet.java:979) ~[spring-webmvc-6.1.1.jar:6.1.1]
	at org.springframework.web.servlet.FrameworkServlet.processRequest(FrameworkServlet.java:1014) ~[spring-webmvc-6.1.1.jar:6.1.1]
	at org.springframework.web.servlet.FrameworkServlet.doPost(FrameworkServlet.java:914) ~[spring-webmvc-6.1.1.jar:6.1.1]
	at jakarta.servlet.http.HttpServlet.service(HttpServlet.java:590) ~[tomcat-embed-core-10.1.16.jar:6.0]
	at org.springframework.web.servlet.FrameworkServlet.service(FrameworkServlet.java:885) ~[spring-webmvc-6.1.1.jar:6.1.1]
	at jakarta.servlet.http.HttpServlet.service(HttpServlet.java:658) ~[tomcat-embed-core-10.1.16.jar:6.0]
	at org.apache.catalina.core.ApplicationFilterChain.internalDoFilter(ApplicationFilterChain.java:205) ~[tomcat-embed-core-10.1.16.jar:10.1.16]
	at org.apache.catalina.core.ApplicationFilterChain.doFilter(ApplicationFilterChain.java:149) ~[tomcat-embed-core-10.1.16.jar:10.1.16]
	at org.apache.tomcat.websocket.server.WsFilter.doFilter(WsFilter.java:51) ~[tomcat-embed-websocket-10.1.16.jar:10.1.16]
	at org.apache.catalina.core.ApplicationFilterChain.internalDoFilter(ApplicationFilterChain.java:174) ~[tomcat-embed-core-10.1.16.jar:10.1.16]
	at org.apache.catalina.core.ApplicationFilterChain.doFilter(ApplicationFilterChain.java:149) ~[tomcat-embed-core-10.1.16.jar:10.1.16]
	at org.springframework.web.filter.OncePerRequestFilter.doFilter(OncePerRequestFilter.java:110) ~[spring-web-6.1.1.jar:6.1.1]
	at org.apache.catalina.core.ApplicationFilterChain.internalDoFilter(ApplicationFilterChain.java:174) ~[tomcat-embed-core-10.1.16.jar:10.1.16]
	at org.apache.catalina.core.ApplicationFilterChain.doFilter(ApplicationFilterChain.java:149) ~[tomcat-embed-core-10.1.16.jar:10.1.16]
	at com.rep.config.SecurityDebugFilter.doFilterInternal(SecurityDebugFilter.java:34) ~[classes/:na]
	at org.springframework.web.filter.OncePerRequestFilter.doFilter(OncePerRequestFilter.java:116) ~[spring-web-6.1.1.jar:6.1.1]
	at org.apache.catalina.core.ApplicationFilterChain.internalDoFilter(ApplicationFilterChain.java:174) ~[tomcat-embed-core-10.1.16.jar:10.1.16]
	at org.apache.catalina.core.ApplicationFilterChain.doFilter(ApplicationFilterChain.java:149) ~[tomcat-embed-core-10.1.16.jar:10.1.16]
	at org.springframework.security.web.FilterChainProxy.lambda$doFilterInternal$3(FilterChainProxy.java:231) ~[spring-security-web-6.2.0.jar:6.2.0]
	at org.springframework.security.web.ObservationFilterChainDecorator$FilterObservation$SimpleFilterObservation.lambda$wrap$1(ObservationFilterChainDecorator.java:479) ~[spring-security-web-6.2.0.jar:6.2.0]
	at org.springframework.security.web.ObservationFilterChainDecorator$AroundFilterObservation$SimpleAroundFilterObservation.lambda$wrap$1(ObservationFilterChainDecorator.java:340) ~[spring-security-web-6.2.0.jar:6.2.0]
	at org.springframework.security.web.ObservationFilterChainDecorator.lambda$wrapSecured$0(ObservationFilterChainDecorator.java:82) ~[spring-security-web-6.2.0.jar:6.2.0]
	at org.springframework.security.web.ObservationFilterChainDecorator$VirtualFilterChain.doFilter(ObservationFilterChainDecorator.java:128) ~[spring-security-web-6.2.0.jar:6.2.0]
	at org.springframework.security.web.access.intercept.AuthorizationFilter.doFilter(AuthorizationFilter.java:100) ~[spring-security-web-6.2.0.jar:6.2.0]
	at org.springframework.security.web.ObservationFilterChainDecorator$ObservationFilter.wrapFilter(ObservationFilterChainDecorator.java:240) ~[spring-security-web-6.2.0.jar:6.2.0]
	at org.springframework.security.web.ObservationFilterChainDecorator$ObservationFilter.doFilter(ObservationFilterChainDecorator.java:227) ~[spring-security-web-6.2.0.jar:6.2.0]
	at org.springframework.security.web.ObservationFilterChainDecorator$VirtualFilterChain.doFilter(ObservationFilterChainDecorator.java:137) ~[spring-security-web-6.2.0.jar:6.2.0]
	at org.springframework.security.web.access.ExceptionTranslationFilter.doFilter(ExceptionTranslationFilter.java:126) ~[spring-security-web-6.2.0.jar:6.2.0]
	at org.springframework.security.web.access.ExceptionTranslationFilter.doFilter(ExceptionTranslationFilter.java:120) ~[spring-security-web-6.2.0.jar:6.2.0]
	at org.springframework.security.web.ObservationFilterChainDecorator$ObservationFilter.wrapFilter(ObservationFilterChainDecorator.java:240) ~[spring-security-web-6.2.0.jar:6.2.0]
	at org.springframework.security.web.ObservationFilterChainDecorator$ObservationFilter.doFilter(ObservationFilterChainDecorator.java:227) ~[spring-security-web-6.2.0.jar:6.2.0]
	at org.springframework.security.web.ObservationFilterChainDecorator$VirtualFilterChain.doFilter(ObservationFilterChainDecorator.java:137) ~[spring-security-web-6.2.0.jar:6.2.0]
	at org.springframework.security.web.session.SessionManagementFilter.doFilter(SessionManagementFilter.java:131) ~[spring-security-web-6.2.0.jar:6.2.0]
	at org.springframework.security.web.session.SessionManagementFilter.doFilter(SessionManagementFilter.java:85) ~[spring-security-web-6.2.0.jar:6.2.0]
	at org.springframework.security.web.ObservationFilterChainDecorator$ObservationFilter.wrapFilter(ObservationFilterChainDecorator.java:240) ~[spring-security-web-6.2.0.jar:6.2.0]
	at org.springframework.security.web.ObservationFilterChainDecorator$ObservationFilter.doFilter(ObservationFilterChainDecorator.java:227) ~[spring-security-web-6.2.0.jar:6.2.0]
	at org.springframework.security.web.ObservationFilterChainDecorator$VirtualFilterChain.doFilter(ObservationFilterChainDecorator.java:137) ~[spring-security-web-6.2.0.jar:6.2.0]
	at org.springframework.security.web.authentication.AnonymousAuthenticationFilter.doFilter(AnonymousAuthenticationFilter.java:100) ~[spring-security-web-6.2.0.jar:6.2.0]
	at org.springframework.security.web.ObservationFilterChainDecorator$ObservationFilter.wrapFilter(ObservationFilterChainDecorator.java:240) ~[spring-security-web-6.2.0.jar:6.2.0]
	at org.springframework.security.web.ObservationFilterChainDecorator$ObservationFilter.doFilter(ObservationFilterChainDecorator.java:227) ~[spring-security-web-6.2.0.jar:6.2.0]
	at org.springframework.security.web.ObservationFilterChainDecorator$VirtualFilterChain.doFilter(ObservationFilterChainDecorator.java:137) ~[spring-security-web-6.2.0.jar:6.2.0]
	at org.springframework.security.web.servletapi.SecurityContextHolderAwareRequestFilter.doFilter(SecurityContextHolderAwareRequestFilter.java:179) ~[spring-security-web-6.2.0.jar:6.2.0]
	at org.springframework.security.web.ObservationFilterChainDecorator$ObservationFilter.wrapFilter(ObservationFilterChainDecorator.java:240) ~[spring-security-web-6.2.0.jar:6.2.0]
	at org.springframework.security.web.ObservationFilterChainDecorator$ObservationFilter.doFilter(ObservationFilterChainDecorator.java:227) ~[spring-security-web-6.2.0.jar:6.2.0]
	at org.springframework.security.web.ObservationFilterChainDecorator$VirtualFilterChain.doFilter(ObservationFilterChainDecorator.java:137) ~[spring-security-web-6.2.0.jar:6.2.0]
	at org.springframework.security.web.savedrequest.RequestCacheAwareFilter.doFilter(RequestCacheAwareFilter.java:63) ~[spring-security-web-6.2.0.jar:6.2.0]
	at org.springframework.security.web.ObservationFilterChainDecorator$ObservationFilter.wrapFilter(ObservationFilterChainDecorator.java:240) ~[spring-security-web-6.2.0.jar:6.2.0]
	at org.springframework.security.web.ObservationFilterChainDecorator$ObservationFilter.doFilter(ObservationFilterChainDecorator.java:227) ~[spring-security-web-6.2.0.jar:6.2.0]
	at org.springframework.security.web.ObservationFilterChainDecorator$VirtualFilterChain.doFilter(ObservationFilterChainDecorator.java:137) ~[spring-security-web-6.2.0.jar:6.2.0]
	at com.rep.security.JwtAuthenticationFilter.doFilterInternal(JwtAuthenticationFilter.java:41) ~[classes/:na]
	at org.springframework.web.filter.OncePerRequestFilter.doFilter(OncePerRequestFilter.java:116) ~[spring-web-6.1.1.jar:6.1.1]
	at org.springframework.security.web.ObservationFilterChainDecorator$ObservationFilter.wrapFilter(ObservationFilterChainDecorator.java:240) ~[spring-security-web-6.2.0.jar:6.2.0]
	at org.springframework.security.web.ObservationFilterChainDecorator$ObservationFilter.doFilter(ObservationFilterChainDecorator.java:227) ~[spring-security-web-6.2.0.jar:6.2.0]
	at org.springframework.security.web.ObservationFilterChainDecorator$VirtualFilterChain.doFilter(ObservationFilterChainDecorator.java:137) ~[spring-security-web-6.2.0.jar:6.2.0]
	at org.springframework.security.web.authentication.logout.LogoutFilter.doFilter(LogoutFilter.java:107) ~[spring-security-web-6.2.0.jar:6.2.0]
	at org.springframework.security.web.authentication.logout.LogoutFilter.doFilter(LogoutFilter.java:93) ~[spring-security-web-6.2.0.jar:6.2.0]
	at org.springframework.security.web.ObservationFilterChainDecorator$ObservationFilter.wrapFilter(ObservationFilterChainDecorator.java:240) ~[spring-security-web-6.2.0.jar:6.2.0]
	at org.springframework.security.web.ObservationFilterChainDecorator$ObservationFilter.doFilter(ObservationFilterChainDecorator.java:227) ~[spring-security-web-6.2.0.jar:6.2.0]
	at org.springframework.security.web.ObservationFilterChainDecorator$VirtualFilterChain.doFilter(ObservationFilterChainDecorator.java:137) ~[spring-security-web-6.2.0.jar:6.2.0]
	at org.springframework.web.filter.CorsFilter.doFilterInternal(CorsFilter.java:91) ~[spring-web-6.1.1.jar:6.1.1]
	at org.springframework.web.filter.OncePerRequestFilter.doFilter(OncePerRequestFilter.java:116) ~[spring-web-6.1.1.jar:6.1.1]
	at org.springframework.security.web.ObservationFilterChainDecorator$ObservationFilter.wrapFilter(ObservationFilterChainDecorator.java:240) ~[spring-security-web-6.2.0.jar:6.2.0]
	at org.springframework.security.web.ObservationFilterChainDecorator$ObservationFilter.doFilter(ObservationFilterChainDecorator.java:227) ~[spring-security-web-6.2.0.jar:6.2.0]
	at org.springframework.security.web.ObservationFilterChainDecorator$VirtualFilterChain.doFilter(ObservationFilterChainDecorator.java:137) ~[spring-security-web-6.2.0.jar:6.2.0]
	at org.springframework.security.web.header.HeaderWriterFilter.doHeadersAfter(HeaderWriterFilter.java:90) ~[spring-security-web-6.2.0.jar:6.2.0]
	at org.springframework.security.web.header.HeaderWriterFilter.doFilterInternal(HeaderWriterFilter.java:75) ~[spring-security-web-6.2.0.jar:6.2.0]
	at org.springframework.web.filter.OncePerRequestFilter.doFilter(OncePerRequestFilter.java:116) ~[spring-web-6.1.1.jar:6.1.1]
	at org.springframework.security.web.ObservationFilterChainDecorator$ObservationFilter.wrapFilter(ObservationFilterChainDecorator.java:240) ~[spring-security-web-6.2.0.jar:6.2.0]
	at org.springframework.security.web.ObservationFilterChainDecorator$ObservationFilter.doFilter(ObservationFilterChainDecorator.java:227) ~[spring-security-web-6.2.0.jar:6.2.0]
	at org.springframework.security.web.ObservationFilterChainDecorator$VirtualFilterChain.doFilter(ObservationFilterChainDecorator.java:137) ~[spring-security-web-6.2.0.jar:6.2.0]
	at org.springframework.security.web.context.SecurityContextHolderFilter.doFilter(SecurityContextHolderFilter.java:82) ~[spring-security-web-6.2.0.jar:6.2.0]
	at org.springframework.security.web.context.SecurityContextHolderFilter.doFilter(SecurityContextHolderFilter.java:69) ~[spring-security-web-6.2.0.jar:6.2.0]
	at org.springframework.security.web.ObservationFilterChainDecorator$ObservationFilter.wrapFilter(ObservationFilterChainDecorator.java:240) ~[spring-security-web-6.2.0.jar:6.2.0]
	at org.springframework.security.web.ObservationFilterChainDecorator$ObservationFilter.doFilter(ObservationFilterChainDecorator.java:227) ~[spring-security-web-6.2.0.jar:6.2.0]
	at org.springframework.security.web.ObservationFilterChainDecorator$VirtualFilterChain.doFilter(ObservationFilterChainDecorator.java:137) ~[spring-security-web-6.2.0.jar:6.2.0]
	at org.springframework.security.web.context.request.async.WebAsyncManagerIntegrationFilter.doFilterInternal(WebAsyncManagerIntegrationFilter.java:62) ~[spring-security-web-6.2.0.jar:6.2.0]
	at org.springframework.web.filter.OncePerRequestFilter.doFilter(OncePerRequestFilter.java:116) ~[spring-web-6.1.1.jar:6.1.1]
	at org.springframework.security.web.ObservationFilterChainDecorator$ObservationFilter.wrapFilter(ObservationFilterChainDecorator.java:240) ~[spring-security-web-6.2.0.jar:6.2.0]
	at org.springframework.security.web.ObservationFilterChainDecorator$ObservationFilter.doFilter(ObservationFilterChainDecorator.java:227) ~[spring-security-web-6.2.0.jar:6.2.0]
	at org.springframework.security.web.ObservationFilterChainDecorator$VirtualFilterChain.doFilter(ObservationFilterChainDecorator.java:137) ~[spring-security-web-6.2.0.jar:6.2.0]
	at org.springframework.security.web.session.DisableEncodeUrlFilter.doFilterInternal(DisableEncodeUrlFilter.java:42) ~[spring-security-web-6.2.0.jar:6.2.0]
	at org.springframework.web.filter.OncePerRequestFilter.doFilter(OncePerRequestFilter.java:116) ~[spring-web-6.1.1.jar:6.1.1]
	at org.springframework.security.web.ObservationFilterChainDecorator$ObservationFilter.wrapFilter(ObservationFilterChainDecorator.java:240) ~[spring-security-web-6.2.0.jar:6.2.0]
	at org.springframework.security.web.ObservationFilterChainDecorator$AroundFilterObservation$SimpleAroundFilterObservation.lambda$wrap$0(ObservationFilterChainDecorator.java:323) ~[spring-security-web-6.2.0.jar:6.2.0]
	at org.springframework.security.web.ObservationFilterChainDecorator$ObservationFilter.doFilter(ObservationFilterChainDecorator.java:224) ~[spring-security-web-6.2.0.jar:6.2.0]
	at org.springframework.security.web.ObservationFilterChainDecorator$VirtualFilterChain.doFilter(ObservationFilterChainDecorator.java:137) ~[spring-security-web-6.2.0.jar:6.2.0]
	at org.springframework.security.web.FilterChainProxy.doFilterInternal(FilterChainProxy.java:233) ~[spring-security-web-6.2.0.jar:6.2.0]
	at org.springframework.security.web.FilterChainProxy.doFilter(FilterChainProxy.java:191) ~[spring-security-web-6.2.0.jar:6.2.0]
	at org.springframework.web.filter.DelegatingFilterProxy.invokeDelegate(DelegatingFilterProxy.java:352) ~[spring-web-6.1.1.jar:6.1.1]
	at org.springframework.web.filter.DelegatingFilterProxy.doFilter(DelegatingFilterProxy.java:268) ~[spring-web-6.1.1.jar:6.1.1]
	at org.apache.catalina.core.ApplicationFilterChain.internalDoFilter(ApplicationFilterChain.java:174) ~[tomcat-embed-core-10.1.16.jar:10.1.16]
	at org.apache.catalina.core.ApplicationFilterChain.doFilter(ApplicationFilterChain.java:149) ~[tomcat-embed-core-10.1.16.jar:10.1.16]
	at org.springframework.web.filter.RequestContextFilter.doFilterInternal(RequestContextFilter.java:100) ~[spring-web-6.1.1.jar:6.1.1]
	at org.springframework.web.filter.OncePerRequestFilter.doFilter(OncePerRequestFilter.java:116) ~[spring-web-6.1.1.jar:6.1.1]
	at org.apache.catalina.core.ApplicationFilterChain.internalDoFilter(ApplicationFilterChain.java:174) ~[tomcat-embed-core-10.1.16.jar:10.1.16]
	at org.apache.catalina.core.ApplicationFilterChain.doFilter(ApplicationFilterChain.java:149) ~[tomcat-embed-core-10.1.16.jar:10.1.16]
	at org.springframework.web.filter.FormContentFilter.doFilterInternal(FormContentFilter.java:93) ~[spring-web-6.1.1.jar:6.1.1]
	at org.springframework.web.filter.OncePerRequestFilter.doFilter(OncePerRequestFilter.java:116) ~[spring-web-6.1.1.jar:6.1.1]
	at org.apache.catalina.core.ApplicationFilterChain.internalDoFilter(ApplicationFilterChain.java:174) ~[tomcat-embed-core-10.1.16.jar:10.1.16]
	at org.apache.catalina.core.ApplicationFilterChain.doFilter(ApplicationFilterChain.java:149) ~[tomcat-embed-core-10.1.16.jar:10.1.16]
	at org.springframework.web.filter.ServerHttpObservationFilter.doFilterInternal(ServerHttpObservationFilter.java:109) ~[spring-web-6.1.1.jar:6.1.1]
	at org.springframework.web.filter.OncePerRequestFilter.doFilter(OncePerRequestFilter.java:116) ~[spring-web-6.1.1.jar:6.1.1]
	at org.apache.catalina.core.ApplicationFilterChain.internalDoFilter(ApplicationFilterChain.java:174) ~[tomcat-embed-core-10.1.16.jar:10.1.16]
	at org.apache.catalina.core.ApplicationFilterChain.doFilter(ApplicationFilterChain.java:149) ~[tomcat-embed-core-10.1.16.jar:10.1.16]
	at org.springframework.web.filter.CharacterEncodingFilter.doFilterInternal(CharacterEncodingFilter.java:201) ~[spring-web-6.1.1.jar:6.1.1]
	at org.springframework.web.filter.OncePerRequestFilter.doFilter(OncePerRequestFilter.java:116) ~[spring-web-6.1.1.jar:6.1.1]
	at org.apache.catalina.core.ApplicationFilterChain.internalDoFilter(ApplicationFilterChain.java:174) ~[tomcat-embed-core-10.1.16.jar:10.1.16]
	at org.apache.catalina.core.ApplicationFilterChain.doFilter(ApplicationFilterChain.java:149) ~[tomcat-embed-core-10.1.16.jar:10.1.16]
	at org.apache.catalina.core.StandardWrapperValve.invoke(StandardWrapperValve.java:167) ~[tomcat-embed-core-10.1.16.jar:10.1.16]
	at org.apache.catalina.core.StandardContextValve.invoke(StandardContextValve.java:90) ~[tomcat-embed-core-10.1.16.jar:10.1.16]
	at org.apache.catalina.authenticator.AuthenticatorBase.invoke(AuthenticatorBase.java:482) ~[tomcat-embed-core-10.1.16.jar:10.1.16]
	at org.apache.catalina.core.StandardHostValve.invoke(StandardHostValve.java:115) ~[tomcat-embed-core-10.1.16.jar:10.1.16]
	at org.apache.catalina.valves.ErrorReportValve.invoke(ErrorReportValve.java:93) ~[tomcat-embed-core-10.1.16.jar:10.1.16]
	at org.apache.catalina.core.StandardEngineValve.invoke(StandardEngineValve.java:74) ~[tomcat-embed-core-10.1.16.jar:10.1.16]
	at org.apache.catalina.connector.CoyoteAdapter.service(CoyoteAdapter.java:340) ~[tomcat-embed-core-10.1.16.jar:10.1.16]
	at org.apache.coyote.http11.Http11Processor.service(Http11Processor.java:391) ~[tomcat-embed-core-10.1.16.jar:10.1.16]
	at org.apache.coyote.AbstractProcessorLight.process(AbstractProcessorLight.java:63) ~[tomcat-embed-core-10.1.16.jar:10.1.16]
	at org.apache.coyote.AbstractProtocol$ConnectionHandler.process(AbstractProtocol.java:896) ~[tomcat-embed-core-10.1.16.jar:10.1.16]
	at org.apache.tomcat.util.net.NioEndpoint$SocketProcessor.doRun(NioEndpoint.java:1744) ~[tomcat-embed-core-10.1.16.jar:10.1.16]
	at org.apache.tomcat.util.net.SocketProcessorBase.run(SocketProcessorBase.java:52) ~[tomcat-embed-core-10.1.16.jar:10.1.16]
	at org.apache.tomcat.util.threads.ThreadPoolExecutor.runWorker(ThreadPoolExecutor.java:1191) ~[tomcat-embed-core-10.1.16.jar:10.1.16]
	at org.apache.tomcat.util.threads.ThreadPoolExecutor$Worker.run(ThreadPoolExecutor.java:659) ~[tomcat-embed-core-10.1.16.jar:10.1.16]
	at org.apache.tomcat.util.threads.TaskThread$WrappingRunnable.run(TaskThread.java:61) ~[tomcat-embed-core-10.1.16.jar:10.1.16]
	at java.base/java.lang.Thread.run(Thread.java:1583) ~[na:na]

2026-01-14T17:14:00.549-05:00 DEBUG 99132 --- [Main] [http-nio-8080-exec-1] o.s.w.s.m.m.a.HttpEntityMethodProcessor  : Using 'application/json', given [application/json, application/*+json] and supported [application/json, application/*+json]
2026-01-14T17:14:00.550-05:00 DEBUG 99132 --- [Main] [http-nio-8080-exec-1] o.s.w.s.m.m.a.HttpEntityMethodProcessor  : Writing [{error=Internal Server Error, message=Se produjo un error interno, timestamp=2026-01-14T22:14:00.538 (truncated)...]
2026-01-14T17:14:00.561-05:00 DEBUG 99132 --- [Main] [http-nio-8080-exec-1] .m.m.a.ExceptionHandlerExceptionResolver : Resolved [com.rep.exception.AuthenticationException: Credenciales inválidas]
2026-01-14T17:14:00.562-05:00 DEBUG 99132 --- [Main] [http-nio-8080-exec-1] o.s.web.servlet.DispatcherServlet        : Completed 500 INTERNAL_SERVER_ERROR
2026-01-14T17:20:23.419-05:00  INFO 99132 --- [Main] [SpringApplicationShutdownHook] j.LocalContainerEntityManagerFactoryBean : Closing JPA EntityManagerFactory for persistence unit 'default'
2026-01-14T17:20:23.422-05:00  INFO 99132 --- [Main] [SpringApplicationShutdownHook] com.zaxxer.hikari.HikariDataSource       : HikariPool-1 - Shutdown initiated...
2026-01-14T17:20:23.434-05:00  INFO 99132 --- [Main] [SpringApplicationShutdownHook] com.zaxxer.hikari.HikariDataSource       : HikariPool-1 - Shutdown completed.
2026-01-14T17:20:27.338-05:00  INFO 102707 --- [Main] [JavaFX-Launcher] o.s.boot.SpringApplication               : Starting application using Java 21.0.9 with PID 102707 (started by carlos in /home/carlos/Proyectos/REP)
2026-01-14T17:20:27.339-05:00  INFO 102707 --- [Main] [JavaFX-Launcher] o.s.boot.SpringApplication               : No active profile set, falling back to 1 default profile: "default"
2026-01-14T17:20:28.524-05:00  INFO 102707 --- [Main] [JavaFX-Launcher] .s.d.r.c.RepositoryConfigurationDelegate : Bootstrapping Spring Data JPA repositories in DEFAULT mode.
2026-01-14T17:20:28.535-05:00 DEBUG 102707 --- [Main] [JavaFX-Launcher] o.s.b.a.AutoConfigurationPackages        : @EnableAutoConfiguration was declared on a class in the package 'com.rep'. Automatic @Repository and @Entity scanning is enabled.
2026-01-14T17:20:28.586-05:00  INFO 102707 --- [Main] [JavaFX-Launcher] .s.d.r.c.RepositoryConfigurationDelegate : Finished Spring Data repository scanning in 57 ms. Found 15 JPA repository interfaces.
2026-01-14T17:20:28.841-05:00  INFO 102707 --- [Main] [JavaFX-Launcher] o.s.cloud.context.scope.GenericScope     : BeanFactory id=dce50521-50e1-39ca-8ff2-1f2a86c43d5a
2026-01-14T17:20:29.793-05:00  INFO 102707 --- [Main] [JavaFX-Launcher] o.s.b.w.embedded.tomcat.TomcatWebServer  : Tomcat initialized with port 8080 (http)
2026-01-14T17:20:29.812-05:00  INFO 102707 --- [Main] [JavaFX-Launcher] o.apache.catalina.core.StandardService   : Starting service [Tomcat]
2026-01-14T17:20:29.812-05:00  INFO 102707 --- [Main] [JavaFX-Launcher] o.apache.catalina.core.StandardEngine    : Starting Servlet engine: [Apache Tomcat/10.1.16]
2026-01-14T17:20:29.902-05:00  INFO 102707 --- [Main] [JavaFX-Launcher] o.a.c.c.C.[Tomcat].[localhost].[/]       : Initializing Spring embedded WebApplicationContext
2026-01-14T17:20:29.903-05:00  INFO 102707 --- [Main] [JavaFX-Launcher] w.s.c.ServletWebServerApplicationContext : Root WebApplicationContext: initialization completed in 2519 ms
2026-01-14T17:20:30.423-05:00  INFO 102707 --- [Main] [JavaFX-Launcher] o.hibernate.jpa.internal.util.LogHelper  : HHH000204: Processing PersistenceUnitInfo [name: default]
2026-01-14T17:20:30.505-05:00  INFO 102707 --- [Main] [JavaFX-Launcher] org.hibernate.Version                    : HHH000412: Hibernate ORM core version 6.3.1.Final
2026-01-14T17:20:30.568-05:00  INFO 102707 --- [Main] [JavaFX-Launcher] o.h.c.internal.RegionFactoryInitiator    : HHH000026: Second-level cache disabled
2026-01-14T17:20:30.799-05:00  INFO 102707 --- [Main] [JavaFX-Launcher] o.s.o.j.p.SpringPersistenceUnitInfo      : No LoadTimeWeaver setup: ignoring JPA class transformer
2026-01-14T17:20:30.817-05:00  INFO 102707 --- [Main] [JavaFX-Launcher] com.zaxxer.hikari.HikariDataSource       : HikariPool-1 - Starting...
2026-01-14T17:20:30.948-05:00  INFO 102707 --- [Main] [JavaFX-Launcher] com.zaxxer.hikari.pool.HikariPool        : HikariPool-1 - Added connection com.mysql.cj.jdbc.ConnectionImpl@5f8b81e2
2026-01-14T17:20:30.949-05:00  INFO 102707 --- [Main] [JavaFX-Launcher] com.zaxxer.hikari.HikariDataSource       : HikariPool-1 - Start completed.
2026-01-14T17:20:30.974-05:00  WARN 102707 --- [Main] [JavaFX-Launcher] o.h.e.j.e.i.JdbcEnvironmentInitiator     : HHH000339: Could not obtain connection metadata: java.sql.SQLSyntaxErrorException: Unknown column 'RESERVED' in 'WHERE'
2026-01-14T17:20:30.989-05:00  WARN 102707 --- [Main] [JavaFX-Launcher] org.hibernate.orm.deprecation            : HHH90000025: MySQL8Dialect does not need to be specified explicitly using 'hibernate.dialect' (remove the property setting and it will be selected by default)
2026-01-14T17:20:30.990-05:00  WARN 102707 --- [Main] [JavaFX-Launcher] org.hibernate.orm.deprecation            : HHH90000026: MySQL8Dialect has been deprecated; use org.hibernate.dialect.MySQLDialect instead
2026-01-14T17:20:31.818-05:00  INFO 102707 --- [Main] [JavaFX-Launcher] o.h.e.t.j.p.i.JtaPlatformInitiator       : HHH000489: No JTA platform available (set 'hibernate.transaction.jta.platform' to enable JTA platform integration)
2026-01-14T17:20:32.011-05:00  INFO 102707 --- [Main] [JavaFX-Launcher] j.LocalContainerEntityManagerFactoryBean : Initialized JPA EntityManagerFactory for persistence unit 'default'
2026-01-14T17:20:32.353-05:00  INFO 102707 --- [Main] [JavaFX-Launcher] o.s.d.j.r.query.QueryEnhancerFactory     : Hibernate is in classpath; If applicable, HQL parser will be used.
2026-01-14T17:20:32.650-05:00 DEBUG 102707 --- [Main] [JavaFX-Launcher] c.rep.security.JwtAuthenticationFilter   : Filter 'jwtAuthenticationFilter' configured for use
2026-01-14T17:20:32.651-05:00 DEBUG 102707 --- [Main] [JavaFX-Launcher] o.s.w.f.ServerHttpObservationFilter      : Filter 'webMvcObservationFilter' configured for use
2026-01-14T17:20:33.829-05:00  INFO 102707 --- [Main] [JavaFX-Launcher] c.r.s.impl.EstudianteApiServiceImpl      : EstudianteApiServiceImpl inicializado con URL base: http://localhost:8080
2026-01-14T17:20:34.114-05:00  WARN 102707 --- [Main] [JavaFX-Launcher] JpaBaseConfiguration$JpaWebConfiguration : spring.jpa.open-in-view is enabled by default. Therefore, database queries may be performed during view rendering. Explicitly configure spring.jpa.open-in-view to disable this warning
2026-01-14T17:20:34.347-05:00 DEBUG 102707 --- [Main] [JavaFX-Launcher] s.w.s.m.m.a.RequestMappingHandlerMapping : 79 mappings in 'requestMappingHandlerMapping'
2026-01-14T17:20:34.459-05:00 DEBUG 102707 --- [Main] [JavaFX-Launcher] o.s.w.s.handler.SimpleUrlHandlerMapping  : Patterns [/webjars/**, /**, /swagger-ui*/*swagger-initializer.js, /swagger-ui*/**] in 'resourceHandlerMapping'
2026-01-14T17:20:34.599-05:00  INFO 102707 --- [Main] [JavaFX-Launcher] o.s.b.a.e.web.EndpointLinksResolver      : Exposing 1 endpoint(s) beneath base path '/actuator'
2026-01-14T17:20:34.663-05:00  INFO 102707 --- [Main] [JavaFX-Launcher] o.s.s.web.DefaultSecurityFilterChain     : Will secure any request with [org.springframework.security.web.session.DisableEncodeUrlFilter@17af1c17, org.springframework.security.web.context.request.async.WebAsyncManagerIntegrationFilter@57602750, org.springframework.security.web.context.SecurityContextHolderFilter@7b9e6eb3, org.springframework.security.web.header.HeaderWriterFilter@7d97c3e4, org.springframework.web.filter.CorsFilter@9a8ca8f, org.springframework.security.web.authentication.logout.LogoutFilter@72db77db, com.rep.security.JwtAuthenticationFilter@58f6c16b, org.springframework.security.web.savedrequest.RequestCacheAwareFilter@7e2c4d9e, org.springframework.security.web.servletapi.SecurityContextHolderAwareRequestFilter@a914a76, org.springframework.security.web.authentication.AnonymousAuthenticationFilter@ec95d23, org.springframework.security.web.session.SessionManagementFilter@57723b, org.springframework.security.web.access.ExceptionTranslationFilter@54962306, org.springframework.security.web.access.intercept.AuthorizationFilter@1ed7fa23]
2026-01-14T17:20:34.796-05:00 DEBUG 102707 --- [Main] [JavaFX-Launcher] s.w.s.m.m.a.RequestMappingHandlerAdapter : ControllerAdvice beans: 0 @ModelAttribute, 0 @InitBinder, 1 RequestBodyAdvice, 1 ResponseBodyAdvice
2026-01-14T17:20:34.837-05:00 DEBUG 102707 --- [Main] [JavaFX-Launcher] .m.m.a.ExceptionHandlerExceptionResolver : ControllerAdvice beans: 2 @ExceptionHandler, 1 ResponseBodyAdvice
2026-01-14T17:20:35.317-05:00  INFO 102707 --- [Main] [JavaFX-Launcher] o.s.b.w.embedded.tomcat.TomcatWebServer  : Tomcat started on port 8080 (http) with context path ''
2026-01-14T17:20:35.343-05:00 DEBUG 102707 --- [Main] [JavaFX-Launcher] .s.b.a.l.ConditionEvaluationReportLogger : 


============================
CONDITIONS EVALUATION REPORT
============================


Positive matches:
-----------------

   AopAutoConfiguration matched:
      - @ConditionalOnProperty (spring.aop.auto=true) matched (OnPropertyCondition)

   AopAutoConfiguration.AspectJAutoProxyingConfiguration matched:
      - @ConditionalOnClass found required class 'org.aspectj.weaver.Advice' (OnClassCondition)

   AopAutoConfiguration.AspectJAutoProxyingConfiguration.CglibAutoProxyConfiguration matched:
      - @ConditionalOnProperty (spring.aop.proxy-target-class=true) matched (OnPropertyCondition)

   ApplicationAvailabilityAutoConfiguration#applicationAvailability matched:
      - @ConditionalOnMissingBean (types: org.springframework.boot.availability.ApplicationAvailability; SearchStrategy: all) did not find any beans (OnBeanCondition)

   AutoServiceRegistrationAutoConfiguration matched:
      - @ConditionalOnProperty (spring.cloud.service-registry.auto-registration.enabled) matched (OnPropertyCondition)

   AutoServiceRegistrationConfiguration matched:
      - @ConditionalOnProperty (spring.cloud.service-registry.auto-registration.enabled) matched (OnPropertyCondition)

   CacheMeterBinderProvidersConfiguration matched:
      - @ConditionalOnClass found required class 'io.micrometer.core.instrument.binder.MeterBinder' (OnClassCondition)

   CommonsClientAutoConfiguration.ActuatorConfiguration matched:
      - @ConditionalOnClass found required class 'org.springframework.boot.actuate.endpoint.annotation.Endpoint' (OnClassCondition)
      - @ConditionalOnProperty (spring.cloud.features.enabled) matched (OnPropertyCondition)

   CommonsClientAutoConfiguration.DiscoveryLoadBalancerConfiguration matched:
      - @ConditionalOnClass found required class 'org.springframework.boot.actuate.health.HealthIndicator' (OnClassCondition)
      - @ConditionalOnProperty (spring.cloud.discovery.enabled) matched; @ConditionalOnProperty (spring.cloud.discovery.blocking.enabled) matched (OnPropertyCondition)
      - @ConditionalOnBean (types: org.springframework.cloud.client.discovery.DiscoveryClient; SearchStrategy: all) found beans 'simpleDiscoveryClient', 'compositeDiscoveryClient' (OnBeanCondition)

   CommonsClientAutoConfiguration.DiscoveryLoadBalancerConfiguration#discoveryClientHealthIndicator matched:
      - @ConditionalOnProperty (spring.cloud.discovery.client.health-indicator.enabled) matched (OnPropertyCondition)

   CommonsClientAutoConfiguration.DiscoveryLoadBalancerConfiguration#discoveryCompositeHealthContributor matched:
      - @ConditionalOnProperty (spring.cloud.discovery.client.composite-indicator.enabled) matched (OnPropertyCondition)
      - @ConditionalOnBean (types: org.springframework.cloud.client.discovery.health.DiscoveryHealthIndicator; SearchStrategy: all) found bean 'discoveryClientHealthIndicator' (OnBeanCondition)

   CompatibilityVerifierAutoConfiguration matched:
      - @ConditionalOnProperty (spring.cloud.compatibility-verifier.enabled) matched (OnPropertyCondition)

   CompositeMeterRegistryAutoConfiguration matched:
      - @ConditionalOnClass found required class 'io.micrometer.core.instrument.composite.CompositeMeterRegistry' (OnClassCondition)

   ConfigurationPropertiesRebinderAutoConfiguration matched:
      - @ConditionalOnBean (types: org.springframework.boot.context.properties.ConfigurationPropertiesBindingPostProcessor; SearchStrategy: all) found bean 'org.springframework.boot.context.properties.ConfigurationPropertiesBindingPostProcessor' (OnBeanCondition)

   ConfigurationPropertiesRebinderAutoConfiguration#configurationPropertiesBeans matched:
      - @ConditionalOnMissingBean (types: org.springframework.cloud.context.properties.ConfigurationPropertiesBeans; SearchStrategy: current) did not find any beans (OnBeanCondition)

   ConfigurationPropertiesRebinderAutoConfiguration#configurationPropertiesRebinder matched:
      - @ConditionalOnMissingBean (types: org.springframework.cloud.context.properties.ConfigurationPropertiesRebinder; SearchStrategy: current) did not find any beans (OnBeanCondition)

   DataSourceAutoConfiguration matched:
      - @ConditionalOnClass found required classes 'javax.sql.DataSource', 'org.springframework.jdbc.datasource.embedded.EmbeddedDatabaseType' (OnClassCondition)
      - @ConditionalOnMissingBean (types: io.r2dbc.spi.ConnectionFactory; SearchStrategy: all) did not find any beans (OnBeanCondition)

   DataSourceAutoConfiguration.PooledDataSourceConfiguration matched:
      - AnyNestedCondition 1 matched 1 did not; NestedCondition on DataSourceAutoConfiguration.PooledDataSourceCondition.PooledDataSourceAvailable PooledDataSource found supported DataSource; NestedCondition on DataSourceAutoConfiguration.PooledDataSourceCondition.ExplicitType @ConditionalOnProperty (spring.datasource.type) did not find property 'type' (DataSourceAutoConfiguration.PooledDataSourceCondition)
      - @ConditionalOnMissingBean (types: javax.sql.DataSource,javax.sql.XADataSource; SearchStrategy: all) did not find any beans (OnBeanCondition)

   DataSourceAutoConfiguration.PooledDataSourceConfiguration#jdbcConnectionDetails matched:
      - @ConditionalOnMissingBean (types: org.springframework.boot.autoconfigure.jdbc.JdbcConnectionDetails; SearchStrategy: all) did not find any beans (OnBeanCondition)

   DataSourceConfiguration.Hikari matched:
      - @ConditionalOnClass found required class 'com.zaxxer.hikari.HikariDataSource' (OnClassCondition)
      - @ConditionalOnProperty (spring.datasource.type=com.zaxxer.hikari.HikariDataSource) matched (OnPropertyCondition)
      - @ConditionalOnMissingBean (types: javax.sql.DataSource; SearchStrategy: all) did not find any beans (OnBeanCondition)

   DataSourceHealthContributorAutoConfiguration matched:
      - @ConditionalOnClass found required classes 'org.springframework.jdbc.core.JdbcTemplate', 'org.springframework.jdbc.datasource.lookup.AbstractRoutingDataSource' (OnClassCondition)
      - @ConditionalOnEnabledHealthIndicator management.health.defaults.enabled is considered true (OnEnabledHealthIndicatorCondition)
      - @ConditionalOnBean (types: javax.sql.DataSource; SearchStrategy: all) found bean 'dataSource' (OnBeanCondition)

   DataSourceHealthContributorAutoConfiguration#dbHealthContributor matched:
      - @ConditionalOnMissingBean (names: dbHealthIndicator,dbHealthContributor; SearchStrategy: all) did not find any beans (OnBeanCondition)

   DataSourceInitializationConfiguration matched:
      - @ConditionalOnClass found required class 'org.springframework.jdbc.datasource.init.DatabasePopulator' (OnClassCondition)
      - @ConditionalOnSingleCandidate (types: javax.sql.DataSource; SearchStrategy: all) found a single bean 'dataSource'; @ConditionalOnMissingBean (types: org.springframework.boot.autoconfigure.sql.init.SqlDataSourceScriptDatabaseInitializer,org.springframework.boot.autoconfigure.sql.init.SqlR2dbcScriptDatabaseInitializer; SearchStrategy: all) did not find any beans (OnBeanCondition)

   DataSourceJmxConfiguration matched:
      - @ConditionalOnProperty (spring.jmx.enabled=true) matched (OnPropertyCondition)

   DataSourceJmxConfiguration.Hikari matched:
      - @ConditionalOnClass found required class 'com.zaxxer.hikari.HikariDataSource' (OnClassCondition)
      - @ConditionalOnSingleCandidate (types: javax.sql.DataSource; SearchStrategy: all) found a single bean 'dataSource' (OnBeanCondition)

   DataSourcePoolMetadataProvidersConfiguration.HikariPoolDataSourceMetadataProviderConfiguration matched:
      - @ConditionalOnClass found required class 'com.zaxxer.hikari.HikariDataSource' (OnClassCondition)

   DataSourcePoolMetricsAutoConfiguration matched:
      - @ConditionalOnClass found required classes 'javax.sql.DataSource', 'io.micrometer.core.instrument.MeterRegistry' (OnClassCondition)
      - @ConditionalOnBean (types: javax.sql.DataSource,io.micrometer.core.instrument.MeterRegistry; SearchStrategy: all) found beans 'simpleMeterRegistry', 'dataSource' (OnBeanCondition)

   DataSourcePoolMetricsAutoConfiguration.DataSourcePoolMetadataMetricsConfiguration matched:
      - @ConditionalOnBean (types: org.springframework.boot.jdbc.metadata.DataSourcePoolMetadataProvider; SearchStrategy: all) found bean 'hikariPoolDataSourceMetadataProvider' (OnBeanCondition)

   DataSourcePoolMetricsAutoConfiguration.HikariDataSourceMetricsConfiguration matched:
      - @ConditionalOnClass found required class 'com.zaxxer.hikari.HikariDataSource' (OnClassCondition)

   DataSourceTransactionManagerAutoConfiguration matched:
      - @ConditionalOnClass found required classes 'org.springframework.jdbc.core.JdbcTemplate', 'org.springframework.transaction.TransactionManager' (OnClassCondition)

   DataSourceTransactionManagerAutoConfiguration.JdbcTransactionManagerConfiguration matched:
      - @ConditionalOnSingleCandidate (types: javax.sql.DataSource; SearchStrategy: all) found a single bean 'dataSource' (OnBeanCondition)

   DiskSpaceHealthContributorAutoConfiguration matched:
      - @ConditionalOnEnabledHealthIndicator management.health.defaults.enabled is considered true (OnEnabledHealthIndicatorCondition)

   DiskSpaceHealthContributorAutoConfiguration#diskSpaceHealthIndicator matched:
      - @ConditionalOnMissingBean (names: diskSpaceHealthIndicator; SearchStrategy: all) did not find any beans (OnBeanCondition)

   DispatcherServletAutoConfiguration matched:
      - @ConditionalOnClass found required class 'org.springframework.web.servlet.DispatcherServlet' (OnClassCondition)
      - found 'session' scope (OnWebApplicationCondition)

   DispatcherServletAutoConfiguration.DispatcherServletConfiguration matched:
      - @ConditionalOnClass found required class 'jakarta.servlet.ServletRegistration' (OnClassCondition)
      - Default DispatcherServlet did not find dispatcher servlet beans (DispatcherServletAutoConfiguration.DefaultDispatcherServletCondition)

   DispatcherServletAutoConfiguration.DispatcherServletRegistrationConfiguration matched:
      - @ConditionalOnClass found required class 'jakarta.servlet.ServletRegistration' (OnClassCondition)
      - DispatcherServlet Registration did not find servlet registration bean (DispatcherServletAutoConfiguration.DispatcherServletRegistrationCondition)

   DispatcherServletAutoConfiguration.DispatcherServletRegistrationConfiguration#dispatcherServletRegistration matched:
      - @ConditionalOnBean (names: dispatcherServlet types: org.springframework.web.servlet.DispatcherServlet; SearchStrategy: all) found bean 'dispatcherServlet' (OnBeanCondition)

   EmbeddedWebServerFactoryCustomizerAutoConfiguration matched:
      - @ConditionalOnWebApplication (required) found 'session' scope (OnWebApplicationCondition)
      - @ConditionalOnWarDeployment the application is not deployed as a WAR file. (OnWarDeploymentCondition)

   EmbeddedWebServerFactoryCustomizerAutoConfiguration.TomcatWebServerFactoryCustomizerConfiguration matched:
      - @ConditionalOnClass found required classes 'org.apache.catalina.startup.Tomcat', 'org.apache.coyote.UpgradeProtocol' (OnClassCondition)

   EndpointAutoConfiguration#endpointCachingOperationInvokerAdvisor matched:
      - @ConditionalOnMissingBean (types: org.springframework.boot.actuate.endpoint.invoker.cache.CachingOperationInvokerAdvisor; SearchStrategy: all) did not find any beans (OnBeanCondition)

   EndpointAutoConfiguration#endpointOperationParameterMapper matched:
      - @ConditionalOnMissingBean (types: org.springframework.boot.actuate.endpoint.invoke.ParameterValueMapper; SearchStrategy: all) did not find any beans (OnBeanCondition)

   ErrorMvcAutoConfiguration matched:
      - @ConditionalOnClass found required classes 'jakarta.servlet.Servlet', 'org.springframework.web.servlet.DispatcherServlet' (OnClassCondition)
      - found 'session' scope (OnWebApplicationCondition)

   ErrorMvcAutoConfiguration#basicErrorController matched:
      - @ConditionalOnMissingBean (types: org.springframework.boot.web.servlet.error.ErrorController; SearchStrategy: current) did not find any beans (OnBeanCondition)

   ErrorMvcAutoConfiguration#errorAttributes matched:
      - @ConditionalOnMissingBean (types: org.springframework.boot.web.servlet.error.ErrorAttributes; SearchStrategy: current) did not find any beans (OnBeanCondition)

   ErrorMvcAutoConfiguration.DefaultErrorViewResolverConfiguration#conventionErrorViewResolver matched:
      - @ConditionalOnBean (types: org.springframework.web.servlet.DispatcherServlet; SearchStrategy: all) found bean 'dispatcherServlet'; @ConditionalOnMissingBean (types: org.springframework.boot.autoconfigure.web.servlet.error.ErrorViewResolver; SearchStrategy: all) did not find any beans (OnBeanCondition)

   ErrorMvcAutoConfiguration.WhitelabelErrorViewConfiguration matched:
      - @ConditionalOnProperty (server.error.whitelabel.enabled) matched (OnPropertyCondition)
      - ErrorTemplate Missing did not find error template view (ErrorMvcAutoConfiguration.ErrorTemplateMissingCondition)

   ErrorMvcAutoConfiguration.WhitelabelErrorViewConfiguration#beanNameViewResolver matched:
      - @ConditionalOnMissingBean (types: org.springframework.web.servlet.view.BeanNameViewResolver; SearchStrategy: all) did not find any beans (OnBeanCondition)

   ErrorMvcAutoConfiguration.WhitelabelErrorViewConfiguration#defaultErrorView matched:
      - @ConditionalOnMissingBean (names: error; SearchStrategy: all) did not find any beans (OnBeanCondition)

   FeignAutoConfiguration matched:
      - @ConditionalOnClass found required class 'feign.Feign' (OnClassCondition)

   FeignAutoConfiguration.DefaultFeignTargeterConfiguration matched:
      - AnyNestedCondition 1 matched 1 did not; NestedCondition on FeignCircuitBreakerDisabledConditions.CircuitBreakerDisabled @ConditionalOnProperty (spring.cloud.openfeign.circuitbreaker.enabled=false) matched; NestedCondition on FeignCircuitBreakerDisabledConditions.CircuitBreakerClassMissing @ConditionalOnMissingClass found unwanted class 'org.springframework.cloud.client.circuitbreaker.CircuitBreaker' (FeignCircuitBreakerDisabledConditions)

   FeignAutoConfiguration.DefaultFeignTargeterConfiguration#feignTargeter matched:
      - @ConditionalOnMissingBean (types: org.springframework.cloud.openfeign.Targeter; SearchStrategy: all) did not find any beans (OnBeanCondition)

   FeignAutoConfiguration.FeignJacksonConfiguration matched:
      - @ConditionalOnClass found required classes 'com.fasterxml.jackson.databind.Module', 'org.springframework.data.domain.Page', 'org.springframework.data.domain.Sort' (OnClassCondition)
      - @ConditionalOnProperty (spring.cloud.openfeign.autoconfiguration.jackson.enabled=true) matched (OnPropertyCondition)

   FeignAutoConfiguration.FeignJacksonConfiguration#pageJacksonModule matched:
      - @ConditionalOnMissingBean (types: org.springframework.cloud.openfeign.support.PageJacksonModule; SearchStrategy: all) did not find any beans (OnBeanCondition)

   FeignAutoConfiguration.FeignJacksonConfiguration#sortModule matched:
      - @ConditionalOnMissingBean (types: org.springframework.cloud.openfeign.support.SortJacksonModule; SearchStrategy: all) did not find any beans (OnBeanCondition)

   GenericCacheConfiguration matched:
      - Cache org.springframework.boot.autoconfigure.cache.GenericCacheConfiguration automatic cache type (CacheCondition)

   HealthContributorAutoConfiguration#pingHealthContributor matched:
      - @ConditionalOnEnabledHealthIndicator management.health.defaults.enabled is considered true (OnEnabledHealthIndicatorCondition)

   HealthEndpointAutoConfiguration matched:
      - @ConditionalOnAvailableEndpoint marked as exposed by a 'management.endpoints.web.exposure' property (OnAvailableEndpointCondition)

   HealthEndpointConfiguration#healthContributorRegistry matched:
      - @ConditionalOnMissingBean (types: org.springframework.boot.actuate.health.HealthContributorRegistry; SearchStrategy: all) did not find any beans (OnBeanCondition)

   HealthEndpointConfiguration#healthEndpoint matched:
      - @ConditionalOnMissingBean (types: org.springframework.boot.actuate.health.HealthEndpoint; SearchStrategy: all) did not find any beans (OnBeanCondition)

   HealthEndpointConfiguration#healthEndpointGroupMembershipValidator matched:
      - @ConditionalOnProperty (management.endpoint.health.validate-group-membership=true) matched (OnPropertyCondition)

   HealthEndpointConfiguration#healthEndpointGroups matched:
      - @ConditionalOnMissingBean (types: org.springframework.boot.actuate.health.HealthEndpointGroups; SearchStrategy: all) did not find any beans (OnBeanCondition)

   HealthEndpointConfiguration#healthHttpCodeStatusMapper matched:
      - @ConditionalOnMissingBean (types: org.springframework.boot.actuate.health.HttpCodeStatusMapper; SearchStrategy: all) did not find any beans (OnBeanCondition)

   HealthEndpointConfiguration#healthStatusAggregator matched:
      - @ConditionalOnMissingBean (types: org.springframework.boot.actuate.health.StatusAggregator; SearchStrategy: all) did not find any beans (OnBeanCondition)

   HealthEndpointWebExtensionConfiguration matched:
      - found 'session' scope (OnWebApplicationCondition)
      - @ConditionalOnAvailableEndpoint marked as exposed by a 'management.endpoints.web.exposure' property (OnAvailableEndpointCondition)
      - @ConditionalOnBean (types: org.springframework.boot.actuate.health.HealthEndpoint; SearchStrategy: all) found bean 'healthEndpoint' (OnBeanCondition)

   HealthEndpointWebExtensionConfiguration#healthEndpointWebExtension matched:
      - @ConditionalOnMissingBean (types: org.springframework.boot.actuate.health.HealthEndpointWebExtension; SearchStrategy: all) did not find any beans (OnBeanCondition)

   HealthEndpointWebExtensionConfiguration.MvcAdditionalHealthEndpointPathsConfiguration matched:
      - @ConditionalOnAvailableEndpoint marked as exposed by a 'management.endpoints.web.exposure' property (OnAvailableEndpointCondition)
      - @ConditionalOnBean (types: org.springframework.web.servlet.DispatcherServlet; SearchStrategy: all) found bean 'dispatcherServlet' (OnBeanCondition)

   HibernateJpaAutoConfiguration matched:
      - @ConditionalOnClass found required classes 'org.springframework.orm.jpa.LocalContainerEntityManagerFactoryBean', 'jakarta.persistence.EntityManager', 'org.hibernate.engine.spi.SessionImplementor' (OnClassCondition)

   HibernateJpaConfiguration matched:
      - @ConditionalOnSingleCandidate (types: javax.sql.DataSource; SearchStrategy: all) found a single bean 'dataSource' (OnBeanCondition)

   HttpClientObservationsAutoConfiguration matched:
      - @ConditionalOnClass found required class 'io.micrometer.observation.Observation' (OnClassCondition)
      - @ConditionalOnBean (types: io.micrometer.observation.ObservationRegistry; SearchStrategy: all) found bean 'observationRegistry' (OnBeanCondition)

   HttpClientObservationsAutoConfiguration.MeterFilterConfiguration matched:
      - @ConditionalOnClass found required class 'io.micrometer.core.instrument.MeterRegistry' (OnClassCondition)
      - @ConditionalOnBean (types: io.micrometer.core.instrument.MeterRegistry; SearchStrategy: all) found bean 'simpleMeterRegistry' (OnBeanCondition)

   HttpEncodingAutoConfiguration matched:
      - @ConditionalOnClass found required class 'org.springframework.web.filter.CharacterEncodingFilter' (OnClassCondition)
      - found 'session' scope (OnWebApplicationCondition)
      - @ConditionalOnProperty (server.servlet.encoding.enabled) matched (OnPropertyCondition)

   HttpEncodingAutoConfiguration#characterEncodingFilter matched:
      - @ConditionalOnMissingBean (types: org.springframework.web.filter.CharacterEncodingFilter; SearchStrategy: all) did not find any beans (OnBeanCondition)

   HttpMessageConvertersAutoConfiguration matched:
      - @ConditionalOnClass found required class 'org.springframework.http.converter.HttpMessageConverter' (OnClassCondition)
      - NoneNestedConditions 0 matched 1 did not; NestedCondition on HttpMessageConvertersAutoConfiguration.NotReactiveWebApplicationCondition.ReactiveWebApplication did not find reactive web application classes (HttpMessageConvertersAutoConfiguration.NotReactiveWebApplicationCondition)

   HttpMessageConvertersAutoConfiguration#messageConverters matched:
      - @ConditionalOnMissingBean (types: org.springframework.boot.autoconfigure.http.HttpMessageConverters; SearchStrategy: all) did not find any beans (OnBeanCondition)

   HttpMessageConvertersAutoConfiguration.StringHttpMessageConverterConfiguration matched:
      - @ConditionalOnClass found required class 'org.springframework.http.converter.StringHttpMessageConverter' (OnClassCondition)

   HttpMessageConvertersAutoConfiguration.StringHttpMessageConverterConfiguration#stringHttpMessageConverter matched:
      - @ConditionalOnMissingBean (types: org.springframework.http.converter.StringHttpMessageConverter; SearchStrategy: all) did not find any beans (OnBeanCondition)

   JacksonAutoConfiguration matched:
      - @ConditionalOnClass found required class 'com.fasterxml.jackson.databind.ObjectMapper' (OnClassCondition)

   JacksonAutoConfiguration.Jackson2ObjectMapperBuilderCustomizerConfiguration matched:
      - @ConditionalOnClass found required class 'org.springframework.http.converter.json.Jackson2ObjectMapperBuilder' (OnClassCondition)

   JacksonAutoConfiguration.JacksonObjectMapperBuilderConfiguration matched:
      - @ConditionalOnClass found required class 'org.springframework.http.converter.json.Jackson2ObjectMapperBuilder' (OnClassCondition)

   JacksonAutoConfiguration.JacksonObjectMapperBuilderConfiguration#jacksonObjectMapperBuilder matched:
      - @ConditionalOnMissingBean (types: org.springframework.http.converter.json.Jackson2ObjectMapperBuilder; SearchStrategy: all) did not find any beans (OnBeanCondition)

   JacksonAutoConfiguration.JacksonObjectMapperConfiguration matched:
      - @ConditionalOnClass found required class 'org.springframework.http.converter.json.Jackson2ObjectMapperBuilder' (OnClassCondition)

   JacksonAutoConfiguration.JacksonObjectMapperConfiguration#jacksonObjectMapper matched:
      - @ConditionalOnMissingBean (types: com.fasterxml.jackson.databind.ObjectMapper; SearchStrategy: all) did not find any beans (OnBeanCondition)

   JacksonAutoConfiguration.ParameterNamesModuleConfiguration matched:
      - @ConditionalOnClass found required class 'com.fasterxml.jackson.module.paramnames.ParameterNamesModule' (OnClassCondition)

   JacksonAutoConfiguration.ParameterNamesModuleConfiguration#parameterNamesModule matched:
      - @ConditionalOnMissingBean (types: com.fasterxml.jackson.module.paramnames.ParameterNamesModule; SearchStrategy: all) did not find any beans (OnBeanCondition)

   JacksonEndpointAutoConfiguration#endpointObjectMapper matched:
      - @ConditionalOnClass found required classes 'com.fasterxml.jackson.databind.ObjectMapper', 'org.springframework.http.converter.json.Jackson2ObjectMapperBuilder' (OnClassCondition)
      - @ConditionalOnProperty (management.endpoints.jackson.isolated-object-mapper) matched (OnPropertyCondition)

   JacksonHttpMessageConvertersConfiguration.MappingJackson2HttpMessageConverterConfiguration matched:
      - @ConditionalOnClass found required class 'com.fasterxml.jackson.databind.ObjectMapper' (OnClassCondition)
      - @ConditionalOnProperty (spring.mvc.converters.preferred-json-mapper=jackson) matched (OnPropertyCondition)
      - @ConditionalOnBean (types: com.fasterxml.jackson.databind.ObjectMapper; SearchStrategy: all) found bean 'jacksonObjectMapper' (OnBeanCondition)

   JacksonHttpMessageConvertersConfiguration.MappingJackson2HttpMessageConverterConfiguration#mappingJackson2HttpMessageConverter matched:
      - @ConditionalOnMissingBean (types: org.springframework.http.converter.json.MappingJackson2HttpMessageConverter ignored: org.springframework.hateoas.server.mvc.TypeConstrainedMappingJackson2HttpMessageConverter,org.springframework.data.rest.webmvc.alps.AlpsJsonHttpMessageConverter; SearchStrategy: all) did not find any beans (OnBeanCondition)

   JdbcClientAutoConfiguration matched:
      - @ConditionalOnSingleCandidate (types: org.springframework.jdbc.core.namedparam.NamedParameterJdbcTemplate; SearchStrategy: all) found a single bean 'namedParameterJdbcTemplate'; @ConditionalOnMissingBean (types: org.springframework.jdbc.core.simple.JdbcClient; SearchStrategy: all) did not find any beans (OnBeanCondition)

   JdbcTemplateAutoConfiguration matched:
      - @ConditionalOnClass found required classes 'javax.sql.DataSource', 'org.springframework.jdbc.core.JdbcTemplate' (OnClassCondition)
      - @ConditionalOnSingleCandidate (types: javax.sql.DataSource; SearchStrategy: all) found a single bean 'dataSource' (OnBeanCondition)

   JdbcTemplateConfiguration matched:
      - @ConditionalOnMissingBean (types: org.springframework.jdbc.core.JdbcOperations; SearchStrategy: all) did not find any beans (OnBeanCondition)

   JpaBaseConfiguration#entityManagerFactory matched:
      - @ConditionalOnMissingBean (types: org.springframework.orm.jpa.LocalContainerEntityManagerFactoryBean,jakarta.persistence.EntityManagerFactory; SearchStrategy: all) did not find any beans (OnBeanCondition)

   JpaBaseConfiguration#entityManagerFactoryBuilder matched:
      - @ConditionalOnMissingBean (types: org.springframework.boot.orm.jpa.EntityManagerFactoryBuilder; SearchStrategy: all) did not find any beans (OnBeanCondition)

   JpaBaseConfiguration#jpaVendorAdapter matched:
      - @ConditionalOnMissingBean (types: org.springframework.orm.jpa.JpaVendorAdapter; SearchStrategy: all) did not find any beans (OnBeanCondition)

   JpaBaseConfiguration#transactionManager matched:
      - @ConditionalOnMissingBean (types: org.springframework.transaction.TransactionManager; SearchStrategy: all) did not find any beans (OnBeanCondition)

   JpaBaseConfiguration.JpaWebConfiguration matched:
      - @ConditionalOnClass found required class 'org.springframework.web.servlet.config.annotation.WebMvcConfigurer' (OnClassCondition)
      - found 'session' scope (OnWebApplicationCondition)
      - @ConditionalOnProperty (spring.jpa.open-in-view=true) matched (OnPropertyCondition)
      - @ConditionalOnMissingBean (types: org.springframework.orm.jpa.support.OpenEntityManagerInViewInterceptor,org.springframework.orm.jpa.support.OpenEntityManagerInViewFilter; SearchStrategy: all) did not find any beans (OnBeanCondition)

   JpaBaseConfiguration.PersistenceManagedTypesConfiguration matched:
      - @ConditionalOnMissingBean (types: org.springframework.orm.jpa.LocalContainerEntityManagerFactoryBean,jakarta.persistence.EntityManagerFactory; SearchStrategy: all) did not find any beans (OnBeanCondition)

   JpaBaseConfiguration.PersistenceManagedTypesConfiguration#persistenceManagedTypes matched:
      - @ConditionalOnMissingBean (types: org.springframework.orm.jpa.persistenceunit.PersistenceManagedTypes; SearchStrategy: all) did not find any beans (OnBeanCondition)

   JpaRepositoriesAutoConfiguration matched:
      - @ConditionalOnClass found required class 'org.springframework.data.jpa.repository.JpaRepository' (OnClassCondition)
      - @ConditionalOnProperty (spring.data.jpa.repositories.enabled=true) matched (OnPropertyCondition)
      - @ConditionalOnBean (types: javax.sql.DataSource; SearchStrategy: all) found bean 'dataSource'; @ConditionalOnMissingBean (types: org.springframework.data.jpa.repository.support.JpaRepositoryFactoryBean,org.springframework.data.jpa.repository.config.JpaRepositoryConfigExtension; SearchStrategy: all) did not find any beans (OnBeanCondition)

   JtaAutoConfiguration matched:
      - @ConditionalOnClass found required class 'jakarta.transaction.Transaction' (OnClassCondition)
      - @ConditionalOnProperty (spring.jta.enabled) matched (OnPropertyCondition)

   JvmMetricsAutoConfiguration matched:
      - @ConditionalOnClass found required class 'io.micrometer.core.instrument.MeterRegistry' (OnClassCondition)
      - @ConditionalOnBean (types: io.micrometer.core.instrument.MeterRegistry; SearchStrategy: all) found bean 'simpleMeterRegistry' (OnBeanCondition)

   JvmMetricsAutoConfiguration#classLoaderMetrics matched:
      - @ConditionalOnMissingBean (types: io.micrometer.core.instrument.binder.jvm.ClassLoaderMetrics; SearchStrategy: all) did not find any beans (OnBeanCondition)

   JvmMetricsAutoConfiguration#jvmCompilationMetrics matched:
      - @ConditionalOnMissingBean (types: io.micrometer.core.instrument.binder.jvm.JvmCompilationMetrics; SearchStrategy: all) did not find any beans (OnBeanCondition)

   JvmMetricsAutoConfiguration#jvmGcMetrics matched:
      - @ConditionalOnMissingBean (types: io.micrometer.core.instrument.binder.jvm.JvmGcMetrics; SearchStrategy: all) did not find any beans (OnBeanCondition)

   JvmMetricsAutoConfiguration#jvmHeapPressureMetrics matched:
      - @ConditionalOnMissingBean (types: io.micrometer.core.instrument.binder.jvm.JvmHeapPressureMetrics; SearchStrategy: all) did not find any beans (OnBeanCondition)

   JvmMetricsAutoConfiguration#jvmInfoMetrics matched:
      - @ConditionalOnMissingBean (types: io.micrometer.core.instrument.binder.jvm.JvmInfoMetrics; SearchStrategy: all) did not find any beans (OnBeanCondition)

   JvmMetricsAutoConfiguration#jvmMemoryMetrics matched:
      - @ConditionalOnMissingBean (types: io.micrometer.core.instrument.binder.jvm.JvmMemoryMetrics; SearchStrategy: all) did not find any beans (OnBeanCondition)

   JvmMetricsAutoConfiguration#jvmThreadMetrics matched:
      - @ConditionalOnMissingBean (types: io.micrometer.core.instrument.binder.jvm.JvmThreadMetrics; SearchStrategy: all) did not find any beans (OnBeanCondition)

   LifecycleAutoConfiguration#defaultLifecycleProcessor matched:
      - @ConditionalOnMissingBean (names: lifecycleProcessor; SearchStrategy: current) did not find any beans (OnBeanCondition)

   LifecycleMvcEndpointAutoConfiguration#environmentManager matched:
      - @ConditionalOnMissingBean (types: org.springframework.cloud.context.environment.EnvironmentManager; SearchStrategy: all) did not find any beans (OnBeanCondition)

   LogbackMetricsAutoConfiguration matched:
      - @ConditionalOnClass found required classes 'io.micrometer.core.instrument.MeterRegistry', 'ch.qos.logback.classic.LoggerContext', 'org.slf4j.LoggerFactory' (OnClassCondition)
      - LogbackLoggingCondition ILoggerFactory is a Logback LoggerContext (LogbackMetricsAutoConfiguration.LogbackLoggingCondition)
      - @ConditionalOnBean (types: io.micrometer.core.instrument.MeterRegistry; SearchStrategy: all) found bean 'simpleMeterRegistry' (OnBeanCondition)

   LogbackMetricsAutoConfiguration#logbackMetrics matched:
      - @ConditionalOnMissingBean (types: io.micrometer.core.instrument.binder.logging.LogbackMetrics; SearchStrategy: all) did not find any beans (OnBeanCondition)

   ManagementContextAutoConfiguration.SameManagementContextConfiguration matched:
      - Management Port actual port type (SAME) matched required type (OnManagementPortCondition)

   MetricsAspectsAutoConfiguration matched:
      - @ConditionalOnClass found required classes 'io.micrometer.core.instrument.MeterRegistry', 'org.aspectj.weaver.Advice' (OnClassCondition)
      - @ConditionalOnBean (types: io.micrometer.core.instrument.MeterRegistry; SearchStrategy: all) found bean 'simpleMeterRegistry' (OnBeanCondition)

   MetricsAspectsAutoConfiguration#countedAspect matched:
      - @ConditionalOnMissingBean (types: io.micrometer.core.aop.CountedAspect; SearchStrategy: all) did not find any beans (OnBeanCondition)

   MetricsAspectsAutoConfiguration#timedAspect matched:
      - @ConditionalOnMissingBean (types: io.micrometer.core.aop.TimedAspect; SearchStrategy: all) did not find any beans (OnBeanCondition)

   MetricsAutoConfiguration matched:
      - @ConditionalOnClass found required class 'io.micrometer.core.annotation.Timed' (OnClassCondition)

   MetricsAutoConfiguration#micrometerClock matched:
      - @ConditionalOnMissingBean (types: io.micrometer.core.instrument.Clock; SearchStrategy: all) did not find any beans (OnBeanCondition)

   MultipartAutoConfiguration matched:
      - @ConditionalOnClass found required classes 'jakarta.servlet.Servlet', 'org.springframework.web.multipart.support.StandardServletMultipartResolver', 'jakarta.servlet.MultipartConfigElement' (OnClassCondition)
      - found 'session' scope (OnWebApplicationCondition)
      - @ConditionalOnProperty (spring.servlet.multipart.enabled) matched (OnPropertyCondition)

   MultipartAutoConfiguration#multipartConfigElement matched:
      - @ConditionalOnMissingBean (types: jakarta.servlet.MultipartConfigElement; SearchStrategy: all) did not find any beans (OnBeanCondition)

   MultipartAutoConfiguration#multipartResolver matched:
      - @ConditionalOnMissingBean (types: org.springframework.web.multipart.MultipartResolver; SearchStrategy: all) did not find any beans (OnBeanCondition)

   NamedParameterJdbcTemplateConfiguration matched:
      - @ConditionalOnSingleCandidate (types: org.springframework.jdbc.core.JdbcTemplate; SearchStrategy: all) found a single bean 'jdbcTemplate'; @ConditionalOnMissingBean (types: org.springframework.jdbc.core.namedparam.NamedParameterJdbcOperations; SearchStrategy: all) did not find any beans (OnBeanCondition)

   NoOpCacheConfiguration matched:
      - Cache org.springframework.boot.autoconfigure.cache.NoOpCacheConfiguration automatic cache type (CacheCondition)

   ObservationAutoConfiguration matched:
      - @ConditionalOnClass found required class 'io.micrometer.observation.ObservationRegistry' (OnClassCondition)

   ObservationAutoConfiguration#observationRegistry matched:
      - @ConditionalOnMissingBean (types: io.micrometer.observation.ObservationRegistry; SearchStrategy: all) did not find any beans (OnBeanCondition)

   ObservationAutoConfiguration.MeterObservationHandlerConfiguration matched:
      - @ConditionalOnBean (types: io.micrometer.core.instrument.MeterRegistry; SearchStrategy: all) found bean 'simpleMeterRegistry'; @ConditionalOnMissingBean (types: io.micrometer.core.instrument.observation.MeterObservationHandler; SearchStrategy: all) did not find any beans (OnBeanCondition)

   ObservationAutoConfiguration.MeterObservationHandlerConfiguration.OnlyMetricsMeterObservationHandlerConfiguration matched:
      - @ConditionalOnMissingBean (types: io.micrometer.tracing.Tracer; SearchStrategy: all) did not find any beans (OnBeanCondition)

   ObservationAutoConfiguration.ObservedAspectConfiguration matched:
      - @ConditionalOnClass found required class 'org.aspectj.weaver.Advice' (OnClassCondition)

   ObservationAutoConfiguration.ObservedAspectConfiguration#observedAspect matched:
      - @ConditionalOnMissingBean (types: io.micrometer.observation.aop.ObservedAspect; SearchStrategy: all) did not find any beans (OnBeanCondition)

   ObservationAutoConfiguration.OnlyMetricsConfiguration matched:
      - @ConditionalOnClass found required class 'io.micrometer.core.instrument.MeterRegistry'; @ConditionalOnMissingClass did not find unwanted class 'io.micrometer.tracing.Tracer' (OnClassCondition)

   PersistenceExceptionTranslationAutoConfiguration matched:
      - @ConditionalOnClass found required class 'org.springframework.dao.annotation.PersistenceExceptionTranslationPostProcessor' (OnClassCondition)

   PersistenceExceptionTranslationAutoConfiguration#persistenceExceptionTranslationPostProcessor matched:
      - @ConditionalOnProperty (spring.dao.exceptiontranslation.enabled) matched (OnPropertyCondition)
      - @ConditionalOnMissingBean (types: org.springframework.dao.annotation.PersistenceExceptionTranslationPostProcessor; SearchStrategy: all) did not find any beans (OnBeanCondition)

   PropertyPlaceholderAutoConfiguration#propertySourcesPlaceholderConfigurer matched:
      - @ConditionalOnMissingBean (types: org.springframework.context.support.PropertySourcesPlaceholderConfigurer; SearchStrategy: current) did not find any beans (OnBeanCondition)

   RefreshAutoConfiguration matched:
      - @ConditionalOnClass found required class 'org.springframework.cloud.context.scope.refresh.RefreshScope' (OnClassCondition)
      - @ConditionalOnProperty (spring.cloud.refresh.enabled) matched (OnPropertyCondition)

   RefreshAutoConfiguration#configDataContextRefresher matched:
      - @ConditionalOnMissingBean (types: org.springframework.cloud.context.refresh.ConfigDataContextRefresher; SearchStrategy: all) did not find any beans (OnBeanCondition)
      - NoneNestedConditions 0 matched 3 did not; NestedCondition on ConditionalOnBootstrapDisabled.OnBootstrapDisabledCondition.OnBootstrapEnabled @ConditionalOnProperty (spring.cloud.bootstrap.enabled) did not find property 'spring.cloud.bootstrap.enabled'; NestedCondition on ConditionalOnBootstrapDisabled.OnBootstrapDisabledCondition.OnUseLegacyProcessingEnabled @ConditionalOnProperty (spring.config.use-legacy-processing) did not find property 'spring.config.use-legacy-processing'; NestedCondition on ConditionalOnBootstrapDisabled.OnBootstrapDisabledCondition.OnBootstrapMarkerClassPresent @ConditionalOnClass did not find required class 'org.springframework.cloud.bootstrap.marker.Marker' (ConditionalOnBootstrapDisabled.OnBootstrapDisabledCondition)

   RefreshAutoConfiguration#loggingRebinder matched:
      - @ConditionalOnMissingBean (types: org.springframework.cloud.logging.LoggingRebinder; SearchStrategy: all) did not find any beans (OnBeanCondition)

   RefreshAutoConfiguration#refreshScope matched:
      - @ConditionalOnMissingBean (types: org.springframework.cloud.context.scope.refresh.RefreshScope; SearchStrategy: all) did not find any beans (OnBeanCondition)

   RefreshAutoConfiguration#refreshScopeLifecycle matched:
      - @ConditionalOnProperty (spring.cloud.refresh.on-restart.enabled) matched (OnPropertyCondition)

   RefreshEndpointAutoConfiguration matched:
      - @ConditionalOnClass found required classes 'org.springframework.boot.actuate.autoconfigure.endpoint.EndpointAutoConfiguration', 'org.springframework.boot.actuate.health.Health' (OnClassCondition)

   RefreshEndpointAutoConfiguration#refreshScopeHealthIndicator matched:
      - @ConditionalOnMissingBean (types: org.springframework.cloud.health.RefreshScopeHealthIndicator; SearchStrategy: all) did not find any beans (OnBeanCondition)
      - @ConditionalOnEnabledHealthIndicator management.health.defaults.enabled is considered true (OnEnabledHealthIndicatorCondition)

   RepositoryMetricsAutoConfiguration matched:
      - @ConditionalOnClass found required class 'org.springframework.data.repository.Repository' (OnClassCondition)
      - @ConditionalOnBean (types: io.micrometer.core.instrument.MeterRegistry; SearchStrategy: all) found bean 'simpleMeterRegistry' (OnBeanCondition)

   RepositoryMetricsAutoConfiguration#metricsRepositoryMethodInvocationListener matched:
      - @ConditionalOnMissingBean (types: org.springframework.boot.actuate.metrics.data.MetricsRepositoryMethodInvocationListener; SearchStrategy: all) did not find any beans (OnBeanCondition)

   RepositoryMetricsAutoConfiguration#repositoryTagsProvider matched:
      - @ConditionalOnMissingBean (types: org.springframework.boot.actuate.metrics.data.RepositoryTagsProvider; SearchStrategy: all) did not find any beans (OnBeanCondition)

   ResourceServerTokenRelayAutoConfiguration matched:
      - @ConditionalOnClass found required class 'org.springframework.web.servlet.config.annotation.WebMvcConfigurer' (OnClassCondition)
      - found 'session' scope (OnWebApplicationCondition)
      - @ConditionalOnProperty (spring.cloud.mvc.token-relay.enabled) matched (OnPropertyCondition)

   RestClientAutoConfiguration matched:
      - @ConditionalOnClass found required class 'org.springframework.web.client.RestClient' (OnClassCondition)
      - NoneNestedConditions 0 matched 1 did not; NestedCondition on NotReactiveWebApplicationCondition.ReactiveWebApplication did not find reactive web application classes (NotReactiveWebApplicationCondition)

   RestClientAutoConfiguration#httpMessageConvertersRestClientCustomizer matched:
      - @ConditionalOnMissingBean (types: org.springframework.boot.autoconfigure.web.client.HttpMessageConvertersRestClientCustomizer; SearchStrategy: all) did not find any beans (OnBeanCondition)

   RestClientAutoConfiguration#restClientBuilder matched:
      - @ConditionalOnMissingBean (types: org.springframework.web.client.RestClient$Builder; SearchStrategy: all) did not find any beans (OnBeanCondition)

   RestClientAutoConfiguration#restClientBuilderConfigurer matched:
      - @ConditionalOnMissingBean (types: org.springframework.boot.autoconfigure.web.client.RestClientBuilderConfigurer; SearchStrategy: all) did not find any beans (OnBeanCondition)

   RestClientAutoConfiguration#restClientSsl matched:
      - @ConditionalOnBean (types: org.springframework.boot.ssl.SslBundles; SearchStrategy: all) found bean 'sslBundleRegistry'; @ConditionalOnMissingBean (types: org.springframework.boot.autoconfigure.web.client.RestClientSsl; SearchStrategy: all) did not find any beans (OnBeanCondition)

   RestClientObservationConfiguration matched:
      - @ConditionalOnClass found required class 'org.springframework.web.client.RestClient' (OnClassCondition)
      - @ConditionalOnBean (types: org.springframework.web.client.RestClient$Builder; SearchStrategy: all) found bean 'restClientBuilder' (OnBeanCondition)

   RestTemplateAutoConfiguration matched:
      - @ConditionalOnClass found required class 'org.springframework.web.client.RestTemplate' (OnClassCondition)
      - NoneNestedConditions 0 matched 1 did not; NestedCondition on NotReactiveWebApplicationCondition.ReactiveWebApplication did not find reactive web application classes (NotReactiveWebApplicationCondition)

   RestTemplateAutoConfiguration#restTemplateBuilder matched:
      - @ConditionalOnMissingBean (types: org.springframework.boot.web.client.RestTemplateBuilder; SearchStrategy: all) did not find any beans (OnBeanCondition)

   RestTemplateObservationConfiguration matched:
      - @ConditionalOnClass found required class 'org.springframework.web.client.RestTemplate' (OnClassCondition)
      - @ConditionalOnBean (types: org.springframework.boot.web.client.RestTemplateBuilder; SearchStrategy: all) found bean 'restTemplateBuilder' (OnBeanCondition)

   RestartEndpointWithoutIntegrationConfiguration matched:
      - @ConditionalOnMissingClass did not find unwanted class 'org.springframework.integration.monitor.IntegrationMBeanExporter' (OnClassCondition)

   ScheduledTasksObservabilityAutoConfiguration matched:
      - @ConditionalOnClass found required class 'org.springframework.scheduling.concurrent.ThreadPoolTaskScheduler' (OnClassCondition)
      - @ConditionalOnBean (types: io.micrometer.observation.ObservationRegistry; SearchStrategy: all) found bean 'observationRegistry' (OnBeanCondition)

   SecurityAutoConfiguration matched:
      - @ConditionalOnClass found required class 'org.springframework.security.authentication.DefaultAuthenticationEventPublisher' (OnClassCondition)

   SecurityAutoConfiguration#authenticationEventPublisher matched:
      - @ConditionalOnMissingBean (types: org.springframework.security.authentication.AuthenticationEventPublisher; SearchStrategy: all) did not find any beans (OnBeanCondition)

   SecurityFilterAutoConfiguration matched:
      - @ConditionalOnClass found required classes 'org.springframework.security.web.context.AbstractSecurityWebApplicationInitializer', 'org.springframework.security.config.http.SessionCreationPolicy' (OnClassCondition)
      - found 'session' scope (OnWebApplicationCondition)

   SecurityFilterAutoConfiguration#securityFilterChainRegistration matched:
      - @ConditionalOnBean (names: springSecurityFilterChain; SearchStrategy: all) found bean 'springSecurityFilterChain' (OnBeanCondition)

   SecurityRequestMatchersManagementContextConfiguration matched:
      - @ConditionalOnClass found required class 'org.springframework.security.web.util.matcher.RequestMatcher' (OnClassCondition)
      - found 'session' scope (OnWebApplicationCondition)

   SecurityRequestMatchersManagementContextConfiguration.MvcRequestMatcherConfiguration matched:
      - @ConditionalOnClass found required class 'org.springframework.web.servlet.DispatcherServlet' (OnClassCondition)
      - @ConditionalOnBean (types: org.springframework.boot.autoconfigure.web.servlet.DispatcherServletPath; SearchStrategy: all) found bean 'dispatcherServletRegistration' (OnBeanCondition)

   SecurityRequestMatchersManagementContextConfiguration.MvcRequestMatcherConfiguration#requestMatcherProvider matched:
      - @ConditionalOnClass found required class 'org.springframework.web.servlet.DispatcherServlet' (OnClassCondition)
      - @ConditionalOnMissingBean (types: org.springframework.boot.autoconfigure.security.servlet.RequestMatcherProvider; SearchStrategy: all) did not find any beans (OnBeanCondition)

   ServletEndpointManagementContextConfiguration matched:
      - found 'session' scope (OnWebApplicationCondition)

   ServletEndpointManagementContextConfiguration.WebMvcServletEndpointManagementContextConfiguration matched:
      - @ConditionalOnClass found required class 'org.springframework.web.servlet.DispatcherServlet' (OnClassCondition)

   ServletManagementContextAutoConfiguration matched:
      - @ConditionalOnClass found required class 'jakarta.servlet.Servlet' (OnClassCondition)
      - found 'session' scope (OnWebApplicationCondition)

   ServletWebServerFactoryAutoConfiguration matched:
      - @ConditionalOnClass found required class 'jakarta.servlet.ServletRequest' (OnClassCondition)
      - found 'session' scope (OnWebApplicationCondition)

   ServletWebServerFactoryAutoConfiguration#tomcatServletWebServerFactoryCustomizer matched:
      - @ConditionalOnClass found required class 'org.apache.catalina.startup.Tomcat' (OnClassCondition)

   ServletWebServerFactoryConfiguration.EmbeddedTomcat matched:
      - @ConditionalOnClass found required classes 'jakarta.servlet.Servlet', 'org.apache.catalina.startup.Tomcat', 'org.apache.coyote.UpgradeProtocol' (OnClassCondition)
      - @ConditionalOnMissingBean (types: org.springframework.boot.web.servlet.server.ServletWebServerFactory; SearchStrategy: current) did not find any beans (OnBeanCondition)

   SimpleCacheConfiguration matched:
      - Cache org.springframework.boot.autoconfigure.cache.SimpleCacheConfiguration automatic cache type (CacheCondition)

   SimpleDiscoveryClientAutoConfiguration#simpleDiscoveryProperties matched:
      - @ConditionalOnMissingBean (types: org.springframework.cloud.client.discovery.simple.SimpleDiscoveryProperties; SearchStrategy: all) did not find any beans (OnBeanCondition)

   SimpleMetricsExportAutoConfiguration matched:
      - @ConditionalOnEnabledMetricsExport management.defaults.metrics.export.enabled is considered true (OnMetricsExportEnabledCondition)
      - @ConditionalOnBean (types: io.micrometer.core.instrument.Clock; SearchStrategy: all) found bean 'micrometerClock'; @ConditionalOnMissingBean (types: io.micrometer.core.instrument.MeterRegistry; SearchStrategy: all) did not find any beans (OnBeanCondition)

   SimpleMetricsExportAutoConfiguration#simpleConfig matched:
      - @ConditionalOnMissingBean (types: io.micrometer.core.instrument.simple.SimpleConfig; SearchStrategy: all) did not find any beans (OnBeanCondition)

   SpringBootWebSecurityConfiguration matched:
      - found 'session' scope (OnWebApplicationCondition)

   SpringDataWebAutoConfiguration matched:
      - @ConditionalOnClass found required classes 'org.springframework.data.web.PageableHandlerMethodArgumentResolver', 'org.springframework.web.servlet.config.annotation.WebMvcConfigurer' (OnClassCondition)
      - found 'session' scope (OnWebApplicationCondition)
      - @ConditionalOnMissingBean (types: org.springframework.data.web.PageableHandlerMethodArgumentResolver; SearchStrategy: all) did not find any beans (OnBeanCondition)

   SpringDataWebAutoConfiguration#pageableCustomizer matched:
      - @ConditionalOnMissingBean (types: org.springframework.data.web.config.PageableHandlerMethodArgumentResolverCustomizer; SearchStrategy: all) did not find any beans (OnBeanCondition)

   SpringDataWebAutoConfiguration#sortCustomizer matched:
      - @ConditionalOnMissingBean (types: org.springframework.data.web.config.SortHandlerMethodArgumentResolverCustomizer; SearchStrategy: all) did not find any beans (OnBeanCondition)

   SpringDocConfigProperties matched:
      - @ConditionalOnProperty (springdoc.api-docs.enabled) matched (OnPropertyCondition)
      - @ConditionalOnBean (types: org.springdoc.core.configuration.SpringDocConfiguration; SearchStrategy: all) found bean 'org.springdoc.core.configuration.SpringDocConfiguration' (OnBeanCondition)

   SpringDocConfiguration matched:
      - @ConditionalOnWebApplication (required) found 'session' scope (OnWebApplicationCondition)
      - @ConditionalOnProperty (springdoc.api-docs.enabled) matched (OnPropertyCondition)

   SpringDocConfiguration#fileSupportConverter matched:
      - @ConditionalOnMissingBean (types: org.springdoc.core.converters.FileSupportConverter; SearchStrategy: all) did not find any beans (OnBeanCondition)

   SpringDocConfiguration#openAPIBuilder matched:
      - @ConditionalOnMissingBean (types: org.springdoc.core.service.OpenAPIService; SearchStrategy: all) did not find any beans (OnBeanCondition)

   SpringDocConfiguration#operationBuilder matched:
      - @ConditionalOnMissingBean (types: org.springdoc.core.service.OperationService; SearchStrategy: all) did not find any beans (OnBeanCondition)

   SpringDocConfiguration#parameterBuilder matched:
      - @ConditionalOnMissingBean (types: org.springdoc.core.service.GenericParameterService; SearchStrategy: all) did not find any beans (OnBeanCondition)

   SpringDocConfiguration#polymorphicModelConverter matched:
      - @ConditionalOnProperty (springdoc.model-converters.polymorphic-converter.enabled) matched (OnPropertyCondition)
      - @ConditionalOnMissingBean (types: org.springdoc.core.converters.PolymorphicModelConverter; SearchStrategy: all) did not find any beans (OnBeanCondition)

   SpringDocConfiguration#requestBodyBuilder matched:
      - @ConditionalOnMissingBean (types: org.springdoc.core.service.RequestBodyService; SearchStrategy: all) did not find any beans (OnBeanCondition)

   SpringDocConfiguration#responseSupportConverter matched:
      - @ConditionalOnMissingBean (types: org.springdoc.core.converters.ResponseSupportConverter; SearchStrategy: all) did not find any beans (OnBeanCondition)

   SpringDocConfiguration#schemaPropertyDeprecatingConverter matched:
      - @ConditionalOnProperty (springdoc.model-converters.deprecating-converter.enabled) matched (OnPropertyCondition)
      - @ConditionalOnMissingBean (types: org.springdoc.core.converters.SchemaPropertyDeprecatingConverter; SearchStrategy: all) did not find any beans (OnBeanCondition)

   SpringDocConfiguration#securityParser matched:
      - @ConditionalOnMissingBean (types: org.springdoc.core.service.SecurityService; SearchStrategy: all) did not find any beans (OnBeanCondition)

   SpringDocConfiguration#springDocCustomizers matched:
      - @ConditionalOnMissingBean (types: org.springdoc.core.customizers.SpringDocCustomizers; SearchStrategy: all) did not find any beans (OnBeanCondition)

   SpringDocConfiguration#springDocProviders matched:
      - @ConditionalOnMissingBean (types: org.springdoc.core.providers.SpringDocProviders; SearchStrategy: all) did not find any beans (OnBeanCondition)

   SpringDocConfiguration#springdocObjectMapperProvider matched:
      - @ConditionalOnMissingBean (types: org.springdoc.core.providers.ObjectMapperProvider; SearchStrategy: all) did not find any beans (OnBeanCondition)

   SpringDocConfiguration.QuerydslProvider matched:
      - @ConditionalOnClass found required class 'org.springframework.data.querydsl.binding.QuerydslBindingsFactory' (OnClassCondition)

   SpringDocConfiguration.QuerydslProvider#queryDslQuerydslPredicateOperationCustomizer matched:
      - @ConditionalOnMissingBean (types: org.springdoc.core.customizers.QuerydslPredicateOperationCustomizer; SearchStrategy: all) did not find any beans (OnBeanCondition)

   SpringDocConfiguration.SpringDocSpringDataWebPropertiesProvider matched:
      - @ConditionalOnClass found required class 'org.springframework.boot.autoconfigure.data.web.SpringDataWebProperties' (OnClassCondition)

   SpringDocConfiguration.SpringDocSpringDataWebPropertiesProvider#springDataWebPropertiesProvider matched:
      - @ConditionalOnMissingBean (types: org.springdoc.core.providers.SpringDataWebPropertiesProvider; SearchStrategy: all) did not find any beans (OnBeanCondition)

   SpringDocConfiguration.WebConversionServiceConfiguration matched:
      - @ConditionalOnClass found required class 'org.springframework.boot.autoconfigure.web.format.WebConversionService' (OnClassCondition)

   SpringDocPageableConfiguration matched:
      - @ConditionalOnClass found required class 'org.springframework.data.domain.Pageable' (OnClassCondition)
      - @ConditionalOnWebApplication (required) found 'session' scope (OnWebApplicationCondition)
      - @ConditionalOnProperty (springdoc.api-docs.enabled) matched (OnPropertyCondition)
      - @ConditionalOnBean (types: org.springdoc.core.configuration.SpringDocConfiguration; SearchStrategy: all) found bean 'org.springdoc.core.configuration.SpringDocConfiguration' (OnBeanCondition)

   SpringDocPageableConfiguration#delegatingMethodParameterCustomizer matched:
      - @ConditionalOnMissingBean (types: org.springdoc.core.customizers.DelegatingMethodParameterCustomizer; SearchStrategy: all) did not find any beans (OnBeanCondition)

   SpringDocPageableConfiguration#pageableOpenAPIConverter matched:
      - @ConditionalOnProperty (springdoc.model-converters.pageable-converter.enabled) matched (OnPropertyCondition)
      - @ConditionalOnMissingBean (types: org.springdoc.core.converters.PageableOpenAPIConverter; SearchStrategy: all) did not find any beans (OnBeanCondition)

   SpringDocSecurityConfiguration matched:
      - @ConditionalOnClass found required class 'org.springframework.security.web.SecurityFilterChain' (OnClassCondition)
      - @ConditionalOnWebApplication (required) found 'session' scope (OnWebApplicationCondition)
      - @ConditionalOnExpression (#{${springdoc.api-docs.enabled:true} and ${springdoc.enable-spring-security:true}}) resulted in true (OnExpressionCondition)
      - @ConditionalOnBean (types: org.springdoc.core.configuration.SpringDocConfiguration; SearchStrategy: all) found bean 'org.springdoc.core.configuration.SpringDocConfiguration' (OnBeanCondition)

   SpringDocSecurityConfiguration.SpringSecurityLoginEndpointConfiguration matched:
      - @ConditionalOnClass found required class 'jakarta.servlet.Filter' (OnClassCondition)

   SpringDocSortConfiguration matched:
      - @ConditionalOnClass found required class 'org.springframework.data.domain.Sort' (OnClassCondition)
      - @ConditionalOnWebApplication (required) found 'session' scope (OnWebApplicationCondition)
      - @ConditionalOnProperty (springdoc.api-docs.enabled) matched (OnPropertyCondition)
      - @ConditionalOnBean (types: org.springdoc.core.configuration.SpringDocConfiguration; SearchStrategy: all) found bean 'org.springdoc.core.configuration.SpringDocConfiguration' (OnBeanCondition)

   SpringDocSortConfiguration#sortOpenAPIConverter matched:
      - @ConditionalOnProperty (springdoc.sort-converter.enabled) matched (OnPropertyCondition)
      - @ConditionalOnMissingBean (types: org.springdoc.core.converters.SortOpenAPIConverter; SearchStrategy: all) did not find any beans (OnBeanCondition)

   SpringDocUIConfiguration matched:
      - @ConditionalOnWebApplication (required) found 'session' scope (OnWebApplicationCondition)
      - @ConditionalOnBean (types: org.springdoc.core.configuration.SpringDocConfiguration; SearchStrategy: all) found bean 'org.springdoc.core.configuration.SpringDocConfiguration' (OnBeanCondition)

   SpringDocWebMvcConfiguration matched:
      - found 'session' scope (OnWebApplicationCondition)
      - @ConditionalOnProperty (springdoc.api-docs.enabled) matched (OnPropertyCondition)
      - @ConditionalOnBean (types: org.springdoc.core.configuration.SpringDocConfiguration; SearchStrategy: all) found bean 'org.springdoc.core.configuration.SpringDocConfiguration' (OnBeanCondition)

   SpringDocWebMvcConfiguration#openApiResource matched:
      - @ConditionalOnExpression (#{(${springdoc.use-management-port:false} == false ) and ${springdoc.enable-default-api-docs:true}}) resulted in true (OnExpressionCondition)
      - @ConditionalOnMissingBean (types: org.springdoc.webmvc.api.OpenApiWebMvcResource; SearchStrategy: all) did not find any beans (OnBeanCondition)

   SpringDocWebMvcConfiguration#requestBuilder matched:
      - @ConditionalOnMissingBean (types: org.springdoc.webmvc.core.service.RequestService; SearchStrategy: all) did not find any beans (OnBeanCondition)

   SpringDocWebMvcConfiguration#responseBuilder matched:
      - @ConditionalOnMissingBean (types: org.springdoc.core.service.GenericResponseService; SearchStrategy: all) did not find any beans (OnBeanCondition)

   SpringDocWebMvcConfiguration#springWebProvider matched:
      - @ConditionalOnMissingBean (types: org.springdoc.core.providers.SpringWebProvider; SearchStrategy: all) did not find any beans (OnBeanCondition)

   SpringDocWebMvcConfiguration.SpringDocWebMvcActuatorConfiguration matched:
      - @ConditionalOnClass found required class 'org.springframework.boot.actuate.endpoint.web.servlet.WebMvcEndpointHandlerMapping' (OnClassCondition)

   SpringDocWebMvcConfiguration.SpringDocWebMvcRouterConfiguration matched:
      - @ConditionalOnClass found required class 'org.springframework.web.servlet.function.RouterFunction' (OnClassCondition)

   SpringDocWebMvcConfiguration.SpringDocWebMvcRouterConfiguration#routerFunctionProvider matched:
      - @ConditionalOnMissingBean (types: org.springdoc.webmvc.core.providers.RouterFunctionWebMvcProvider; SearchStrategy: all) did not find any beans (OnBeanCondition)

   SqlInitializationAutoConfiguration matched:
      - @ConditionalOnProperty (spring.sql.init.enabled) matched (OnPropertyCondition)
      - NoneNestedConditions 0 matched 1 did not; NestedCondition on SqlInitializationAutoConfiguration.SqlInitializationModeCondition.ModeIsNever @ConditionalOnProperty (spring.sql.init.mode=never) did not find property 'mode' (SqlInitializationAutoConfiguration.SqlInitializationModeCondition)

   SslAutoConfiguration#sslBundleRegistry matched:
      - @ConditionalOnMissingBean (types: org.springframework.boot.ssl.SslBundleRegistry,org.springframework.boot.ssl.SslBundles; SearchStrategy: all) did not find any beans (OnBeanCondition)

   StartupTimeMetricsListenerAutoConfiguration matched:
      - @ConditionalOnClass found required class 'io.micrometer.core.instrument.MeterRegistry' (OnClassCondition)
      - @ConditionalOnBean (types: io.micrometer.core.instrument.MeterRegistry; SearchStrategy: all) found bean 'simpleMeterRegistry' (OnBeanCondition)

   StartupTimeMetricsListenerAutoConfiguration#startupTimeMetrics matched:
      - @ConditionalOnMissingBean (types: org.springframework.boot.actuate.metrics.startup.StartupTimeMetricsListener; SearchStrategy: all) did not find any beans (OnBeanCondition)

   SwaggerConfig matched:
      - found 'session' scope (OnWebApplicationCondition)
      - @ConditionalOnProperty (springdoc.swagger-ui.enabled) matched (OnPropertyCondition)
      - @ConditionalOnBean (types: org.springdoc.core.configuration.SpringDocConfiguration; SearchStrategy: all) found bean 'org.springdoc.core.configuration.SpringDocConfiguration' (OnBeanCondition)

   SwaggerConfig#indexPageTransformer matched:
      - @ConditionalOnMissingBean (types: org.springdoc.webmvc.ui.SwaggerIndexTransformer; SearchStrategy: all) did not find any beans (OnBeanCondition)

   SwaggerConfig#swaggerConfigResource matched:
      - @ConditionalOnProperty (springdoc.use-management-port=false) matched (OnPropertyCondition)
      - @ConditionalOnMissingBean (types: org.springdoc.webmvc.ui.SwaggerConfigResource; SearchStrategy: all) did not find any beans (OnBeanCondition)

   SwaggerConfig#swaggerResourceResolver matched:
      - @ConditionalOnMissingBean (types: org.springdoc.webmvc.ui.SwaggerResourceResolver; SearchStrategy: all) did not find any beans (OnBeanCondition)

   SwaggerConfig#swaggerWebMvcConfigurer matched:
      - @ConditionalOnMissingBean (types: org.springdoc.webmvc.ui.SwaggerWebMvcConfigurer; SearchStrategy: all) did not find any beans (OnBeanCondition)

   SwaggerConfig#swaggerWelcome matched:
      - @ConditionalOnProperty (springdoc.use-management-port=false) matched (OnPropertyCondition)
      - @ConditionalOnMissingBean (types: org.springdoc.webmvc.ui.SwaggerWelcomeWebMvc; SearchStrategy: all) did not find any beans (OnBeanCondition)

   SwaggerUiConfigParameters matched:
      - @ConditionalOnProperty (springdoc.swagger-ui.enabled) matched (OnPropertyCondition)
      - @ConditionalOnBean (types: org.springdoc.core.configuration.SpringDocConfiguration; SearchStrategy: all) found bean 'org.springdoc.core.configuration.SpringDocConfiguration' (OnBeanCondition)

   SwaggerUiConfigProperties matched:
      - @ConditionalOnProperty (springdoc.swagger-ui.enabled) matched (OnPropertyCondition)
      - @ConditionalOnBean (types: org.springdoc.core.configuration.SpringDocConfiguration; SearchStrategy: all) found bean 'org.springdoc.core.configuration.SpringDocConfiguration' (OnBeanCondition)

   SwaggerUiOAuthProperties matched:
      - @ConditionalOnProperty (springdoc.swagger-ui.enabled) matched (OnPropertyCondition)
      - @ConditionalOnBean (types: org.springdoc.core.configuration.SpringDocConfiguration; SearchStrategy: all) found bean 'org.springdoc.core.configuration.SpringDocConfiguration' (OnBeanCondition)

   SystemMetricsAutoConfiguration matched:
      - @ConditionalOnClass found required class 'io.micrometer.core.instrument.MeterRegistry' (OnClassCondition)
      - @ConditionalOnBean (types: io.micrometer.core.instrument.MeterRegistry; SearchStrategy: all) found bean 'simpleMeterRegistry' (OnBeanCondition)

   SystemMetricsAutoConfiguration#diskSpaceMetrics matched:
      - @ConditionalOnMissingBean (types: org.springframework.boot.actuate.metrics.system.DiskSpaceMetricsBinder; SearchStrategy: all) did not find any beans (OnBeanCondition)

   SystemMetricsAutoConfiguration#fileDescriptorMetrics matched:
      - @ConditionalOnMissingBean (types: io.micrometer.core.instrument.binder.system.FileDescriptorMetrics; SearchStrategy: all) did not find any beans (OnBeanCondition)

   SystemMetricsAutoConfiguration#processorMetrics matched:
      - @ConditionalOnMissingBean (types: io.micrometer.core.instrument.binder.system.ProcessorMetrics; SearchStrategy: all) did not find any beans (OnBeanCondition)

   SystemMetricsAutoConfiguration#uptimeMetrics matched:
      - @ConditionalOnMissingBean (types: io.micrometer.core.instrument.binder.system.UptimeMetrics; SearchStrategy: all) did not find any beans (OnBeanCondition)

   TaskExecutionAutoConfiguration matched:
      - @ConditionalOnClass found required class 'org.springframework.scheduling.concurrent.ThreadPoolTaskExecutor' (OnClassCondition)

   TaskExecutorConfigurations.SimpleAsyncTaskExecutorBuilderConfiguration#simpleAsyncTaskExecutorBuilder matched:
      - @ConditionalOnMissingBean (types: org.springframework.boot.task.SimpleAsyncTaskExecutorBuilder; SearchStrategy: all) did not find any beans (OnBeanCondition)
      - @ConditionalOnThreading found PLATFORM (OnThreadingCondition)

   TaskExecutorConfigurations.TaskExecutorBuilderConfiguration#taskExecutorBuilder matched:
      - @ConditionalOnMissingBean (types: org.springframework.boot.task.TaskExecutorBuilder; SearchStrategy: all) did not find any beans (OnBeanCondition)

   TaskExecutorConfigurations.TaskExecutorConfiguration matched:
      - @ConditionalOnMissingBean (types: java.util.concurrent.Executor; SearchStrategy: all) did not find any beans (OnBeanCondition)

   TaskExecutorConfigurations.TaskExecutorConfiguration#applicationTaskExecutor matched:
      - @ConditionalOnThreading found PLATFORM (OnThreadingCondition)

   TaskExecutorConfigurations.ThreadPoolTaskExecutorBuilderConfiguration#threadPoolTaskExecutorBuilder matched:
      - @ConditionalOnMissingBean (types: org.springframework.boot.task.TaskExecutorBuilder,org.springframework.boot.task.ThreadPoolTaskExecutorBuilder; SearchStrategy: all) did not find any beans (OnBeanCondition)

   TaskExecutorMetricsAutoConfiguration matched:
      - @ConditionalOnClass found required class 'io.micrometer.core.instrument.binder.jvm.ExecutorServiceMetrics' (OnClassCondition)
      - @ConditionalOnBean (types: java.util.concurrent.Executor,io.micrometer.core.instrument.MeterRegistry; SearchStrategy: all) found beans 'applicationTaskExecutor', 'simpleMeterRegistry' (OnBeanCondition)

   TaskSchedulingAutoConfiguration matched:
      - @ConditionalOnClass found required class 'org.springframework.scheduling.concurrent.ThreadPoolTaskScheduler' (OnClassCondition)

   TaskSchedulingConfigurations.SimpleAsyncTaskSchedulerBuilderConfiguration#simpleAsyncTaskSchedulerBuilder matched:
      - @ConditionalOnMissingBean (types: org.springframework.boot.task.SimpleAsyncTaskSchedulerBuilder; SearchStrategy: all) did not find any beans (OnBeanCondition)
      - @ConditionalOnThreading found PLATFORM (OnThreadingCondition)

   TaskSchedulingConfigurations.TaskSchedulerBuilderConfiguration#taskSchedulerBuilder matched:
      - @ConditionalOnMissingBean (types: org.springframework.boot.task.TaskSchedulerBuilder; SearchStrategy: all) did not find any beans (OnBeanCondition)

   TaskSchedulingConfigurations.ThreadPoolTaskSchedulerBuilderConfiguration#threadPoolTaskSchedulerBuilder matched:
      - @ConditionalOnMissingBean (types: org.springframework.boot.task.TaskSchedulerBuilder,org.springframework.boot.task.ThreadPoolTaskSchedulerBuilder; SearchStrategy: all) did not find any beans (OnBeanCondition)

   TomcatMetricsAutoConfiguration matched:
      - @ConditionalOnClass found required classes 'io.micrometer.core.instrument.binder.tomcat.TomcatMetrics', 'org.apache.catalina.Manager' (OnClassCondition)
      - @ConditionalOnWebApplication (required) found 'session' scope (OnWebApplicationCondition)

   TomcatMetricsAutoConfiguration#tomcatMetricsBinder matched:
      - @ConditionalOnBean (types: io.micrometer.core.instrument.MeterRegistry; SearchStrategy: all) found bean 'simpleMeterRegistry'; @ConditionalOnMissingBean (types: io.micrometer.core.instrument.binder.tomcat.TomcatMetrics,org.springframework.boot.actuate.metrics.web.tomcat.TomcatMetricsBinder; SearchStrategy: all) did not find any beans (OnBeanCondition)

   TransactionAutoConfiguration matched:
      - @ConditionalOnClass found required class 'org.springframework.transaction.PlatformTransactionManager' (OnClassCondition)

   TransactionAutoConfiguration.EnableTransactionManagementConfiguration matched:
      - @ConditionalOnBean (types: org.springframework.transaction.TransactionManager; SearchStrategy: all) found bean 'transactionManager'; @ConditionalOnMissingBean (types: org.springframework.transaction.annotation.AbstractTransactionManagementConfiguration; SearchStrategy: all) did not find any beans (OnBeanCondition)

   TransactionAutoConfiguration.EnableTransactionManagementConfiguration.CglibAutoProxyConfiguration matched:
      - @ConditionalOnProperty (spring.aop.proxy-target-class=true) matched (OnPropertyCondition)

   TransactionAutoConfiguration.TransactionTemplateConfiguration matched:
      - @ConditionalOnSingleCandidate (types: org.springframework.transaction.PlatformTransactionManager; SearchStrategy: all) found a single bean 'transactionManager' (OnBeanCondition)

   TransactionAutoConfiguration.TransactionTemplateConfiguration#transactionTemplate matched:
      - @ConditionalOnMissingBean (types: org.springframework.transaction.support.TransactionOperations; SearchStrategy: all) did not find any beans (OnBeanCondition)

   TransactionManagerCustomizationAutoConfiguration matched:
      - @ConditionalOnClass found required class 'org.springframework.transaction.PlatformTransactionManager' (OnClassCondition)

   TransactionManagerCustomizationAutoConfiguration#platformTransactionManagerCustomizers matched:
      - @ConditionalOnMissingBean (types: org.springframework.boot.autoconfigure.transaction.TransactionManagerCustomizers; SearchStrategy: all) did not find any beans (OnBeanCondition)

   UtilAutoConfiguration matched:
      - @ConditionalOnProperty (spring.cloud.util.enabled) matched (OnPropertyCondition)

   UtilAutoConfiguration#inetUtils matched:
      - @ConditionalOnMissingBean (types: org.springframework.cloud.commons.util.InetUtils; SearchStrategy: all) did not find any beans (OnBeanCondition)

   WebEndpointAutoConfiguration matched:
      - @ConditionalOnWebApplication (required) found 'session' scope (OnWebApplicationCondition)

   WebEndpointAutoConfiguration#controllerEndpointDiscoverer matched:
      - @ConditionalOnMissingBean (types: org.springframework.boot.actuate.endpoint.web.annotation.ControllerEndpointsSupplier; SearchStrategy: all) did not find any beans (OnBeanCondition)

   WebEndpointAutoConfiguration#endpointMediaTypes matched:
      - @ConditionalOnMissingBean (types: org.springframework.boot.actuate.endpoint.web.EndpointMediaTypes; SearchStrategy: all) did not find any beans (OnBeanCondition)

   WebEndpointAutoConfiguration#pathMappedEndpoints matched:
      - @ConditionalOnMissingBean (types: org.springframework.boot.actuate.endpoint.web.PathMappedEndpoints; SearchStrategy: all) did not find any beans (OnBeanCondition)

   WebEndpointAutoConfiguration#webEndpointDiscoverer matched:
      - @ConditionalOnMissingBean (types: org.springframework.boot.actuate.endpoint.web.WebEndpointsSupplier; SearchStrategy: all) did not find any beans (OnBeanCondition)

   WebEndpointAutoConfiguration.WebEndpointServletConfiguration matched:
      - found 'session' scope (OnWebApplicationCondition)

   WebEndpointAutoConfiguration.WebEndpointServletConfiguration#servletEndpointDiscoverer matched:
      - @ConditionalOnMissingBean (types: org.springframework.boot.actuate.endpoint.web.annotation.ServletEndpointsSupplier; SearchStrategy: all) did not find any beans (OnBeanCondition)

   WebMvcAutoConfiguration matched:
      - @ConditionalOnClass found required classes 'jakarta.servlet.Servlet', 'org.springframework.web.servlet.DispatcherServlet', 'org.springframework.web.servlet.config.annotation.WebMvcConfigurer' (OnClassCondition)
      - found 'session' scope (OnWebApplicationCondition)
      - @ConditionalOnMissingBean (types: org.springframework.web.servlet.config.annotation.WebMvcConfigurationSupport; SearchStrategy: all) did not find any beans (OnBeanCondition)

   WebMvcAutoConfiguration#formContentFilter matched:
      - @ConditionalOnProperty (spring.mvc.formcontent.filter.enabled) matched (OnPropertyCondition)
      - @ConditionalOnMissingBean (types: org.springframework.web.filter.FormContentFilter; SearchStrategy: all) did not find any beans (OnBeanCondition)

   WebMvcAutoConfiguration.EnableWebMvcConfiguration#flashMapManager matched:
      - @ConditionalOnMissingBean (names: flashMapManager; SearchStrategy: all) did not find any beans (OnBeanCondition)

   WebMvcAutoConfiguration.EnableWebMvcConfiguration#localeResolver matched:
      - @ConditionalOnMissingBean (names: localeResolver; SearchStrategy: all) did not find any beans (OnBeanCondition)

   WebMvcAutoConfiguration.EnableWebMvcConfiguration#themeResolver matched:
      - @ConditionalOnMissingBean (names: themeResolver; SearchStrategy: all) did not find any beans (OnBeanCondition)

   WebMvcAutoConfiguration.WebMvcAutoConfigurationAdapter#defaultViewResolver matched:
      - @ConditionalOnMissingBean (types: org.springframework.web.servlet.view.InternalResourceViewResolver; SearchStrategy: all) did not find any beans (OnBeanCondition)

   WebMvcAutoConfiguration.WebMvcAutoConfigurationAdapter#requestContextFilter matched:
      - @ConditionalOnMissingBean (types: org.springframework.web.context.request.RequestContextListener,org.springframework.web.filter.RequestContextFilter; SearchStrategy: all) did not find any beans (OnBeanCondition)

   WebMvcAutoConfiguration.WebMvcAutoConfigurationAdapter#viewResolver matched:
      - @ConditionalOnBean (types: org.springframework.web.servlet.ViewResolver; SearchStrategy: all) found beans 'defaultViewResolver', 'beanNameViewResolver', 'mvcViewResolver'; @ConditionalOnMissingBean (names: viewResolver types: org.springframework.web.servlet.view.ContentNegotiatingViewResolver; SearchStrategy: all) did not find any beans (OnBeanCondition)

   WebMvcEndpointManagementContextConfiguration matched:
      - @ConditionalOnClass found required class 'org.springframework.web.servlet.DispatcherServlet' (OnClassCondition)
      - found 'session' scope (OnWebApplicationCondition)
      - @ConditionalOnBean (types: org.springframework.web.servlet.DispatcherServlet,org.springframework.boot.actuate.endpoint.web.WebEndpointsSupplier; SearchStrategy: all) found beans 'webEndpointDiscoverer', 'dispatcherServlet' (OnBeanCondition)

   WebMvcEndpointManagementContextConfiguration#controllerEndpointHandlerMapping matched:
      - @ConditionalOnMissingBean (types: org.springframework.boot.actuate.endpoint.web.servlet.ControllerEndpointHandlerMapping; SearchStrategy: all) did not find any beans (OnBeanCondition)

   WebMvcEndpointManagementContextConfiguration#endpointObjectMapperWebMvcConfigurer matched:
      - @ConditionalOnBean (types: org.springframework.boot.actuate.endpoint.jackson.EndpointObjectMapper; SearchStrategy: all) found bean 'endpointObjectMapper' (OnBeanCondition)

   WebMvcEndpointManagementContextConfiguration#webEndpointServletHandlerMapping matched:
      - @ConditionalOnMissingBean (types: org.springframework.boot.actuate.endpoint.web.servlet.WebMvcEndpointHandlerMapping; SearchStrategy: all) did not find any beans (OnBeanCondition)

   WebMvcObservationAutoConfiguration matched:
      - @ConditionalOnClass found required classes 'org.springframework.web.servlet.DispatcherServlet', 'io.micrometer.observation.Observation' (OnClassCondition)
      - found 'session' scope (OnWebApplicationCondition)
      - @ConditionalOnBean (types: io.micrometer.observation.ObservationRegistry; SearchStrategy: all) found bean 'observationRegistry' (OnBeanCondition)

   WebMvcObservationAutoConfiguration#webMvcObservationFilter matched:
      - @ConditionalOnMissingBean (types: org.springframework.web.filter.ServerHttpObservationFilter; SearchStrategy: all) did not find any beans (OnBeanCondition)

   WebMvcObservationAutoConfiguration.MeterFilterConfiguration matched:
      - @ConditionalOnClass found required class 'io.micrometer.core.instrument.MeterRegistry' (OnClassCondition)
      - @ConditionalOnBean (types: io.micrometer.core.instrument.MeterRegistry; SearchStrategy: all) found bean 'simpleMeterRegistry' (OnBeanCondition)

   WebSocketServletAutoConfiguration matched:
      - @ConditionalOnClass found required classes 'jakarta.servlet.Servlet', 'jakarta.websocket.server.ServerContainer' (OnClassCondition)
      - found 'session' scope (OnWebApplicationCondition)

   WebSocketServletAutoConfiguration.TomcatWebSocketConfiguration matched:
      - @ConditionalOnClass found required classes 'org.apache.catalina.startup.Tomcat', 'org.apache.tomcat.websocket.server.WsSci' (OnClassCondition)

   WebSocketServletAutoConfiguration.TomcatWebSocketConfiguration#websocketServletWebServerCustomizer matched:
      - @ConditionalOnMissingBean (names: websocketServletWebServerCustomizer; SearchStrategy: all) did not find any beans (OnBeanCondition)


Negative matches:
-----------------

   ActiveMQAutoConfiguration:
      Did not match:
         - @ConditionalOnClass did not find required class 'jakarta.jms.ConnectionFactory' (OnClassCondition)

   AopAutoConfiguration.AspectJAutoProxyingConfiguration.JdkDynamicAutoProxyConfiguration:
      Did not match:
         - @ConditionalOnProperty (spring.aop.proxy-target-class=false) did not find property 'proxy-target-class' (OnPropertyCondition)

   AopAutoConfiguration.ClassProxyingConfiguration:
      Did not match:
         - @ConditionalOnMissingClass found unwanted class 'org.aspectj.weaver.Advice' (OnClassCondition)

   AppOpticsMetricsExportAutoConfiguration:
      Did not match:
         - @ConditionalOnClass did not find required class 'io.micrometer.appoptics.AppOpticsMeterRegistry' (OnClassCondition)

   ArtemisAutoConfiguration:
      Did not match:
         - @ConditionalOnClass did not find required class 'jakarta.jms.ConnectionFactory' (OnClassCondition)

   AtlasMetricsExportAutoConfiguration:
      Did not match:
         - @ConditionalOnClass did not find required class 'io.micrometer.atlas.AtlasMeterRegistry' (OnClassCondition)

   AuditAutoConfiguration:
      Did not match:
         - @ConditionalOnBean (types: org.springframework.boot.actuate.audit.AuditEventRepository; SearchStrategy: all) did not find any beans of type org.springframework.boot.actuate.audit.AuditEventRepository (OnBeanCondition)
      Matched:
         - @ConditionalOnProperty (management.auditevents.enabled) matched (OnPropertyCondition)

   AuditEventsEndpointAutoConfiguration:
      Did not match:
         - @ConditionalOnAvailableEndpoint no 'management.endpoints' property marked it as exposed (OnAvailableEndpointCondition)

   AvailabilityHealthContributorAutoConfiguration#livenessStateHealthIndicator:
      Did not match:
         - @ConditionalOnProperty (management.health.livenessstate.enabled=true) did not find property 'enabled' (OnPropertyCondition)

   AvailabilityHealthContributorAutoConfiguration#readinessStateHealthIndicator:
      Did not match:
         - @ConditionalOnProperty (management.health.readinessstate.enabled=true) did not find property 'enabled' (OnPropertyCondition)

   AvailabilityProbesAutoConfiguration:
      Did not match:
         - Probes availability not running on a supported cloud platform (AvailabilityProbesAutoConfiguration.ProbesCondition)

   BatchAutoConfiguration:
      Did not match:
         - @ConditionalOnClass did not find required class 'org.springframework.batch.core.launch.JobLauncher' (OnClassCondition)

   BatchObservationAutoConfiguration:
      Did not match:
         - @ConditionalOnClass did not find required class 'org.springframework.batch.core.configuration.annotation.BatchObservabilityBeanPostProcessor' (OnClassCondition)

   BeansEndpointAutoConfiguration:
      Did not match:
         - @ConditionalOnAvailableEndpoint no 'management.endpoints' property marked it as exposed (OnAvailableEndpointCondition)

   BraveAutoConfiguration:
      Did not match:
         - @ConditionalOnClass did not find required class 'brave.Tracer' (OnClassCondition)

   Cache2kCacheConfiguration:
      Did not match:
         - @ConditionalOnClass did not find required class 'org.cache2k.Cache2kBuilder' (OnClassCondition)

   CacheAutoConfiguration:
      Did not match:
         - @ConditionalOnBean (types: org.springframework.cache.interceptor.CacheAspectSupport; SearchStrategy: all) did not find any beans of type org.springframework.cache.interceptor.CacheAspectSupport (OnBeanCondition)
      Matched:
         - @ConditionalOnClass found required class 'org.springframework.cache.CacheManager' (OnClassCondition)

   CacheAutoConfiguration.CacheManagerEntityManagerFactoryDependsOnPostProcessor:
      Did not match:
         - Ancestor org.springframework.boot.autoconfigure.cache.CacheAutoConfiguration did not match (ConditionEvaluationReport.AncestorsMatchedCondition)
      Matched:
         - @ConditionalOnClass found required class 'org.springframework.orm.jpa.LocalContainerEntityManagerFactoryBean' (OnClassCondition)

   CacheMeterBinderProvidersConfiguration.Cache2kCacheMeterBinderProviderConfiguration:
      Did not match:
         - @ConditionalOnClass did not find required classes 'org.cache2k.Cache2kBuilder', 'org.cache2k.extra.spring.SpringCache2kCache', 'org.cache2k.extra.micrometer.Cache2kCacheMetrics' (OnClassCondition)

   CacheMeterBinderProvidersConfiguration.CaffeineCacheMeterBinderProviderConfiguration:
      Did not match:
         - @ConditionalOnClass did not find required classes 'org.springframework.cache.caffeine.CaffeineCache', 'com.github.benmanes.caffeine.cache.Cache' (OnClassCondition)

   CacheMeterBinderProvidersConfiguration.HazelcastCacheMeterBinderProviderConfiguration:
      Did not match:
         - @ConditionalOnClass did not find required classes 'com.hazelcast.spring.cache.HazelcastCache', 'com.hazelcast.core.Hazelcast' (OnClassCondition)

   CacheMeterBinderProvidersConfiguration.JCacheCacheMeterBinderProviderConfiguration:
      Did not match:
         - @ConditionalOnClass did not find required classes 'org.springframework.cache.jcache.JCacheCache', 'javax.cache.CacheManager' (OnClassCondition)

   CacheMeterBinderProvidersConfiguration.RedisCacheMeterBinderProviderConfiguration:
      Did not match:
         - @ConditionalOnClass did not find required class 'org.springframework.data.redis.cache.RedisCache' (OnClassCondition)

   CacheMetricsAutoConfiguration:
      Did not match:
         - @ConditionalOnBean (types: org.springframework.cache.CacheManager; SearchStrategy: all) did not find any beans of type org.springframework.cache.CacheManager (OnBeanCondition)

   CachesEndpointAutoConfiguration:
      Did not match:
         - @ConditionalOnAvailableEndpoint no 'management.endpoints' property marked it as exposed (OnAvailableEndpointCondition)
      Matched:
         - @ConditionalOnClass found required class 'org.springframework.cache.CacheManager' (OnClassCondition)

   CaffeineCacheConfiguration:
      Did not match:
         - @ConditionalOnClass did not find required class 'com.github.benmanes.caffeine.cache.Caffeine' (OnClassCondition)

   CassandraAutoConfiguration:
      Did not match:
         - @ConditionalOnClass did not find required class 'com.datastax.oss.driver.api.core.CqlSession' (OnClassCondition)

   CassandraDataAutoConfiguration:
      Did not match:
         - @ConditionalOnClass did not find required class 'com.datastax.oss.driver.api.core.CqlSession' (OnClassCondition)

   CassandraHealthContributorAutoConfiguration:
      Did not match:
         - @ConditionalOnClass did not find required class 'com.datastax.oss.driver.api.core.CqlSession' (OnClassCondition)

   CassandraReactiveDataAutoConfiguration:
      Did not match:
         - @ConditionalOnClass did not find required class 'com.datastax.oss.driver.api.core.CqlSession' (OnClassCondition)

   CassandraReactiveHealthContributorAutoConfiguration:
      Did not match:
         - @ConditionalOnClass did not find required class 'com.datastax.oss.driver.api.core.CqlSession' (OnClassCondition)

   CassandraReactiveRepositoriesAutoConfiguration:
      Did not match:
         - @ConditionalOnClass did not find required class 'org.springframework.data.cassandra.ReactiveSession' (OnClassCondition)

   CassandraRepositoriesAutoConfiguration:
      Did not match:
         - @ConditionalOnClass did not find required class 'com.datastax.oss.driver.api.core.CqlSession' (OnClassCondition)

   ClientHttpConnectorAutoConfiguration:
      Did not match:
         - @ConditionalOnClass did not find required class 'org.springframework.web.reactive.function.client.WebClient' (OnClassCondition)

   CloudFoundryActuatorAutoConfiguration:
      Did not match:
         - @ConditionalOnCloudPlatform did not find CLOUD_FOUNDRY (OnCloudPlatformCondition)
      Matched:
         - @ConditionalOnClass found required class 'org.springframework.web.servlet.DispatcherServlet' (OnClassCondition)
         - found 'session' scope (OnWebApplicationCondition)
         - @ConditionalOnProperty (management.cloudfoundry.enabled) matched (OnPropertyCondition)

   CloudHypermediaAutoConfiguration:
      Did not match:
         - @ConditionalOnClass did not find required class 'org.springframework.hateoas.Link' (OnClassCondition)

   CodecsAutoConfiguration:
      Did not match:
         - @ConditionalOnClass did not find required class 'org.springframework.web.reactive.function.client.WebClient' (OnClassCondition)

   CommonsClientAutoConfiguration.ActuatorConfiguration#featuresEndpoint:
      Did not match:
         - @ConditionalOnAvailableEndpoint no 'management.endpoints' property marked it as exposed (OnAvailableEndpointCondition)

   CompositeMeterRegistryConfiguration:
      Did not match:
         - NoneNestedConditions 1 matched 1 did not; NestedCondition on CompositeMeterRegistryConfiguration.MultipleNonPrimaryMeterRegistriesCondition.SingleInjectableMeterRegistry @ConditionalOnSingleCandidate (types: io.micrometer.core.instrument.MeterRegistry; SearchStrategy: all) found a single bean 'simpleMeterRegistry'; NestedCondition on CompositeMeterRegistryConfiguration.MultipleNonPrimaryMeterRegistriesCondition.NoMeterRegistryCondition @ConditionalOnMissingBean (types: io.micrometer.core.instrument.MeterRegistry; SearchStrategy: all) found beans of type 'io.micrometer.core.instrument.MeterRegistry' simpleMeterRegistry (CompositeMeterRegistryConfiguration.MultipleNonPrimaryMeterRegistriesCondition)

   ConditionsReportEndpointAutoConfiguration:
      Did not match:
         - @ConditionalOnAvailableEndpoint no 'management.endpoints' property marked it as exposed (OnAvailableEndpointCondition)

   ConfigurationPropertiesReportEndpointAutoConfiguration:
      Did not match:
         - @ConditionalOnAvailableEndpoint no 'management.endpoints' property marked it as exposed (OnAvailableEndpointCondition)

   ConnectionFactoryHealthContributorAutoConfiguration:
      Did not match:
         - @ConditionalOnClass did not find required class 'io.r2dbc.spi.ConnectionFactory' (OnClassCondition)

   ConnectionPoolMetricsAutoConfiguration:
      Did not match:
         - @ConditionalOnClass did not find required class 'io.r2dbc.pool.ConnectionPool' (OnClassCondition)

   CouchbaseAutoConfiguration:
      Did not match:
         - @ConditionalOnClass did not find required class 'com.couchbase.client.java.Cluster' (OnClassCondition)

   CouchbaseCacheConfiguration:
      Did not match:
         - @ConditionalOnClass did not find required class 'com.couchbase.client.java.Cluster' (OnClassCondition)

   CouchbaseDataAutoConfiguration:
      Did not match:
         - @ConditionalOnClass did not find required class 'com.couchbase.client.java.Bucket' (OnClassCondition)

   CouchbaseHealthContributorAutoConfiguration:
      Did not match:
         - @ConditionalOnClass did not find required class 'com.couchbase.client.java.Cluster' (OnClassCondition)

   CouchbaseReactiveDataAutoConfiguration:
      Did not match:
         - @ConditionalOnClass did not find required class 'com.couchbase.client.java.Cluster' (OnClassCondition)

   CouchbaseReactiveHealthContributorAutoConfiguration:
      Did not match:
         - @ConditionalOnClass did not find required class 'com.couchbase.client.java.Cluster' (OnClassCondition)

   CouchbaseReactiveRepositoriesAutoConfiguration:
      Did not match:
         - @ConditionalOnClass did not find required class 'com.couchbase.client.java.Cluster' (OnClassCondition)

   CouchbaseRepositoriesAutoConfiguration:
      Did not match:
         - @ConditionalOnClass did not find required class 'com.couchbase.client.java.Bucket' (OnClassCondition)

   DataSourceAutoConfiguration.EmbeddedDatabaseConfiguration:
      Did not match:
         - EmbeddedDataSource spring.datasource.url is set (DataSourceAutoConfiguration.EmbeddedDatabaseCondition)

   DataSourceCheckpointRestoreConfiguration:
      Did not match:
         - @ConditionalOnClass did not find required class 'org.crac.Resource' (OnClassCondition)

   DataSourceConfiguration.Dbcp2:
      Did not match:
         - @ConditionalOnClass did not find required class 'org.apache.commons.dbcp2.BasicDataSource' (OnClassCondition)

   DataSourceConfiguration.Generic:
      Did not match:
         - @ConditionalOnProperty (spring.datasource.type) did not find property 'spring.datasource.type' (OnPropertyCondition)

   DataSourceConfiguration.OracleUcp:
      Did not match:
         - @ConditionalOnClass did not find required classes 'oracle.ucp.jdbc.PoolDataSourceImpl', 'oracle.jdbc.OracleConnection' (OnClassCondition)

   DataSourceConfiguration.Tomcat:
      Did not match:
         - @ConditionalOnClass did not find required class 'org.apache.tomcat.jdbc.pool.DataSource' (OnClassCondition)

   DataSourceJmxConfiguration.TomcatDataSourceJmxConfiguration:
      Did not match:
         - @ConditionalOnClass did not find required class 'org.apache.tomcat.jdbc.pool.DataSourceProxy' (OnClassCondition)

   DataSourcePoolMetadataProvidersConfiguration.CommonsDbcp2PoolDataSourceMetadataProviderConfiguration:
      Did not match:
         - @ConditionalOnClass did not find required class 'org.apache.commons.dbcp2.BasicDataSource' (OnClassCondition)

   DataSourcePoolMetadataProvidersConfiguration.OracleUcpPoolDataSourceMetadataProviderConfiguration:
      Did not match:
         - @ConditionalOnClass did not find required classes 'oracle.ucp.jdbc.PoolDataSource', 'oracle.jdbc.OracleConnection' (OnClassCondition)

   DataSourcePoolMetadataProvidersConfiguration.TomcatDataSourcePoolMetadataProviderConfiguration:
      Did not match:
         - @ConditionalOnClass did not find required class 'org.apache.tomcat.jdbc.pool.DataSource' (OnClassCondition)

   DataSourceTransactionManagerAutoConfiguration.JdbcTransactionManagerConfiguration#transactionManager:
      Did not match:
         - @ConditionalOnMissingBean (types: org.springframework.transaction.TransactionManager; SearchStrategy: all) found beans of type 'org.springframework.transaction.TransactionManager' transactionManager (OnBeanCondition)

   DatadogMetricsExportAutoConfiguration:
      Did not match:
         - @ConditionalOnClass did not find required class 'io.micrometer.datadog.DatadogMeterRegistry' (OnClassCondition)

   DispatcherServletAutoConfiguration.DispatcherServletConfiguration#multipartResolver:
      Did not match:
         - @ConditionalOnBean (types: org.springframework.web.multipart.MultipartResolver; SearchStrategy: all) did not find any beans of type org.springframework.web.multipart.MultipartResolver (OnBeanCondition)

   DynatraceMetricsExportAutoConfiguration:
      Did not match:
         - @ConditionalOnClass did not find required class 'io.micrometer.dynatrace.DynatraceMeterRegistry' (OnClassCondition)

   ElasticMetricsExportAutoConfiguration:
      Did not match:
         - @ConditionalOnClass did not find required class 'io.micrometer.elastic.ElasticMeterRegistry' (OnClassCondition)

   ElasticsearchClientAutoConfiguration:
      Did not match:
         - @ConditionalOnClass did not find required class 'co.elastic.clients.elasticsearch.ElasticsearchClient' (OnClassCondition)

   ElasticsearchDataAutoConfiguration:
      Did not match:
         - @ConditionalOnClass did not find required class 'org.springframework.data.elasticsearch.client.elc.ElasticsearchTemplate' (OnClassCondition)

   ElasticsearchReactiveHealthContributorAutoConfiguration:
      Did not match:
         - @ConditionalOnClass did not find required class 'reactor.core.publisher.Flux' (OnClassCondition)

   ElasticsearchRepositoriesAutoConfiguration:
      Did not match:
         - @ConditionalOnClass did not find required class 'org.springframework.data.elasticsearch.repository.ElasticsearchRepository' (OnClassCondition)

   ElasticsearchRestClientAutoConfiguration:
      Did not match:
         - @ConditionalOnClass did not find required class 'org.elasticsearch.client.RestClientBuilder' (OnClassCondition)

   ElasticsearchRestHealthContributorAutoConfiguration:
      Did not match:
         - @ConditionalOnClass did not find required class 'org.elasticsearch.client.RestClient' (OnClassCondition)

   EmbeddedLdapAutoConfiguration:
      Did not match:
         - @ConditionalOnClass did not find required class 'com.unboundid.ldap.listener.InMemoryDirectoryServer' (OnClassCondition)

   EmbeddedWebServerFactoryCustomizerAutoConfiguration.JettyWebServerFactoryCustomizerConfiguration:
      Did not match:
         - @ConditionalOnClass did not find required classes 'org.eclipse.jetty.server.Server', 'org.eclipse.jetty.util.Loader', 'org.eclipse.jetty.ee10.webapp.WebAppContext' (OnClassCondition)

   EmbeddedWebServerFactoryCustomizerAutoConfiguration.NettyWebServerFactoryCustomizerConfiguration:
      Did not match:
         - @ConditionalOnClass did not find required class 'reactor.netty.http.server.HttpServer' (OnClassCondition)

   EmbeddedWebServerFactoryCustomizerAutoConfiguration.TomcatWebServerFactoryCustomizerConfiguration#tomcatVirtualThreadsProtocolHandlerCustomizer:
      Did not match:
         - @ConditionalOnThreading did not find VIRTUAL (OnThreadingCondition)

   EmbeddedWebServerFactoryCustomizerAutoConfiguration.UndertowWebServerFactoryCustomizerConfiguration:
      Did not match:
         - @ConditionalOnClass did not find required classes 'io.undertow.Undertow', 'org.xnio.SslClientAuthMode' (OnClassCondition)

   EnvironmentEndpointAutoConfiguration:
      Did not match:
         - @ConditionalOnAvailableEndpoint no 'management.endpoints' property marked it as exposed (OnAvailableEndpointCondition)

   ErrorWebFluxAutoConfiguration:
      Did not match:
         - @ConditionalOnClass did not find required class 'org.springframework.web.reactive.config.WebFluxConfigurer' (OnClassCondition)

   FeignAcceptGzipEncodingAutoConfiguration:
      Did not match:
         - @ConditionalOnProperty (spring.cloud.openfeign.compression.response.enabled) did not find property 'spring.cloud.openfeign.compression.response.enabled' (OnPropertyCondition)
      Matched:
         - @ConditionalOnClass found required class 'feign.Feign' (OnClassCondition)

   FeignAutoConfiguration#cachingCapability:
      Did not match:
         - @ConditionalOnBean (types: org.springframework.cache.interceptor.CacheInterceptor; SearchStrategy: all) did not find any beans of type org.springframework.cache.interceptor.CacheInterceptor (OnBeanCondition)
      Matched:
         - @ConditionalOnProperty (spring.cloud.openfeign.cache.enabled) matched (OnPropertyCondition)

   FeignAutoConfiguration.CircuitBreakerPresentFeignTargeterConfiguration:
      Did not match:
         - @ConditionalOnProperty (spring.cloud.openfeign.circuitbreaker.enabled=true) did not find property 'spring.cloud.openfeign.circuitbreaker.enabled' (OnPropertyCondition)
      Matched:
         - @ConditionalOnClass found required class 'org.springframework.cloud.client.circuitbreaker.CircuitBreaker' (OnClassCondition)

   FeignAutoConfiguration.Http2ClientFeignConfiguration:
      Did not match:
         - @ConditionalOnClass did not find required class 'feign.http2client.Http2Client' (OnClassCondition)

   FeignAutoConfiguration.HttpClient5FeignConfiguration:
      Did not match:
         - @ConditionalOnClass did not find required class 'feign.hc5.ApacheHttp5Client' (OnClassCondition)

   FeignAutoConfiguration.Oauth2FeignConfiguration:
      Did not match:
         - @ConditionalOnClass did not find required class 'org.springframework.security.oauth2.client.OAuth2AuthorizedClientManager' (OnClassCondition)

   FeignAutoConfiguration.OkHttpFeignConfiguration:
      Did not match:
         - @ConditionalOnClass did not find required class 'feign.okhttp.OkHttpClient' (OnClassCondition)

   FeignContentGzipEncodingAutoConfiguration:
      Did not match:
         - @ConditionalOnProperty (spring.cloud.openfeign.compression.request.enabled) did not find property 'spring.cloud.openfeign.compression.request.enabled' (OnPropertyCondition)
      Matched:
         - @ConditionalOnClass found required class 'feign.Feign' (OnClassCondition)

   FeignHalAutoConfiguration:
      Did not match:
         - @ConditionalOnClass did not find required class 'org.springframework.hateoas.config.WebConverters' (OnClassCondition)

   FeignLoadBalancerAutoConfiguration:
      Did not match:
         - @ConditionalOnBean did not find required type 'org.springframework.cloud.loadbalancer.support.LoadBalancerClientFactory' (OnBeanCondition)

   FlywayAutoConfiguration:
      Did not match:
         - @ConditionalOnClass did not find required class 'org.flywaydb.core.Flyway' (OnClassCondition)

   FlywayEndpointAutoConfiguration:
      Did not match:
         - @ConditionalOnClass did not find required class 'org.flywaydb.core.Flyway' (OnClassCondition)

   FreeMarkerAutoConfiguration:
      Did not match:
         - @ConditionalOnClass did not find required class 'freemarker.template.Configuration' (OnClassCondition)

   GangliaMetricsExportAutoConfiguration:
      Did not match:
         - @ConditionalOnClass did not find required class 'io.micrometer.ganglia.GangliaMeterRegistry' (OnClassCondition)

   GraphQlAutoConfiguration:
      Did not match:
         - @ConditionalOnClass did not find required class 'graphql.GraphQL' (OnClassCondition)

   GraphQlObservationAutoConfiguration:
      Did not match:
         - @ConditionalOnClass did not find required class 'graphql.GraphQL' (OnClassCondition)

   GraphQlQueryByExampleAutoConfiguration:
      Did not match:
         - @ConditionalOnClass did not find required class 'graphql.GraphQL' (OnClassCondition)

   GraphQlQuerydslAutoConfiguration:
      Did not match:
         - @ConditionalOnClass did not find required class 'com.querydsl.core.Query' (OnClassCondition)

   GraphQlRSocketAutoConfiguration:
      Did not match:
         - @ConditionalOnClass did not find required class 'graphql.GraphQL' (OnClassCondition)

   GraphQlReactiveQueryByExampleAutoConfiguration:
      Did not match:
         - @ConditionalOnClass did not find required class 'graphql.GraphQL' (OnClassCondition)

   GraphQlReactiveQuerydslAutoConfiguration:
      Did not match:
         - @ConditionalOnClass did not find required class 'com.querydsl.core.Query' (OnClassCondition)

   GraphQlWebFluxAutoConfiguration:
      Did not match:
         - @ConditionalOnClass did not find required class 'graphql.GraphQL' (OnClassCondition)

   GraphQlWebFluxSecurityAutoConfiguration:
      Did not match:
         - @ConditionalOnClass did not find required class 'graphql.GraphQL' (OnClassCondition)

   GraphQlWebMvcAutoConfiguration:
      Did not match:
         - @ConditionalOnClass did not find required class 'graphql.GraphQL' (OnClassCondition)

   GraphQlWebMvcSecurityAutoConfiguration:
      Did not match:
         - @ConditionalOnClass did not find required class 'graphql.GraphQL' (OnClassCondition)

   GraphiteMetricsExportAutoConfiguration:
      Did not match:
         - @ConditionalOnClass did not find required class 'io.micrometer.graphite.GraphiteMeterRegistry' (OnClassCondition)

   GroovyTemplateAutoConfiguration:
      Did not match:
         - @ConditionalOnClass did not find required class 'groovy.text.markup.MarkupTemplateEngine' (OnClassCondition)

   GsonAutoConfiguration:
      Did not match:
         - @ConditionalOnClass did not find required class 'com.google.gson.Gson' (OnClassCondition)

   GsonHttpMessageConvertersConfiguration:
      Did not match:
         - @ConditionalOnClass did not find required class 'com.google.gson.Gson' (OnClassCondition)

   H2ConsoleAutoConfiguration:
      Did not match:
         - @ConditionalOnClass did not find required class 'org.h2.server.web.JakartaWebServlet' (OnClassCondition)

   HazelcastAutoConfiguration:
      Did not match:
         - @ConditionalOnClass did not find required class 'com.hazelcast.core.HazelcastInstance' (OnClassCondition)

   HazelcastCacheConfiguration:
      Did not match:
         - @ConditionalOnClass did not find required class 'com.hazelcast.core.HazelcastInstance' (OnClassCondition)

   HazelcastHealthContributorAutoConfiguration:
      Did not match:
         - @ConditionalOnClass did not find required class 'com.hazelcast.core.HazelcastInstance' (OnClassCondition)

   HazelcastJpaDependencyAutoConfiguration:
      Did not match:
         - @ConditionalOnClass did not find required class 'com.hazelcast.core.HazelcastInstance' (OnClassCondition)

   HealthEndpointReactiveWebExtensionConfiguration:
      Did not match:
         - did not find reactive web application classes (OnWebApplicationCondition)

   HealthEndpointWebExtensionConfiguration.JerseyAdditionalHealthEndpointPathsConfiguration:
      Did not match:
         - @ConditionalOnClass did not find required class 'org.glassfish.jersey.server.ResourceConfig' (OnClassCondition)

   HeapDumpWebEndpointAutoConfiguration:
      Did not match:
         - @ConditionalOnAvailableEndpoint no 'management.endpoints' property marked it as exposed (OnAvailableEndpointCondition)

   HibernateMetricsAutoConfiguration:
      Did not match:
         - @ConditionalOnClass did not find required class 'org.hibernate.stat.HibernateMetrics' (OnClassCondition)

   HttpExchangesAutoConfiguration:
      Did not match:
         - @ConditionalOnBean (types: org.springframework.boot.actuate.web.exchanges.HttpExchangeRepository; SearchStrategy: all) did not find any beans of type org.springframework.boot.actuate.web.exchanges.HttpExchangeRepository (OnBeanCondition)
      Matched:
         - @ConditionalOnWebApplication (required) found 'session' scope (OnWebApplicationCondition)
         - @ConditionalOnProperty (management.httpexchanges.recording.enabled) matched (OnPropertyCondition)

   HttpExchangesAutoConfiguration.ReactiveHttpExchangesConfiguration:
      Did not match:
         - did not find reactive web application classes (OnWebApplicationCondition)
         - Ancestor org.springframework.boot.actuate.autoconfigure.web.exchanges.HttpExchangesAutoConfiguration did not match (ConditionEvaluationReport.AncestorsMatchedCondition)

   HttpExchangesAutoConfiguration.ServletHttpExchangesConfiguration:
      Did not match:
         - Ancestor org.springframework.boot.actuate.autoconfigure.web.exchanges.HttpExchangesAutoConfiguration did not match (ConditionEvaluationReport.AncestorsMatchedCondition)
      Matched:
         - found 'session' scope (OnWebApplicationCondition)

   HttpExchangesEndpointAutoConfiguration:
      Did not match:
         - @ConditionalOnAvailableEndpoint no 'management.endpoints' property marked it as exposed (OnAvailableEndpointCondition)

   HttpHandlerAutoConfiguration:
      Did not match:
         - @ConditionalOnClass did not find required class 'org.springframework.web.reactive.DispatcherHandler' (OnClassCondition)

   HumioMetricsExportAutoConfiguration:
      Did not match:
         - @ConditionalOnClass did not find required class 'io.micrometer.humio.HumioMeterRegistry' (OnClassCondition)

   HypermediaAutoConfiguration:
      Did not match:
         - @ConditionalOnClass did not find required class 'org.springframework.hateoas.EntityModel' (OnClassCondition)

   InfinispanCacheConfiguration:
      Did not match:
         - @ConditionalOnClass did not find required class 'org.infinispan.spring.embedded.provider.SpringEmbeddedCacheManager' (OnClassCondition)

   InfluxDbAutoConfiguration:
      Did not match:
         - @ConditionalOnClass did not find required class 'org.influxdb.InfluxDB' (OnClassCondition)

   InfluxDbHealthContributorAutoConfiguration:
      Did not match:
         - @ConditionalOnClass did not find required class 'org.influxdb.InfluxDB' (OnClassCondition)

   InfluxMetricsExportAutoConfiguration:
      Did not match:
         - @ConditionalOnClass did not find required class 'io.micrometer.influx.InfluxMeterRegistry' (OnClassCondition)

   InfoContributorAutoConfiguration#buildInfoContributor:
      Did not match:
         - @ConditionalOnSingleCandidate (types: org.springframework.boot.info.BuildProperties; SearchStrategy: all) did not find any beans (OnBeanCondition)
      Matched:
         - @ConditionalOnEnabledInfoContributor management.info.defaults.enabled is considered true (OnEnabledInfoContributorCondition)

   InfoContributorAutoConfiguration#envInfoContributor:
      Did not match:
         - @ConditionalOnEnabledInfoContributor management.info.env.enabled is not true (OnEnabledInfoContributorCondition)

   InfoContributorAutoConfiguration#gitInfoContributor:
      Did not match:
         - @ConditionalOnSingleCandidate (types: org.springframework.boot.info.GitProperties; SearchStrategy: all) did not find any beans (OnBeanCondition)
      Matched:
         - @ConditionalOnEnabledInfoContributor management.info.defaults.enabled is considered true (OnEnabledInfoContributorCondition)

   InfoContributorAutoConfiguration#javaInfoContributor:
      Did not match:
         - @ConditionalOnEnabledInfoContributor management.info.java.enabled is not true (OnEnabledInfoContributorCondition)

   InfoContributorAutoConfiguration#osInfoContributor:
      Did not match:
         - @ConditionalOnEnabledInfoContributor management.info.os.enabled is not true (OnEnabledInfoContributorCondition)

   InfoEndpointAutoConfiguration:
      Did not match:
         - @ConditionalOnAvailableEndpoint no 'management.endpoints' property marked it as exposed (OnAvailableEndpointCondition)

   IntegrationAutoConfiguration:
      Did not match:
         - @ConditionalOnClass did not find required class 'org.springframework.integration.config.EnableIntegration' (OnClassCondition)

   IntegrationGraphEndpointAutoConfiguration:
      Did not match:
         - @ConditionalOnClass did not find required class 'org.springframework.integration.graph.IntegrationGraphServer' (OnClassCondition)

   JCacheCacheConfiguration:
      Did not match:
         - @ConditionalOnClass did not find required class 'javax.cache.Caching' (OnClassCondition)

   JacksonHttpMessageConvertersConfiguration.MappingJackson2XmlHttpMessageConverterConfiguration:
      Did not match:
         - @ConditionalOnClass did not find required class 'com.fasterxml.jackson.dataformat.xml.XmlMapper' (OnClassCondition)

   JdbcRepositoriesAutoConfiguration:
      Did not match:
         - @ConditionalOnClass did not find required class 'org.springframework.data.jdbc.repository.config.AbstractJdbcConfiguration' (OnClassCondition)

   JerseyAutoConfiguration:
      Did not match:
         - @ConditionalOnClass did not find required class 'org.glassfish.jersey.server.spring.SpringComponentProvider' (OnClassCondition)

   JerseySameManagementContextConfiguration:
      Did not match:
         - @ConditionalOnClass did not find required class 'org.glassfish.jersey.server.ResourceConfig' (OnClassCondition)

   JerseyServerMetricsAutoConfiguration:
      Did not match:
         - @ConditionalOnClass did not find required class 'io.micrometer.core.instrument.binder.jersey.server.MetricsApplicationEventListener' (OnClassCondition)

   JerseyWebEndpointManagementContextConfiguration:
      Did not match:
         - @ConditionalOnClass did not find required class 'org.glassfish.jersey.server.ResourceConfig' (OnClassCondition)

   JettyMetricsAutoConfiguration:
      Did not match:
         - @ConditionalOnClass did not find required class 'org.eclipse.jetty.server.Server' (OnClassCondition)

   JmsAutoConfiguration:
      Did not match:
         - @ConditionalOnClass did not find required class 'jakarta.jms.Message' (OnClassCondition)

   JmsHealthContributorAutoConfiguration:
      Did not match:
         - @ConditionalOnClass did not find required class 'jakarta.jms.ConnectionFactory' (OnClassCondition)

   JmsTemplateObservationAutoConfiguration:
      Did not match:
         - @ConditionalOnClass did not find required class 'jakarta.jms.Message' (OnClassCondition)

   JmxAutoConfiguration:
      Did not match:
         - @ConditionalOnProperty (spring.jmx.enabled=true) did not find property 'enabled' (OnPropertyCondition)
      Matched:
         - @ConditionalOnClass found required class 'org.springframework.jmx.export.MBeanExporter' (OnClassCondition)

   JmxEndpointAutoConfiguration:
      Did not match:
         - @ConditionalOnProperty (spring.jmx.enabled=true) did not find property 'enabled' (OnPropertyCondition)

   JmxMetricsExportAutoConfiguration:
      Did not match:
         - @ConditionalOnClass did not find required class 'io.micrometer.jmx.JmxMeterRegistry' (OnClassCondition)

   JndiConnectionFactoryAutoConfiguration:
      Did not match:
         - @ConditionalOnClass did not find required class 'org.springframework.jms.core.JmsTemplate' (OnClassCondition)

   JndiDataSourceAutoConfiguration:
      Did not match:
         - @ConditionalOnProperty (spring.datasource.jndi-name) did not find property 'jndi-name' (OnPropertyCondition)
      Matched:
         - @ConditionalOnClass found required classes 'javax.sql.DataSource', 'org.springframework.jdbc.datasource.embedded.EmbeddedDatabaseType' (OnClassCondition)

   JndiJtaConfiguration:
      Did not match:
         - @ConditionalOnJndi JNDI environment is not available (OnJndiCondition)
      Matched:
         - @ConditionalOnClass found required class 'org.springframework.transaction.jta.JtaTransactionManager' (OnClassCondition)

   JooqAutoConfiguration:
      Did not match:
         - @ConditionalOnClass did not find required class 'org.jooq.DSLContext' (OnClassCondition)

   JpaRepositoriesAutoConfiguration#entityManagerFactoryBootstrapExecutorCustomizer:
      Did not match:
         - AnyNestedCondition 0 matched 2 did not; NestedCondition on JpaRepositoriesAutoConfiguration.BootstrapExecutorCondition.LazyBootstrapMode @ConditionalOnProperty (spring.data.jpa.repositories.bootstrap-mode=lazy) did not find property 'bootstrap-mode'; NestedCondition on JpaRepositoriesAutoConfiguration.BootstrapExecutorCondition.DeferredBootstrapMode @ConditionalOnProperty (spring.data.jpa.repositories.bootstrap-mode=deferred) did not find property 'bootstrap-mode' (JpaRepositoriesAutoConfiguration.BootstrapExecutorCondition)

   JsonbAutoConfiguration:
      Did not match:
         - @ConditionalOnClass did not find required class 'jakarta.json.bind.Jsonb' (OnClassCondition)

   JsonbHttpMessageConvertersConfiguration:
      Did not match:
         - @ConditionalOnClass did not find required class 'jakarta.json.bind.Jsonb' (OnClassCondition)

   KafkaAutoConfiguration:
      Did not match:
         - @ConditionalOnClass did not find required class 'org.springframework.kafka.core.KafkaTemplate' (OnClassCondition)

   KafkaMetricsAutoConfiguration:
      Did not match:
         - @ConditionalOnClass did not find required class 'org.springframework.kafka.core.ProducerFactory' (OnClassCondition)

   KairosMetricsExportAutoConfiguration:
      Did not match:
         - @ConditionalOnClass did not find required class 'io.micrometer.kairos.KairosMeterRegistry' (OnClassCondition)

   LdapAutoConfiguration:
      Did not match:
         - @ConditionalOnClass did not find required class 'org.springframework.ldap.core.ContextSource' (OnClassCondition)

   LdapHealthContributorAutoConfiguration:
      Did not match:
         - @ConditionalOnClass did not find required class 'org.springframework.ldap.core.LdapOperations' (OnClassCondition)

   LdapRepositoriesAutoConfiguration:
      Did not match:
         - @ConditionalOnClass did not find required class 'org.springframework.data.ldap.repository.LdapRepository' (OnClassCondition)

   LettuceMetricsAutoConfiguration:
      Did not match:
         - @ConditionalOnClass did not find required class 'io.lettuce.core.metrics.MicrometerCommandLatencyRecorder' (OnClassCondition)

   LiquibaseAutoConfiguration:
      Did not match:
         - @ConditionalOnClass did not find required class 'liquibase.change.DatabaseChange' (OnClassCondition)

   LiquibaseEndpointAutoConfiguration:
      Did not match:
         - @ConditionalOnClass did not find required class 'liquibase.integration.spring.SpringLiquibase' (OnClassCondition)

   LoadBalancerAutoConfiguration:
      Did not match:
         - @ConditionalOnBean (types: org.springframework.cloud.client.loadbalancer.LoadBalancerClient; SearchStrategy: all) did not find any beans of type org.springframework.cloud.client.loadbalancer.LoadBalancerClient (OnBeanCondition)
      Matched:
         - AnyNestedCondition 2 matched 0 did not; NestedCondition on BlockingRestClassesPresentCondition.RestClientPresent @ConditionalOnClass found required class 'org.springframework.web.client.RestClient'; NestedCondition on BlockingRestClassesPresentCondition.RestTemplatePresent @ConditionalOnClass found required class 'org.springframework.web.client.RestTemplate' (BlockingRestClassesPresentCondition)

   LoadBalancerAutoConfiguration.RetryAutoConfiguration:
      Did not match:
         - @ConditionalOnClass did not find required class 'org.springframework.retry.support.RetryTemplate' (OnClassCondition)
         - Ancestor org.springframework.cloud.client.loadbalancer.LoadBalancerAutoConfiguration did not match (ConditionEvaluationReport.AncestorsMatchedCondition)

   LoadBalancerAutoConfiguration.RetryInterceptorAutoConfiguration:
      Did not match:
         - @ConditionalOnClass did not find required class 'org.springframework.retry.support.RetryTemplate' (OnClassCondition)
         - Ancestor org.springframework.cloud.client.loadbalancer.LoadBalancerAutoConfiguration did not match (ConditionEvaluationReport.AncestorsMatchedCondition)

   LoadBalancerBeanPostProcessorAutoConfiguration:
      Did not match:
         - @ConditionalOnClass did not find required class 'org.springframework.web.reactive.function.client.WebClient' (OnClassCondition)

   Log4J2MetricsAutoConfiguration:
      Did not match:
         - @ConditionalOnClass did not find required class 'org.apache.logging.log4j.core.LoggerContext' (OnClassCondition)

   LogFileWebEndpointAutoConfiguration:
      Did not match:
         - @ConditionalOnAvailableEndpoint no 'management.endpoints' property marked it as exposed (OnAvailableEndpointCondition)

   LoggersEndpointAutoConfiguration:
      Did not match:
         - @ConditionalOnAvailableEndpoint no 'management.endpoints' property marked it as exposed (OnAvailableEndpointCondition)

   MailHealthContributorAutoConfiguration:
      Did not match:
         - @ConditionalOnClass did not find required class 'org.springframework.mail.javamail.JavaMailSenderImpl' (OnClassCondition)

   MailSenderAutoConfiguration:
      Did not match:
         - @ConditionalOnClass did not find required class 'jakarta.mail.internet.MimeMessage' (OnClassCondition)

   MailSenderValidatorAutoConfiguration:
      Did not match:
         - @ConditionalOnSingleCandidate did not find required type 'org.springframework.mail.javamail.JavaMailSenderImpl' (OnBeanCondition)

   ManagementContextAutoConfiguration.DifferentManagementContextConfiguration:
      Did not match:
         - Management Port actual port type (SAME) did not match required type (DIFFERENT) (OnManagementPortCondition)

   ManagementWebSecurityAutoConfiguration:
      Did not match:
         - AllNestedConditions 1 matched 1 did not; NestedCondition on DefaultWebSecurityCondition.Beans @ConditionalOnMissingBean (types: org.springframework.security.web.SecurityFilterChain; SearchStrategy: all) found beans of type 'org.springframework.security.web.SecurityFilterChain' securityFilterChain; NestedCondition on DefaultWebSecurityCondition.Classes @ConditionalOnClass found required classes 'org.springframework.security.web.SecurityFilterChain', 'org.springframework.security.config.annotation.web.builders.HttpSecurity' (DefaultWebSecurityCondition)
      Matched:
         - found 'session' scope (OnWebApplicationCondition)

   MappingsEndpointAutoConfiguration:
      Did not match:
         - @ConditionalOnAvailableEndpoint no 'management.endpoints' property marked it as exposed (OnAvailableEndpointCondition)

   MessageSourceAutoConfiguration:
      Did not match:
         - ResourceBundle did not find bundle with basename messages (MessageSourceAutoConfiguration.ResourceBundleCondition)

   MetricsEndpointAutoConfiguration:
      Did not match:
         - @ConditionalOnAvailableEndpoint no 'management.endpoints' property marked it as exposed (OnAvailableEndpointCondition)
      Matched:
         - @ConditionalOnClass found required class 'io.micrometer.core.annotation.Timed' (OnClassCondition)

   MicrometerTracingAutoConfiguration:
      Did not match:
         - @ConditionalOnClass did not find required class 'io.micrometer.tracing.Tracer' (OnClassCondition)

   MongoAutoConfiguration:
      Did not match:
         - @ConditionalOnClass did not find required class 'com.mongodb.client.MongoClient' (OnClassCondition)

   MongoDataAutoConfiguration:
      Did not match:
         - @ConditionalOnClass did not find required class 'com.mongodb.client.MongoClient' (OnClassCondition)

   MongoHealthContributorAutoConfiguration:
      Did not match:
         - @ConditionalOnClass did not find required class 'org.springframework.data.mongodb.core.MongoTemplate' (OnClassCondition)

   MongoMetricsAutoConfiguration:
      Did not match:
         - @ConditionalOnClass did not find required class 'com.mongodb.MongoClientSettings' (OnClassCondition)

   MongoReactiveAutoConfiguration:
      Did not match:
         - @ConditionalOnClass did not find required class 'com.mongodb.reactivestreams.client.MongoClient' (OnClassCondition)

   MongoReactiveDataAutoConfiguration:
      Did not match:
         - @ConditionalOnClass did not find required class 'com.mongodb.reactivestreams.client.MongoClient' (OnClassCondition)

   MongoReactiveHealthContributorAutoConfiguration:
      Did not match:
         - @ConditionalOnClass did not find required class 'reactor.core.publisher.Flux' (OnClassCondition)

   MongoReactiveRepositoriesAutoConfiguration:
      Did not match:
         - @ConditionalOnClass did not find required class 'com.mongodb.reactivestreams.client.MongoClient' (OnClassCondition)

   MongoRepositoriesAutoConfiguration:
      Did not match:
         - @ConditionalOnClass did not find required class 'com.mongodb.client.MongoClient' (OnClassCondition)

   MultipleOpenApiSupportConfiguration:
      Did not match:
         - AnyNestedCondition 0 matched 2 did not; NestedCondition on MultipleOpenApiSupportCondition.OnActuatorDifferentPort found non-matching nested conditions Management Port actual port type (SAME) did not match required type (DIFFERENT), @ConditionalOnProperty (springdoc.show-actuator) did not find property 'springdoc.show-actuator'; NestedCondition on MultipleOpenApiSupportCondition.OnMultipleOpenApiSupportCondition AnyNestedCondition 0 matched 2 did not; NestedCondition on MultipleOpenApiGroupsCondition.OnGroupConfigProperty @ConditionalOnProperty (springdoc.group-configs[0].group) did not find property 'springdoc.group-configs[0].group'; NestedCondition on MultipleOpenApiGroupsCondition.OnGroupedOpenApiBean @ConditionalOnBean (types: org.springdoc.core.models.GroupedOpenApi; SearchStrategy: all) did not find any beans of type org.springdoc.core.models.GroupedOpenApi (MultipleOpenApiSupportCondition)
      Matched:
         - found 'session' scope (OnWebApplicationCondition)
         - @ConditionalOnProperty (springdoc.api-docs.enabled) matched (OnPropertyCondition)

   MultipleOpenApiSupportConfiguration.SpringDocWebMvcActuatorDifferentConfiguration:
      Did not match:
         - Management Port actual port type (SAME) did not match required type (DIFFERENT) (OnManagementPortCondition)
         - Ancestor org.springdoc.webmvc.core.configuration.MultipleOpenApiSupportConfiguration did not match (ConditionEvaluationReport.AncestorsMatchedCondition)
      Matched:
         - @ConditionalOnClass found required class 'org.springframework.boot.actuate.endpoint.web.servlet.WebMvcEndpointHandlerMapping' (OnClassCondition)

   MustacheAutoConfiguration:
      Did not match:
         - @ConditionalOnClass did not find required class 'com.samskivert.mustache.Mustache' (OnClassCondition)

   Neo4jAutoConfiguration:
      Did not match:
         - @ConditionalOnClass did not find required class 'org.neo4j.driver.Driver' (OnClassCondition)

   Neo4jDataAutoConfiguration:
      Did not match:
         - @ConditionalOnClass did not find required class 'org.neo4j.driver.Driver' (OnClassCondition)

   Neo4jHealthContributorAutoConfiguration:
      Did not match:
         - @ConditionalOnClass did not find required class 'org.neo4j.driver.Driver' (OnClassCondition)

   Neo4jReactiveDataAutoConfiguration:
      Did not match:
         - @ConditionalOnClass did not find required class 'org.neo4j.driver.Driver' (OnClassCondition)

   Neo4jReactiveRepositoriesAutoConfiguration:
      Did not match:
         - @ConditionalOnClass did not find required class 'org.neo4j.driver.Driver' (OnClassCondition)

   Neo4jRepositoriesAutoConfiguration:
      Did not match:
         - @ConditionalOnClass did not find required class 'org.neo4j.driver.Driver' (OnClassCondition)

   NettyAutoConfiguration:
      Did not match:
         - @ConditionalOnClass did not find required class 'io.netty.util.NettyRuntime' (OnClassCondition)

   NewRelicMetricsExportAutoConfiguration:
      Did not match:
         - @ConditionalOnClass did not find required class 'io.micrometer.newrelic.NewRelicMeterRegistry' (OnClassCondition)

   NoOpMeterRegistryConfiguration:
      Did not match:
         - @ConditionalOnMissingBean (types: io.micrometer.core.instrument.MeterRegistry; SearchStrategy: all) found beans of type 'io.micrometer.core.instrument.MeterRegistry' simpleMeterRegistry (OnBeanCondition)

   OAuth2AuthorizationServerAutoConfiguration:
      Did not match:
         - @ConditionalOnClass did not find required class 'org.springframework.security.oauth2.server.authorization.OAuth2Authorization' (OnClassCondition)

   OAuth2AuthorizationServerJwtAutoConfiguration:
      Did not match:
         - @ConditionalOnClass did not find required class 'org.springframework.security.oauth2.server.authorization.OAuth2Authorization' (OnClassCondition)

   OAuth2ClientAutoConfiguration:
      Did not match:
         - @ConditionalOnClass did not find required class 'org.springframework.security.oauth2.client.registration.ClientRegistration' (OnClassCondition)

   OAuth2ResourceServerAutoConfiguration:
      Did not match:
         - @ConditionalOnClass did not find required class 'org.springframework.security.oauth2.server.resource.authentication.BearerTokenAuthenticationToken' (OnClassCondition)

   ObservationAutoConfiguration.MeterObservationHandlerConfiguration.TracingAndMetricsObservationHandlerConfiguration:
      Did not match:
         - @ConditionalOnBean did not find required type 'io.micrometer.tracing.Tracer' (OnBeanCondition)
         - @ConditionalOnBean (types: io.micrometer.tracing.Tracer; SearchStrategy: all) did not find any beans of type io.micrometer.tracing.Tracer (OnBeanCondition)

   ObservationAutoConfiguration.MetricsWithTracingConfiguration:
      Did not match:
         - @ConditionalOnClass did not find required class 'io.micrometer.tracing.Tracer' (OnClassCondition)

   ObservationAutoConfiguration.OnlyTracingConfiguration:
      Did not match:
         - @ConditionalOnClass did not find required class 'io.micrometer.tracing.Tracer' (OnClassCondition)

   org.springframework.boot.actuate.autoconfigure.opentelemetry.OpenTelemetryAutoConfiguration:
      Did not match:
         - @ConditionalOnClass did not find required class 'io.opentelemetry.sdk.OpenTelemetrySdk' (OnClassCondition)

   org.springframework.boot.actuate.autoconfigure.tracing.OpenTelemetryAutoConfiguration:
      Did not match:
         - @ConditionalOnClass did not find required class 'io.micrometer.tracing.otel.bridge.OtelTracer' (OnClassCondition)

   OtlpAutoConfiguration:
      Did not match:
         - @ConditionalOnClass did not find required class 'io.micrometer.tracing.otel.bridge.OtelTracer' (OnClassCondition)

   OtlpMetricsExportAutoConfiguration:
      Did not match:
         - @ConditionalOnClass did not find required class 'io.micrometer.registry.otlp.OtlpMeterRegistry' (OnClassCondition)

   PauseResumeEndpointsConfiguration#pauseEndpoint:
      Did not match:
         - @ConditionalOnBean (types: org.springframework.cloud.context.restart.RestartEndpoint; SearchStrategy: all) did not find any beans of type org.springframework.cloud.context.restart.RestartEndpoint (OnBeanCondition)

   PauseResumeEndpointsConfiguration#resumeEndpoint:
      Did not match:
         - @ConditionalOnBean (types: org.springframework.cloud.context.restart.RestartEndpoint; SearchStrategy: all) did not find any beans of type org.springframework.cloud.context.restart.RestartEndpoint (OnBeanCondition)

   ProjectInfoAutoConfiguration#buildProperties:
      Did not match:
         - @ConditionalOnResource did not find resource '${spring.info.build.location:classpath:META-INF/build-info.properties}' (OnResourceCondition)

   ProjectInfoAutoConfiguration#gitProperties:
      Did not match:
         - GitResource did not find git info at classpath:git.properties (ProjectInfoAutoConfiguration.GitResourceAvailableCondition)

   PrometheusExemplarsAutoConfiguration:
      Did not match:
         - @ConditionalOnClass did not find required class 'io.micrometer.tracing.Tracer' (OnClassCondition)

   PrometheusMetricsExportAutoConfiguration:
      Did not match:
         - @ConditionalOnClass did not find required class 'io.micrometer.prometheus.PrometheusMeterRegistry' (OnClassCondition)

   PulsarAutoConfiguration:
      Did not match:
         - @ConditionalOnClass did not find required class 'org.apache.pulsar.client.api.PulsarClient' (OnClassCondition)

   PulsarReactiveAutoConfiguration:
      Did not match:
         - @ConditionalOnClass did not find required class 'org.apache.pulsar.client.api.PulsarClient' (OnClassCondition)

   QuartzAutoConfiguration:
      Did not match:
         - @ConditionalOnClass did not find required class 'org.quartz.Scheduler' (OnClassCondition)

   QuartzEndpointAutoConfiguration:
      Did not match:
         - @ConditionalOnClass did not find required class 'org.quartz.Scheduler' (OnClassCondition)

   R2dbcAutoConfiguration:
      Did not match:
         - @ConditionalOnClass did not find required class 'io.r2dbc.spi.ConnectionFactory' (OnClassCondition)

   R2dbcDataAutoConfiguration:
      Did not match:
         - @ConditionalOnClass did not find required class 'org.springframework.data.r2dbc.core.R2dbcEntityTemplate' (OnClassCondition)

   R2dbcInitializationConfiguration:
      Did not match:
         - @ConditionalOnClass did not find required classes 'io.r2dbc.spi.ConnectionFactory', 'org.springframework.r2dbc.connection.init.DatabasePopulator' (OnClassCondition)

   R2dbcObservationAutoConfiguration:
      Did not match:
         - @ConditionalOnClass did not find required class 'io.r2dbc.proxy.ProxyConnectionFactory' (OnClassCondition)

   R2dbcRepositoriesAutoConfiguration:
      Did not match:
         - @ConditionalOnClass did not find required class 'io.r2dbc.spi.ConnectionFactory' (OnClassCondition)

   R2dbcTransactionManagerAutoConfiguration:
      Did not match:
         - @ConditionalOnClass did not find required class 'org.springframework.r2dbc.connection.R2dbcTransactionManager' (OnClassCondition)

   RSocketGraphQlClientAutoConfiguration:
      Did not match:
         - @ConditionalOnClass did not find required class 'graphql.GraphQL' (OnClassCondition)

   RSocketMessagingAutoConfiguration:
      Did not match:
         - @ConditionalOnClass did not find required class 'io.rsocket.RSocket' (OnClassCondition)

   RSocketRequesterAutoConfiguration:
      Did not match:
         - @ConditionalOnClass did not find required class 'io.rsocket.RSocket' (OnClassCondition)

   RSocketSecurityAutoConfiguration:
      Did not match:
         - @ConditionalOnClass did not find required class 'org.springframework.security.rsocket.core.SecuritySocketAcceptorInterceptor' (OnClassCondition)

   RSocketServerAutoConfiguration:
      Did not match:
         - @ConditionalOnClass did not find required class 'io.rsocket.core.RSocketServer' (OnClassCondition)

   RSocketStrategiesAutoConfiguration:
      Did not match:
         - @ConditionalOnClass did not find required class 'io.netty.buffer.PooledByteBufAllocator' (OnClassCondition)

   RabbitAutoConfiguration:
      Did not match:
         - @ConditionalOnClass did not find required class 'com.rabbitmq.client.Channel' (OnClassCondition)

   RabbitHealthContributorAutoConfiguration:
      Did not match:
         - @ConditionalOnClass did not find required class 'org.springframework.amqp.rabbit.core.RabbitTemplate' (OnClassCondition)

   RabbitMetricsAutoConfiguration:
      Did not match:
         - @ConditionalOnClass did not find required class 'com.rabbitmq.client.ConnectionFactory' (OnClassCondition)

   ReactiveCloudFoundryActuatorAutoConfiguration:
      Did not match:
         - @ConditionalOnWebApplication did not find reactive web application classes (OnWebApplicationCondition)

   ReactiveCommonsClientAutoConfiguration.ReactiveDiscoveryLoadBalancerConfiguration:
      Did not match:
         - @ConditionalOnClass did not find required class 'org.springframework.web.reactive.function.client.WebClient' (OnClassCondition)

   ReactiveCompositeDiscoveryClientAutoConfiguration:
      Did not match:
         - @ConditionalOnClass did not find required class 'org.springframework.web.reactive.function.client.WebClient' (OnClassCondition)

   ReactiveElasticsearchClientAutoConfiguration:
      Did not match:
         - @ConditionalOnClass did not find required class 'co.elastic.clients.transport.ElasticsearchTransport' (OnClassCondition)

   ReactiveElasticsearchRepositoriesAutoConfiguration:
      Did not match:
         - @ConditionalOnClass did not find required class 'org.springframework.data.elasticsearch.client.elc.ReactiveElasticsearchClient' (OnClassCondition)

   ReactiveHealthEndpointConfiguration:
      Did not match:
         - @ConditionalOnClass did not find required class 'reactor.core.publisher.Flux' (OnClassCondition)

   ReactiveManagementContextAutoConfiguration:
      Did not match:
         - @ConditionalOnClass did not find required class 'reactor.core.publisher.Flux' (OnClassCondition)

   ReactiveManagementWebSecurityAutoConfiguration:
      Did not match:
         - @ConditionalOnWebApplication did not find reactive web application classes (OnWebApplicationCondition)

   ReactiveMultipartAutoConfiguration:
      Did not match:
         - @ConditionalOnClass did not find required class 'org.springframework.web.reactive.config.WebFluxConfigurer' (OnClassCondition)

   ReactiveOAuth2ClientAutoConfiguration:
      Did not match:
         - @ConditionalOnClass did not find required class 'reactor.core.publisher.Flux' (OnClassCondition)

   ReactiveOAuth2ResourceServerAutoConfiguration:
      Did not match:
         - @ConditionalOnWebApplication did not find reactive web application classes (OnWebApplicationCondition)

   ReactiveSecurityAutoConfiguration:
      Did not match:
         - @ConditionalOnClass did not find required class 'reactor.core.publisher.Flux' (OnClassCondition)

   ReactiveUserDetailsServiceAutoConfiguration:
      Did not match:
         - AnyNestedCondition 0 matched 2 did not; NestedCondition on ReactiveUserDetailsServiceAutoConfiguration.ReactiveUserDetailsServiceCondition.ReactiveWebApplicationCondition did not find reactive web application classes; NestedCondition on ReactiveUserDetailsServiceAutoConfiguration.ReactiveUserDetailsServiceCondition.RSocketSecurityEnabledCondition @ConditionalOnBean (types: org.springframework.messaging.rsocket.annotation.support.RSocketMessageHandler; SearchStrategy: all) did not find any beans of type org.springframework.messaging.rsocket.annotation.support.RSocketMessageHandler (ReactiveUserDetailsServiceAutoConfiguration.ReactiveUserDetailsServiceCondition)
      Matched:
         - @ConditionalOnClass found required class 'org.springframework.security.authentication.ReactiveAuthenticationManager'; @ConditionalOnMissingClass did not find unwanted classes 'org.springframework.security.oauth2.client.registration.ClientRegistrationRepository', 'org.springframework.security.oauth2.server.resource.introspection.ReactiveOpaqueTokenIntrospector' (OnClassCondition)

   ReactiveWebServerFactoryAutoConfiguration:
      Did not match:
         - @ConditionalOnWebApplication did not find reactive web application classes (OnWebApplicationCondition)

   ReactorAutoConfiguration:
      Did not match:
         - @ConditionalOnClass did not find required class 'reactor.core.publisher.Hooks' (OnClassCondition)

   ReactorLoadBalancerClientAutoConfiguration:
      Did not match:
         - @ConditionalOnClass did not find required class 'org.springframework.web.reactive.function.client.WebClient' (OnClassCondition)

   RedisAutoConfiguration:
      Did not match:
         - @ConditionalOnClass did not find required class 'org.springframework.data.redis.core.RedisOperations' (OnClassCondition)

   RedisCacheConfiguration:
      Did not match:
         - @ConditionalOnClass did not find required class 'org.springframework.data.redis.connection.RedisConnectionFactory' (OnClassCondition)

   RedisHealthContributorAutoConfiguration:
      Did not match:
         - @ConditionalOnClass did not find required class 'org.springframework.data.redis.connection.RedisConnectionFactory' (OnClassCondition)

   RedisReactiveAutoConfiguration:
      Did not match:
         - @ConditionalOnClass did not find required class 'reactor.core.publisher.Flux' (OnClassCondition)

   RedisReactiveHealthContributorAutoConfiguration:
      Did not match:
         - @ConditionalOnClass did not find required class 'reactor.core.publisher.Flux' (OnClassCondition)

   RedisRepositoriesAutoConfiguration:
      Did not match:
         - @ConditionalOnClass did not find required class 'org.springframework.data.redis.repository.configuration.EnableRedisRepositories' (OnClassCondition)

   RefreshAutoConfiguration#legacyContextRefresher:
      Did not match:
         - AnyNestedCondition 0 matched 3 did not; NestedCondition on ConditionalOnBootstrapEnabled.OnBootstrapEnabledCondition.OnBootstrapEnabled @ConditionalOnProperty (spring.cloud.bootstrap.enabled) did not find property 'spring.cloud.bootstrap.enabled'; NestedCondition on ConditionalOnBootstrapEnabled.OnBootstrapEnabledCondition.OnUseLegacyProcessingEnabled @ConditionalOnProperty (spring.config.use-legacy-processing) did not find property 'spring.config.use-legacy-processing'; NestedCondition on ConditionalOnBootstrapEnabled.OnBootstrapEnabledCondition.OnBootstrapMarkerClassPresent @ConditionalOnClass did not find required class 'org.springframework.cloud.bootstrap.marker.Marker' (ConditionalOnBootstrapEnabled.OnBootstrapEnabledCondition)

   RefreshAutoConfiguration.JpaInvokerConfiguration:
      Did not match:
         - @ConditionalOnClass did not find required class 'javax.persistence.EntityManagerFactory' (OnClassCondition)

   RefreshEndpointAutoConfiguration.RefreshEndpointConfiguration#refreshEndpoint:
      Did not match:
         - @ConditionalOnAvailableEndpoint no 'management.endpoints' property marked it as exposed (OnAvailableEndpointCondition)
      Matched:
         - @ConditionalOnBean (types: org.springframework.cloud.context.refresh.ContextRefresher; SearchStrategy: all) found bean 'configDataContextRefresher'; @ConditionalOnMissingBean (types: org.springframework.cloud.endpoint.RefreshEndpoint; SearchStrategy: all) did not find any beans (OnBeanCondition)

   RepositoryRestMvcAutoConfiguration:
      Did not match:
         - @ConditionalOnClass did not find required class 'org.springframework.data.rest.webmvc.config.RepositoryRestMvcConfiguration' (OnClassCondition)

   RestartEndpointWithIntegrationConfiguration:
      Did not match:
         - @ConditionalOnClass did not find required class 'org.springframework.integration.monitor.IntegrationMBeanExporter' (OnClassCondition)

   RestartEndpointWithoutIntegrationConfiguration#restartEndpointWithoutIntegration:
      Did not match:
         - @ConditionalOnAvailableEndpoint no property management.endpoint.restart.enabled found so using endpoint default of false (OnAvailableEndpointCondition)

   Saml2RelyingPartyAutoConfiguration:
      Did not match:
         - @ConditionalOnClass did not find required class 'org.springframework.security.saml2.provider.service.registration.RelyingPartyRegistrationRepository' (OnClassCondition)

   ScheduledTasksEndpointAutoConfiguration:
      Did not match:
         - @ConditionalOnAvailableEndpoint no 'management.endpoints' property marked it as exposed (OnAvailableEndpointCondition)

   SecurityDataConfiguration:
      Did not match:
         - @ConditionalOnClass did not find required class 'org.springframework.security.data.repository.query.SecurityEvaluationContextExtension' (OnClassCondition)

   SecurityRequestMatchersManagementContextConfiguration.JerseyRequestMatcherConfiguration:
      Did not match:
         - @ConditionalOnClass did not find required class 'org.glassfish.jersey.server.ResourceConfig' (OnClassCondition)

   SendGridAutoConfiguration:
      Did not match:
         - @ConditionalOnClass did not find required class 'com.sendgrid.SendGrid' (OnClassCondition)

   ServiceRegistryAutoConfiguration.ServiceRegistryEndpointConfiguration:
      Did not match:
         - @ConditionalOnBean (types: org.springframework.cloud.client.serviceregistry.ServiceRegistry; SearchStrategy: all) did not find any beans of type org.springframework.cloud.client.serviceregistry.ServiceRegistry (OnBeanCondition)
      Matched:
         - @ConditionalOnClass found required class 'org.springframework.boot.actuate.endpoint.annotation.Endpoint' (OnClassCondition)

   ServletEndpointManagementContextConfiguration.JerseyServletEndpointManagementContextConfiguration:
      Did not match:
         - @ConditionalOnClass did not find required class 'org.glassfish.jersey.server.ResourceConfig' (OnClassCondition)

   ServletManagementContextAutoConfiguration.ApplicationContextFilterConfiguration:
      Did not match:
         - @ConditionalOnProperty (management.server.add-application-context-header=true) did not find property 'add-application-context-header' (OnPropertyCondition)

   ServletWebServerFactoryAutoConfiguration.ForwardedHeaderFilterConfiguration:
      Did not match:
         - @ConditionalOnProperty (server.forward-headers-strategy=framework) did not find property 'server.forward-headers-strategy' (OnPropertyCondition)

   ServletWebServerFactoryConfiguration.EmbeddedJetty:
      Did not match:
         - @ConditionalOnClass did not find required classes 'org.eclipse.jetty.server.Server', 'org.eclipse.jetty.util.Loader', 'org.eclipse.jetty.ee10.webapp.WebAppContext' (OnClassCondition)

   ServletWebServerFactoryConfiguration.EmbeddedUndertow:
      Did not match:
         - @ConditionalOnClass did not find required classes 'io.undertow.Undertow', 'org.xnio.SslClientAuthMode' (OnClassCondition)

   SessionAutoConfiguration:
      Did not match:
         - @ConditionalOnClass did not find required class 'org.springframework.session.Session' (OnClassCondition)

   SessionsEndpointAutoConfiguration:
      Did not match:
         - @ConditionalOnClass did not find required class 'org.springframework.session.FindByIndexNameSessionRepository' (OnClassCondition)

   ShutdownEndpointAutoConfiguration:
      Did not match:
         - @ConditionalOnAvailableEndpoint no property management.endpoint.shutdown.enabled found so using endpoint default of false (OnAvailableEndpointCondition)

   SignalFxMetricsExportAutoConfiguration:
      Did not match:
         - @ConditionalOnClass did not find required class 'io.micrometer.signalfx.SignalFxMeterRegistry' (OnClassCondition)

   SimpleReactiveDiscoveryClientAutoConfiguration:
      Did not match:
         - @ConditionalOnClass did not find required class 'org.springframework.web.reactive.function.client.WebClient' (OnClassCondition)

   SpringApplicationAdminJmxAutoConfiguration:
      Did not match:
         - @ConditionalOnProperty (spring.application.admin.enabled=true) did not find property 'enabled' (OnPropertyCondition)

   SpringBootWebSecurityConfiguration.SecurityFilterChainConfiguration:
      Did not match:
         - AllNestedConditions 1 matched 1 did not; NestedCondition on DefaultWebSecurityCondition.Beans @ConditionalOnMissingBean (types: org.springframework.security.web.SecurityFilterChain; SearchStrategy: all) found beans of type 'org.springframework.security.web.SecurityFilterChain' securityFilterChain; NestedCondition on DefaultWebSecurityCondition.Classes @ConditionalOnClass found required classes 'org.springframework.security.web.SecurityFilterChain', 'org.springframework.security.config.annotation.web.builders.HttpSecurity' (DefaultWebSecurityCondition)

   SpringBootWebSecurityConfiguration.WebSecurityEnablerConfiguration:
      Did not match:
         - @ConditionalOnMissingBean (names: springSecurityFilterChain; SearchStrategy: all) found beans named springSecurityFilterChain (OnBeanCondition)
      Matched:
         - @ConditionalOnClass found required class 'org.springframework.security.config.annotation.web.configuration.EnableWebSecurity' (OnClassCondition)

   SpringDocConfiguration#propertiesResolverForSchema:
      Did not match:
         - @ConditionalOnProperty (springdoc.api-docs.resolve-schema-properties) did not find property 'springdoc.api-docs.resolve-schema-properties' (OnPropertyCondition)

   SpringDocConfiguration#propertyCustomizingConverter:
      Did not match:
         - @ConditionalOnBean (types: org.springdoc.core.customizers.PropertyCustomizer; SearchStrategy: all) did not find any beans of type org.springdoc.core.customizers.PropertyCustomizer (OnBeanCondition)

   SpringDocConfiguration#springdocBeanFactoryPostProcessor:
      Did not match:
         - AnyNestedCondition 0 matched 2 did not; NestedCondition on CacheOrGroupedOpenApiCondition.OnCacheDisabled found non-matching nested conditions @ConditionalOnProperty (springdoc.cache.disabled) did not find property 'springdoc.cache.disabled'; NestedCondition on CacheOrGroupedOpenApiCondition.OnMultipleOpenApiSupportCondition AnyNestedCondition 0 matched 2 did not; NestedCondition on MultipleOpenApiSupportCondition.OnActuatorDifferentPort found non-matching nested conditions Management Port actual port type (SAME) did not match required type (DIFFERENT), @ConditionalOnProperty (springdoc.show-actuator) did not find property 'springdoc.show-actuator'; NestedCondition on MultipleOpenApiSupportCondition.OnMultipleOpenApiSupportCondition AnyNestedCondition 0 matched 2 did not; NestedCondition on MultipleOpenApiGroupsCondition.OnGroupConfigProperty @ConditionalOnProperty (springdoc.group-configs[0].group) did not find property 'springdoc.group-configs[0].group'; NestedCondition on MultipleOpenApiGroupsCondition.OnGroupedOpenApiBean @ConditionalOnBean (types: org.springdoc.core.models.GroupedOpenApi; SearchStrategy: all) did not find any beans of type org.springdoc.core.models.GroupedOpenApi (CacheOrGroupedOpenApiCondition)
      Matched:
         - @ConditionalOnClass found required class 'org.springframework.boot.context.properties.bind.BindResult' (OnClassCondition)

   SpringDocConfiguration#springdocBeanFactoryPostProcessor2:
      Did not match:
         - @ConditionalOnMissingClass found unwanted class 'org.springframework.boot.context.properties.bind.BindResult' (OnClassCondition)

   SpringDocConfiguration.SpringDocActuatorConfiguration:
      Did not match:
         - @ConditionalOnProperty (springdoc.show-actuator) did not find property 'springdoc.show-actuator' (OnPropertyCondition)
      Matched:
         - @ConditionalOnClass found required class 'org.springframework.boot.actuate.autoconfigure.endpoint.web.WebEndpointProperties' (OnClassCondition)

   SpringDocConfiguration.SpringDocRepositoryRestConfiguration:
      Did not match:
         - @ConditionalOnClass did not find required class 'org.springframework.data.rest.core.config.RepositoryRestConfiguration' (OnClassCondition)

   SpringDocConfiguration.SpringDocWebFluxSupportConfiguration:
      Did not match:
         - @ConditionalOnClass did not find required class 'reactor.core.publisher.Flux' (OnClassCondition)

   SpringDocDataRestConfiguration:
      Did not match:
         - @ConditionalOnClass did not find required class 'org.springframework.data.rest.core.config.RepositoryRestConfiguration' (OnClassCondition)

   SpringDocFunctionCatalogConfiguration:
      Did not match:
         - @ConditionalOnClass did not find required class 'org.springframework.cloud.function.web.function.FunctionEndpointInitializer' (OnClassCondition)

   SpringDocGroovyConfiguration:
      Did not match:
         - @ConditionalOnClass did not find required class 'groovy.lang.MetaClass' (OnClassCondition)

   SpringDocHateoasConfiguration:
      Did not match:
         - @ConditionalOnClass did not find required class 'org.springframework.hateoas.server.LinkRelationProvider' (OnClassCondition)

   SpringDocJacksonKotlinModuleConfiguration:
      Did not match:
         - @ConditionalOnClass did not find required class 'com.fasterxml.jackson.module.kotlin.KotlinModule' (OnClassCondition)

   SpringDocJavadocConfiguration:
      Did not match:
         - @ConditionalOnClass did not find required class 'com.github.therapi.runtimejavadoc.CommentFormatter' (OnClassCondition)

   SpringDocKotlinConfiguration:
      Did not match:
         - @ConditionalOnClass did not find required class 'kotlin.coroutines.Continuation' (OnClassCondition)

   SpringDocKotlinxConfiguration:
      Did not match:
         - @ConditionalOnClass did not find required class 'kotlinx.coroutines.flow.Flow' (OnClassCondition)

   SpringDocSecurityConfiguration.SpringDocSecurityOAuth2Configuration:
      Did not match:
         - @ConditionalOnClass did not find required class 'org.springframework.security.oauth2.server.authorization.OAuth2AuthorizationService' (OnClassCondition)

   SpringDocSecurityConfiguration.SpringSecurityLoginEndpointConfiguration#springSecurityLoginEndpointCustomiser:
      Did not match:
         - @ConditionalOnProperty (springdoc.show-login-endpoint) did not find property 'springdoc.show-login-endpoint' (OnPropertyCondition)

   SpringDocSortConfiguration#delegatingMethodParameterCustomizer:
      Did not match:
         - @ConditionalOnMissingBean (types: org.springdoc.core.customizers.DelegatingMethodParameterCustomizer; SearchStrategy: all) found beans of type 'org.springdoc.core.customizers.DelegatingMethodParameterCustomizer' delegatingMethodParameterCustomizer (OnBeanCondition)

   SpringDocWebMvcConfiguration.SpringDocWebMvcActuatorConfiguration#actuatorProvider:
      Did not match:
         - @ConditionalOnExpression (#{${springdoc.show-actuator:false} or ${springdoc.use-management-port:false}}) resulted in false (OnExpressionCondition)

   SpringDocWebMvcConfiguration.SpringDocWebMvcActuatorConfiguration#openApiActuatorResource:
      Did not match:
         - @ConditionalOnExpression (#{${springdoc.use-management-port:false} and ${springdoc.enable-default-api-docs:true}}) resulted in false (OnExpressionCondition)

   StackdriverMetricsExportAutoConfiguration:
      Did not match:
         - @ConditionalOnClass did not find required class 'io.micrometer.stackdriver.StackdriverMeterRegistry' (OnClassCondition)

   StartupEndpointAutoConfiguration:
      Did not match:
         - ApplicationStartup configured applicationStartup is of type class org.springframework.core.metrics.DefaultApplicationStartup, expected BufferingApplicationStartup. (StartupEndpointAutoConfiguration.ApplicationStartupCondition)

   StatsdMetricsExportAutoConfiguration:
      Did not match:
         - @ConditionalOnClass did not find required class 'io.micrometer.statsd.StatsdMeterRegistry' (OnClassCondition)

   SwaggerConfig#springWebProvider:
      Did not match:
         - @ConditionalOnMissingBean (types: org.springdoc.core.providers.SpringWebProvider; SearchStrategy: all) found beans of type 'org.springdoc.core.providers.SpringWebProvider' springWebProvider (OnBeanCondition)

   SwaggerConfig#swaggerUiConfigParameters:
      Did not match:
         - @ConditionalOnMissingBean (types: org.springdoc.core.properties.SwaggerUiConfigParameters; SearchStrategy: all) found beans of type 'org.springdoc.core.properties.SwaggerUiConfigParameters' org.springdoc.core.properties.SwaggerUiConfigParameters (OnBeanCondition)

   SwaggerConfig#swaggerUiHome:
      Did not match:
         - @ConditionalOnProperty (springdoc.swagger-ui.use-root-path=true) did not find property 'springdoc.swagger-ui.use-root-path' (OnPropertyCondition)

   SwaggerConfig.SwaggerActuatorWelcomeConfiguration:
      Did not match:
         - @ConditionalOnProperty (springdoc.use-management-port) did not find property 'springdoc.use-management-port' (OnPropertyCondition)
      Matched:
         - @ConditionalOnClass found required class 'org.springframework.boot.actuate.endpoint.web.servlet.WebMvcEndpointHandlerMapping' (OnClassCondition)

   TaskExecutorConfigurations.SimpleAsyncTaskExecutorBuilderConfiguration#simpleAsyncTaskExecutorBuilderVirtualThreads:
      Did not match:
         - @ConditionalOnMissingBean (types: org.springframework.boot.task.SimpleAsyncTaskExecutorBuilder; SearchStrategy: all) found beans of type 'org.springframework.boot.task.SimpleAsyncTaskExecutorBuilder' simpleAsyncTaskExecutorBuilder (OnBeanCondition)

   TaskExecutorConfigurations.TaskExecutorConfiguration#applicationTaskExecutorVirtualThreads:
      Did not match:
         - @ConditionalOnThreading did not find VIRTUAL (OnThreadingCondition)

   TaskSchedulingAutoConfiguration#scheduledBeanLazyInitializationExcludeFilter:
      Did not match:
         - @ConditionalOnBean (names: org.springframework.context.annotation.internalScheduledAnnotationProcessor; SearchStrategy: all) did not find any beans named org.springframework.context.annotation.internalScheduledAnnotationProcessor (OnBeanCondition)

   TaskSchedulingConfigurations.SimpleAsyncTaskSchedulerBuilderConfiguration#simpleAsyncTaskSchedulerBuilderVirtualThreads:
      Did not match:
         - @ConditionalOnMissingBean (types: org.springframework.boot.task.SimpleAsyncTaskSchedulerBuilder; SearchStrategy: all) found beans of type 'org.springframework.boot.task.SimpleAsyncTaskSchedulerBuilder' simpleAsyncTaskSchedulerBuilder (OnBeanCondition)

   TaskSchedulingConfigurations.TaskSchedulerConfiguration:
      Did not match:
         - @ConditionalOnBean (names: org.springframework.context.annotation.internalScheduledAnnotationProcessor; SearchStrategy: all) did not find any beans named org.springframework.context.annotation.internalScheduledAnnotationProcessor (OnBeanCondition)

   ThreadDumpEndpointAutoConfiguration:
      Did not match:
         - @ConditionalOnAvailableEndpoint no 'management.endpoints' property marked it as exposed (OnAvailableEndpointCondition)

   ThymeleafAutoConfiguration:
      Did not match:
         - @ConditionalOnClass did not find required class 'org.thymeleaf.spring6.SpringTemplateEngine' (OnClassCondition)

   TransactionAutoConfiguration#transactionalOperator:
      Did not match:
         - @ConditionalOnSingleCandidate (types: org.springframework.transaction.ReactiveTransactionManager; SearchStrategy: all) did not find any beans (OnBeanCondition)

   TransactionAutoConfiguration.AspectJTransactionManagementConfiguration:
      Did not match:
         - @ConditionalOnBean (types: org.springframework.transaction.aspectj.AbstractTransactionAspect; SearchStrategy: all) did not find any beans of type org.springframework.transaction.aspectj.AbstractTransactionAspect (OnBeanCondition)

   TransactionAutoConfiguration.EnableTransactionManagementConfiguration.JdkDynamicAutoProxyConfiguration:
      Did not match:
         - @ConditionalOnProperty (spring.aop.proxy-target-class=false) did not find property 'proxy-target-class' (OnPropertyCondition)

   UserDetailsServiceAutoConfiguration:
      Did not match:
         - @ConditionalOnMissingBean (types: org.springframework.security.authentication.AuthenticationManager,org.springframework.security.authentication.AuthenticationProvider,org.springframework.security.core.userdetails.UserDetailsService,org.springframework.security.authentication.AuthenticationManagerResolver,org.springframework.security.oauth2.jwt.JwtDecoder; SearchStrategy: all) found beans of type 'org.springframework.security.core.userdetails.UserDetailsService' customUserDetailsService (OnBeanCondition)
      Matched:
         - @ConditionalOnClass found required class 'org.springframework.security.authentication.AuthenticationManager'; @ConditionalOnMissingClass did not find unwanted classes 'org.springframework.security.oauth2.client.registration.ClientRegistrationRepository', 'org.springframework.security.oauth2.server.resource.introspection.OpaqueTokenIntrospector', 'org.springframework.security.saml2.provider.service.registration.RelyingPartyRegistrationRepository' (OnClassCondition)

   ValidationAutoConfiguration:
      Did not match:
         - @ConditionalOnResource did not find resource 'classpath:META-INF/services/jakarta.validation.spi.ValidationProvider' (OnResourceCondition)
      Matched:
         - @ConditionalOnClass found required class 'jakarta.validation.executable.ExecutableValidator' (OnClassCondition)

   WavefrontAutoConfiguration:
      Did not match:
         - @ConditionalOnClass did not find required class 'com.wavefront.sdk.common.application.ApplicationTags' (OnClassCondition)

   WavefrontMetricsExportAutoConfiguration:
      Did not match:
         - @ConditionalOnClass did not find required class 'com.wavefront.sdk.common.WavefrontSender' (OnClassCondition)

   WavefrontTracingAutoConfiguration:
      Did not match:
         - @ConditionalOnClass did not find required class 'com.wavefront.sdk.common.WavefrontSender' (OnClassCondition)

   WebClientAutoConfiguration:
      Did not match:
         - @ConditionalOnClass did not find required class 'org.springframework.web.reactive.function.client.WebClient' (OnClassCondition)

   WebClientObservationConfiguration:
      Did not match:
         - @ConditionalOnClass did not find required class 'org.springframework.web.reactive.function.client.WebClient' (OnClassCondition)

   WebFluxAutoConfiguration:
      Did not match:
         - @ConditionalOnClass did not find required class 'org.springframework.web.reactive.config.WebFluxConfigurer' (OnClassCondition)

   WebFluxEndpointManagementContextConfiguration:
      Did not match:
         - @ConditionalOnClass did not find required class 'org.springframework.web.reactive.DispatcherHandler' (OnClassCondition)

   WebFluxObservationAutoConfiguration:
      Did not match:
         - @ConditionalOnWebApplication did not find reactive web application classes (OnWebApplicationCondition)

   WebMvcAutoConfiguration#hiddenHttpMethodFilter:
      Did not match:
         - @ConditionalOnProperty (spring.mvc.hiddenmethod.filter.enabled) did not find property 'enabled' (OnPropertyCondition)

   WebMvcAutoConfiguration.ProblemDetailsErrorHandlingConfiguration:
      Did not match:
         - @ConditionalOnProperty (spring.mvc.problemdetails.enabled=true) did not find property 'enabled' (OnPropertyCondition)

   WebMvcAutoConfiguration.ResourceChainCustomizerConfiguration:
      Did not match:
         - @ConditionalOnEnabledResourceChain did not find class org.webjars.WebJarAssetLocator (OnEnabledResourceChainCondition)

   WebMvcAutoConfiguration.WebMvcAutoConfigurationAdapter#beanNameViewResolver:
      Did not match:
         - @ConditionalOnMissingBean (types: org.springframework.web.servlet.view.BeanNameViewResolver; SearchStrategy: all) found beans of type 'org.springframework.web.servlet.view.BeanNameViewResolver' beanNameViewResolver (OnBeanCondition)

   WebMvcEndpointManagementContextConfiguration#managementHealthEndpointWebMvcHandlerMapping:
      Did not match:
         - Management Port actual port type (SAME) did not match required type (DIFFERENT) (OnManagementPortCondition)

   WebServiceTemplateAutoConfiguration:
      Did not match:
         - @ConditionalOnClass did not find required class 'org.springframework.oxm.Marshaller' (OnClassCondition)

   WebServicesAutoConfiguration:
      Did not match:
         - @ConditionalOnClass did not find required class 'org.springframework.ws.transport.http.MessageDispatcherServlet' (OnClassCondition)

   WebSessionIdResolverAutoConfiguration:
      Did not match:
         - @ConditionalOnClass did not find required class 'reactor.core.publisher.Mono' (OnClassCondition)

   WebSocketMessagingAutoConfiguration:
      Did not match:
         - @ConditionalOnClass did not find required class 'org.springframework.web.socket.config.annotation.WebSocketMessageBrokerConfigurer' (OnClassCondition)

   WebSocketReactiveAutoConfiguration:
      Did not match:
         - @ConditionalOnWebApplication did not find reactive web application classes (OnWebApplicationCondition)

   WebSocketServletAutoConfiguration.JettyWebSocketConfiguration:
      Did not match:
         - @ConditionalOnClass did not find required class 'org.eclipse.jetty.ee10.websocket.jakarta.server.config.JakartaWebSocketServletContainerInitializer' (OnClassCondition)

   WebSocketServletAutoConfiguration.UndertowWebSocketConfiguration:
      Did not match:
         - @ConditionalOnClass did not find required class 'io.undertow.websockets.jsr.Bootstrap' (OnClassCondition)

   WritableEnvironmentEndpointAutoConfiguration:
      Did not match:
         - @ConditionalOnProperty (management.endpoint.env.post.enabled) did not find property 'management.endpoint.env.post.enabled' (OnPropertyCondition)
      Matched:
         - @ConditionalOnClass found required classes 'org.springframework.boot.actuate.env.EnvironmentEndpoint', 'org.springframework.boot.actuate.autoconfigure.env.EnvironmentEndpointProperties' (OnClassCondition)

   XADataSourceAutoConfiguration:
      Did not match:
         - @ConditionalOnBean (types: org.springframework.boot.jdbc.XADataSourceWrapper; SearchStrategy: all) did not find any beans of type org.springframework.boot.jdbc.XADataSourceWrapper (OnBeanCondition)
      Matched:
         - @ConditionalOnClass found required classes 'javax.sql.DataSource', 'jakarta.transaction.TransactionManager', 'org.springframework.jdbc.datasource.embedded.EmbeddedDatabaseType' (OnClassCondition)

   ZipkinAutoConfiguration:
      Did not match:
         - @ConditionalOnClass did not find required class 'zipkin2.reporter.Sender' (OnClassCondition)


Exclusions:
-----------

    None


Unconditional classes:
----------------------

    org.springframework.boot.autoconfigure.context.ConfigurationPropertiesAutoConfiguration

    org.springframework.cloud.client.ReactiveCommonsClientAutoConfiguration

    org.springframework.boot.actuate.autoconfigure.availability.AvailabilityHealthContributorAutoConfiguration

    org.springframework.boot.autoconfigure.ssl.SslAutoConfiguration

    org.springframework.boot.actuate.autoconfigure.info.InfoContributorAutoConfiguration

    org.springframework.cloud.client.discovery.simple.SimpleDiscoveryClientAutoConfiguration

    org.springframework.boot.autoconfigure.context.PropertyPlaceholderAutoConfiguration

    org.springframework.boot.autoconfigure.context.LifecycleAutoConfiguration

    org.springframework.cloud.client.CommonsClientAutoConfiguration

    org.springframework.boot.actuate.autoconfigure.metrics.integration.IntegrationMetricsAutoConfiguration

    org.springframework.boot.actuate.autoconfigure.endpoint.EndpointAutoConfiguration

    org.springframework.cloud.commons.config.CommonsConfigAutoConfiguration

    org.springframework.boot.actuate.autoconfigure.web.server.ManagementContextAutoConfiguration

    org.springframework.cloud.client.loadbalancer.LoadBalancerDefaultMappingsProviderAutoConfiguration

    org.springframework.cloud.client.discovery.composite.CompositeDiscoveryClientAutoConfiguration

    org.springframework.boot.actuate.autoconfigure.health.HealthContributorAutoConfiguration

    org.springframework.cloud.client.serviceregistry.ServiceRegistryAutoConfiguration

    org.springframework.cloud.autoconfigure.LifecycleMvcEndpointAutoConfiguration

    org.springframework.boot.actuate.autoconfigure.endpoint.jackson.JacksonEndpointAutoConfiguration

    org.springdoc.core.configuration.SpringDocSpecPropertiesConfiguration

    org.springframework.boot.autoconfigure.availability.ApplicationAvailabilityAutoConfiguration

    org.springframework.boot.autoconfigure.info.ProjectInfoAutoConfiguration



2026-01-14T17:20:35.346-05:00  INFO 102707 --- [Main] [JavaFX-Launcher] o.s.boot.SpringApplication               : Started application in 8.856 seconds (process running for 9.523)
2026-01-14T17:20:35.479-05:00  INFO 102707 --- [Main] [JavaFX-Launcher] com.rep.config.DataLoader                : Admin con identificación 22 ya existe, no se crea.
2026-01-14T17:20:48.759-05:00  INFO 102707 --- [Main] [http-nio-8080-exec-1] o.a.c.c.C.[Tomcat].[localhost].[/]       : Initializing Spring DispatcherServlet 'dispatcherServlet'
2026-01-14T17:20:48.759-05:00  INFO 102707 --- [Main] [http-nio-8080-exec-1] o.s.web.servlet.DispatcherServlet        : Initializing Servlet 'dispatcherServlet'
2026-01-14T17:20:48.759-05:00 DEBUG 102707 --- [Main] [http-nio-8080-exec-1] o.s.web.servlet.DispatcherServlet        : Detected StandardServletMultipartResolver
2026-01-14T17:20:48.760-05:00 DEBUG 102707 --- [Main] [http-nio-8080-exec-1] o.s.web.servlet.DispatcherServlet        : Detected AcceptHeaderLocaleResolver
2026-01-14T17:20:48.760-05:00 DEBUG 102707 --- [Main] [http-nio-8080-exec-1] o.s.web.servlet.DispatcherServlet        : Detected FixedThemeResolver
2026-01-14T17:20:48.761-05:00 DEBUG 102707 --- [Main] [http-nio-8080-exec-1] o.s.web.servlet.DispatcherServlet        : Detected org.springframework.web.servlet.view.DefaultRequestToViewNameTranslator@506cda7f
2026-01-14T17:20:48.762-05:00 DEBUG 102707 --- [Main] [http-nio-8080-exec-1] o.s.web.servlet.DispatcherServlet        : Detected org.springframework.web.servlet.support.SessionFlashMapManager@1400f19b
2026-01-14T17:20:48.762-05:00 DEBUG 102707 --- [Main] [http-nio-8080-exec-1] o.s.web.servlet.DispatcherServlet        : enableLoggingRequestDetails='false': request parameters and headers will be masked to prevent unsafe logging of potentially sensitive data
2026-01-14T17:20:48.762-05:00  INFO 102707 --- [Main] [http-nio-8080-exec-1] o.s.web.servlet.DispatcherServlet        : Completed initialization in 3 ms
2026-01-14T17:20:48.780-05:00 DEBUG 102707 --- [Main] [http-nio-8080-exec-1] o.s.security.web.FilterChainProxy        : Securing POST /api/auth/login
2026-01-14T17:20:48.793-05:00 DEBUG 102707 --- [Main] [http-nio-8080-exec-1] o.s.s.w.a.AnonymousAuthenticationFilter  : Set SecurityContextHolder to anonymous SecurityContext
2026-01-14T17:20:48.795-05:00  WARN 102707 --- [Main] [http-nio-8080-exec-1] o.s.w.s.h.HandlerMappingIntrospector     : Cache miss for REQUEST dispatch to '/api/auth/login' (previous null). Performing MatchableHandlerMapping lookup. This is logged once only at WARN level, and every time at TRACE.
2026-01-14T17:20:48.801-05:00 DEBUG 102707 --- [Main] [http-nio-8080-exec-1] o.s.security.web.FilterChainProxy        : Secured POST /api/auth/login
2026-01-14T17:20:48.802-05:00  INFO 102707 --- [Main] [http-nio-8080-exec-1] com.rep.config.SecurityDebugFilter       : === SECURITY DEBUG ===
2026-01-14T17:20:48.802-05:00  INFO 102707 --- [Main] [http-nio-8080-exec-1] com.rep.config.SecurityDebugFilter       : Endpoint: POST /api/auth/login
2026-01-14T17:20:48.802-05:00  INFO 102707 --- [Main] [http-nio-8080-exec-1] com.rep.config.SecurityDebugFilter       : Authenticated: true
2026-01-14T17:20:48.802-05:00  INFO 102707 --- [Main] [http-nio-8080-exec-1] com.rep.config.SecurityDebugFilter       : Principal: anonymousUser
2026-01-14T17:20:48.802-05:00  INFO 102707 --- [Main] [http-nio-8080-exec-1] com.rep.config.SecurityDebugFilter       : Authorities: [ROLE_ANONYMOUS]
2026-01-14T17:20:48.803-05:00 DEBUG 102707 --- [Main] [http-nio-8080-exec-1] o.s.web.servlet.DispatcherServlet        : POST "/api/auth/login", parameters={}
2026-01-14T17:20:48.806-05:00 DEBUG 102707 --- [Main] [http-nio-8080-exec-1] s.w.s.m.m.a.RequestMappingHandlerMapping : Mapped to com.rep.controller.apis.AuthController#login(LoginRequest)
2026-01-14T17:20:48.891-05:00 DEBUG 102707 --- [Main] [http-nio-8080-exec-1] m.m.a.RequestResponseBodyMethodProcessor : Read "application/json;charset=UTF-8" to [com.rep.dto.auth.LoginRequest@2f6d7417]
2026-01-14T17:20:49.031-05:00 DEBUG 102707 --- [Main] [http-nio-8080-exec-1] o.s.w.s.m.m.a.HttpEntityMethodProcessor  : Using 'application/json', given [application/json, application/*+json] and supported [application/json, application/*+json]
2026-01-14T17:20:49.033-05:00 DEBUG 102707 --- [Main] [http-nio-8080-exec-1] o.s.w.s.m.m.a.HttpEntityMethodProcessor  : Writing [LoginResponse(usuario=AuthUsuarioDTO(id=2, nombre=PROFE, correo=Profe@gmail.com, identificacion=1, r (truncated)...]
2026-01-14T17:20:49.043-05:00 DEBUG 102707 --- [Main] [http-nio-8080-exec-1] o.s.web.servlet.DispatcherServlet        : Completed 200 OK
2026-01-14T17:20:49.140-05:00 DEBUG 102707 --- [Main] [http-nio-8080-exec-2] o.s.security.web.FilterChainProxy        : Securing GET /api/profesor/cursos
2026-01-14T17:20:49.169-05:00 DEBUG 102707 --- [Main] [http-nio-8080-exec-2] o.s.security.web.FilterChainProxy        : Secured GET /api/profesor/cursos
2026-01-14T17:20:49.170-05:00  INFO 102707 --- [Main] [http-nio-8080-exec-2] com.rep.config.SecurityDebugFilter       : === SECURITY DEBUG ===
2026-01-14T17:20:49.170-05:00  INFO 102707 --- [Main] [http-nio-8080-exec-2] com.rep.config.SecurityDebugFilter       : Endpoint: GET /api/profesor/cursos
2026-01-14T17:20:49.170-05:00  INFO 102707 --- [Main] [http-nio-8080-exec-2] com.rep.config.SecurityDebugFilter       : Authenticated: true
2026-01-14T17:20:49.170-05:00  INFO 102707 --- [Main] [http-nio-8080-exec-2] com.rep.config.SecurityDebugFilter       : Principal: 1
2026-01-14T17:20:49.170-05:00  INFO 102707 --- [Main] [http-nio-8080-exec-2] com.rep.config.SecurityDebugFilter       : Authorities: [PROFESOR]
2026-01-14T17:20:49.170-05:00 DEBUG 102707 --- [Main] [http-nio-8080-exec-2] o.s.web.servlet.DispatcherServlet        : GET "/api/profesor/cursos", parameters={}
2026-01-14T17:20:49.170-05:00 DEBUG 102707 --- [Main] [http-nio-8080-exec-2] s.w.s.m.m.a.RequestMappingHandlerMapping : Mapped to com.rep.controller.apis.ProfesorApi#getCursosByProfesor(Usuario)
2026-01-14T17:20:49.217-05:00 DEBUG 102707 --- [Main] [http-nio-8080-exec-2] o.s.w.s.m.m.a.HttpEntityMethodProcessor  : Using 'application/json', given [application/json, application/*+json] and supported [application/json, application/*+json]
2026-01-14T17:20:49.218-05:00 DEBUG 102707 --- [Main] [http-nio-8080-exec-2] o.s.w.s.m.m.a.HttpEntityMethodProcessor  : Writing [[8 - A]]
2026-01-14T17:20:49.220-05:00 DEBUG 102707 --- [Main] [http-nio-8080-exec-2] o.s.web.servlet.DispatcherServlet        : Completed 200 OK
2026-01-14T17:44:49.595-05:00 DEBUG 102707 --- [Main] [http-nio-8080-exec-4] o.s.security.web.FilterChainProxy        : Securing POST /api/auth/login
2026-01-14T17:44:49.597-05:00 DEBUG 102707 --- [Main] [http-nio-8080-exec-4] o.s.s.w.a.AnonymousAuthenticationFilter  : Set SecurityContextHolder to anonymous SecurityContext
2026-01-14T17:44:49.598-05:00 DEBUG 102707 --- [Main] [http-nio-8080-exec-4] o.s.security.web.FilterChainProxy        : Secured POST /api/auth/login
2026-01-14T17:44:49.598-05:00  INFO 102707 --- [Main] [http-nio-8080-exec-4] com.rep.config.SecurityDebugFilter       : === SECURITY DEBUG ===
2026-01-14T17:44:49.598-05:00  INFO 102707 --- [Main] [http-nio-8080-exec-4] com.rep.config.SecurityDebugFilter       : Endpoint: POST /api/auth/login
2026-01-14T17:44:49.598-05:00  INFO 102707 --- [Main] [http-nio-8080-exec-4] com.rep.config.SecurityDebugFilter       : Authenticated: true
2026-01-14T17:44:49.598-05:00  INFO 102707 --- [Main] [http-nio-8080-exec-4] com.rep.config.SecurityDebugFilter       : Principal: anonymousUser
2026-01-14T17:44:49.598-05:00  INFO 102707 --- [Main] [http-nio-8080-exec-4] com.rep.config.SecurityDebugFilter       : Authorities: [ROLE_ANONYMOUS]
2026-01-14T17:44:49.599-05:00 DEBUG 102707 --- [Main] [http-nio-8080-exec-4] o.s.web.servlet.DispatcherServlet        : POST "/api/auth/login", parameters={}
2026-01-14T17:44:49.599-05:00 DEBUG 102707 --- [Main] [http-nio-8080-exec-4] s.w.s.m.m.a.RequestMappingHandlerMapping : Mapped to com.rep.controller.apis.AuthController#login(LoginRequest)
2026-01-14T17:44:49.602-05:00 DEBUG 102707 --- [Main] [http-nio-8080-exec-4] m.m.a.RequestResponseBodyMethodProcessor : Read "application/json;charset=UTF-8" to [com.rep.dto.auth.LoginRequest@207883da]
2026-01-14T17:44:49.676-05:00 DEBUG 102707 --- [Main] [http-nio-8080-exec-4] o.s.w.s.m.m.a.HttpEntityMethodProcessor  : Using 'application/json', given [application/json, application/*+json] and supported [application/json, application/*+json]
2026-01-14T17:44:49.676-05:00 DEBUG 102707 --- [Main] [http-nio-8080-exec-4] o.s.w.s.m.m.a.HttpEntityMethodProcessor  : Writing [LoginResponse(usuario=AuthUsuarioDTO(id=2, nombre=PROFE, correo=Profe@gmail.com, identificacion=1, r (truncated)...]
2026-01-14T17:44:49.677-05:00 DEBUG 102707 --- [Main] [http-nio-8080-exec-4] o.s.web.servlet.DispatcherServlet        : Completed 200 OK
2026-01-14T17:44:49.836-05:00 DEBUG 102707 --- [Main] [http-nio-8080-exec-5] o.s.security.web.FilterChainProxy        : Securing GET /api/profesor/cursos
2026-01-14T17:44:49.855-05:00 DEBUG 102707 --- [Main] [http-nio-8080-exec-5] o.s.security.web.FilterChainProxy        : Secured GET /api/profesor/cursos
2026-01-14T17:44:49.856-05:00  INFO 102707 --- [Main] [http-nio-8080-exec-5] com.rep.config.SecurityDebugFilter       : === SECURITY DEBUG ===
2026-01-14T17:44:49.856-05:00  INFO 102707 --- [Main] [http-nio-8080-exec-5] com.rep.config.SecurityDebugFilter       : Endpoint: GET /api/profesor/cursos
2026-01-14T17:44:49.856-05:00  INFO 102707 --- [Main] [http-nio-8080-exec-5] com.rep.config.SecurityDebugFilter       : Authenticated: true
2026-01-14T17:44:49.859-05:00  INFO 102707 --- [Main] [http-nio-8080-exec-5] com.rep.config.SecurityDebugFilter       : Principal: 1
2026-01-14T17:44:49.859-05:00  INFO 102707 --- [Main] [http-nio-8080-exec-5] com.rep.config.SecurityDebugFilter       : Authorities: [PROFESOR]
2026-01-14T17:44:49.860-05:00 DEBUG 102707 --- [Main] [http-nio-8080-exec-5] o.s.web.servlet.DispatcherServlet        : GET "/api/profesor/cursos", parameters={}
2026-01-14T17:44:49.864-05:00 DEBUG 102707 --- [Main] [http-nio-8080-exec-5] s.w.s.m.m.a.RequestMappingHandlerMapping : Mapped to com.rep.controller.apis.ProfesorApi#getCursosByProfesor(Usuario)
2026-01-14T17:44:49.887-05:00 DEBUG 102707 --- [Main] [http-nio-8080-exec-5] o.s.w.s.m.m.a.HttpEntityMethodProcessor  : Using 'application/json', given [application/json, application/*+json] and supported [application/json, application/*+json]
2026-01-14T17:44:49.888-05:00 DEBUG 102707 --- [Main] [http-nio-8080-exec-5] o.s.w.s.m.m.a.HttpEntityMethodProcessor  : Writing [[8 - A]]
2026-01-14T17:44:49.889-05:00 DEBUG 102707 --- [Main] [http-nio-8080-exec-5] o.s.web.servlet.DispatcherServlet        : Completed 200 OK
2026-01-14T17:44:49.917-05:00 DEBUG 102707 --- [Main] [http-nio-8080-exec-6] o.s.security.web.FilterChainProxy        : Securing GET /api/profesor/materias
2026-01-14T17:44:49.940-05:00 DEBUG 102707 --- [Main] [http-nio-8080-exec-6] o.s.security.web.FilterChainProxy        : Secured GET /api/profesor/materias
2026-01-14T17:44:49.940-05:00  INFO 102707 --- [Main] [http-nio-8080-exec-6] com.rep.config.SecurityDebugFilter       : === SECURITY DEBUG ===
2026-01-14T17:44:49.940-05:00  INFO 102707 --- [Main] [http-nio-8080-exec-6] com.rep.config.SecurityDebugFilter       : Endpoint: GET /api/profesor/materias
2026-01-14T17:44:49.940-05:00  INFO 102707 --- [Main] [http-nio-8080-exec-6] com.rep.config.SecurityDebugFilter       : Authenticated: true
2026-01-14T17:44:49.940-05:00  INFO 102707 --- [Main] [http-nio-8080-exec-6] com.rep.config.SecurityDebugFilter       : Principal: 1
2026-01-14T17:44:49.940-05:00  INFO 102707 --- [Main] [http-nio-8080-exec-6] com.rep.config.SecurityDebugFilter       : Authorities: [PROFESOR]
2026-01-14T17:44:49.941-05:00 DEBUG 102707 --- [Main] [http-nio-8080-exec-6] o.s.web.servlet.DispatcherServlet        : GET "/api/profesor/materias", parameters={}
2026-01-14T17:44:49.941-05:00 DEBUG 102707 --- [Main] [http-nio-8080-exec-6] s.w.s.m.m.a.RequestMappingHandlerMapping : Mapped to com.rep.controller.apis.ProfesorApi#getMateriasAsignadas(Usuario)
2026-01-14T17:44:49.967-05:00 DEBUG 102707 --- [Main] [http-nio-8080-exec-6] o.s.w.s.m.m.a.HttpEntityMethodProcessor  : Using 'application/json', given [application/json, application/*+json] and supported [application/json, application/*+json]
2026-01-14T17:44:49.968-05:00 DEBUG 102707 --- [Main] [http-nio-8080-exec-6] o.s.w.s.m.m.a.HttpEntityMethodProcessor  : Writing [[Materia{id=1, nombre='Prueba'}]]
2026-01-14T17:44:49.973-05:00 DEBUG 102707 --- [Main] [http-nio-8080-exec-6] o.s.web.servlet.DispatcherServlet        : Completed 200 OK
2026-01-14T17:44:53.638-05:00 DEBUG 102707 --- [Main] [http-nio-8080-exec-7] o.s.security.web.FilterChainProxy        : Securing GET /api/actividades?cursoId=1&materiaId=1
2026-01-14T17:44:53.657-05:00 DEBUG 102707 --- [Main] [http-nio-8080-exec-7] o.s.security.web.FilterChainProxy        : Secured GET /api/actividades?cursoId=1&materiaId=1
2026-01-14T17:44:53.657-05:00  INFO 102707 --- [Main] [http-nio-8080-exec-7] com.rep.config.SecurityDebugFilter       : === SECURITY DEBUG ===
2026-01-14T17:44:53.658-05:00  INFO 102707 --- [Main] [http-nio-8080-exec-7] com.rep.config.SecurityDebugFilter       : Endpoint: GET /api/actividades
2026-01-14T17:44:53.658-05:00  INFO 102707 --- [Main] [http-nio-8080-exec-7] com.rep.config.SecurityDebugFilter       : Authenticated: true
2026-01-14T17:44:53.658-05:00  INFO 102707 --- [Main] [http-nio-8080-exec-7] com.rep.config.SecurityDebugFilter       : Principal: 1
2026-01-14T17:44:53.658-05:00  INFO 102707 --- [Main] [http-nio-8080-exec-7] com.rep.config.SecurityDebugFilter       : Authorities: [PROFESOR]
2026-01-14T17:44:53.660-05:00 DEBUG 102707 --- [Main] [http-nio-8080-exec-7] o.s.web.servlet.DispatcherServlet        : GET "/api/actividades?cursoId=1&materiaId=1", parameters={masked}
2026-01-14T17:44:53.661-05:00 DEBUG 102707 --- [Main] [http-nio-8080-exec-7] s.w.s.m.m.a.RequestMappingHandlerMapping : Mapped to com.rep.controller.apis.ActividadApi#listarActividades(Long, Long, Usuario)
2026-01-14T17:44:53.710-05:00 DEBUG 102707 --- [Main] [http-nio-8080-exec-7] o.s.w.s.m.m.a.HttpEntityMethodProcessor  : Using 'application/json', given [application/json, application/*+json] and supported [application/json, application/*+json]
2026-01-14T17:44:53.711-05:00 DEBUG 102707 --- [Main] [http-nio-8080-exec-7] o.s.w.s.m.m.a.HttpEntityMethodProcessor  : Writing [[ActividadDTO(id=1, duracionMinutos=60, titulo=pruebaunitaria, tipo=EXAMEN, descripcion=, fechaEntre (truncated)...]
2026-01-14T17:44:53.718-05:00 DEBUG 102707 --- [Main] [http-nio-8080-exec-7] o.s.web.servlet.DispatcherServlet        : Completed 200 OK
2026-01-14T17:45:32.427-05:00 DEBUG 102707 --- [Main] [http-nio-8080-exec-8] o.s.security.web.FilterChainProxy        : Securing POST /api/auth/login
2026-01-14T17:45:32.430-05:00 DEBUG 102707 --- [Main] [http-nio-8080-exec-8] o.s.s.w.a.AnonymousAuthenticationFilter  : Set SecurityContextHolder to anonymous SecurityContext
2026-01-14T17:45:32.434-05:00 DEBUG 102707 --- [Main] [http-nio-8080-exec-8] o.s.security.web.FilterChainProxy        : Secured POST /api/auth/login
2026-01-14T17:45:32.435-05:00  INFO 102707 --- [Main] [http-nio-8080-exec-8] com.rep.config.SecurityDebugFilter       : === SECURITY DEBUG ===
2026-01-14T17:45:32.435-05:00  INFO 102707 --- [Main] [http-nio-8080-exec-8] com.rep.config.SecurityDebugFilter       : Endpoint: POST /api/auth/login
2026-01-14T17:45:32.435-05:00  INFO 102707 --- [Main] [http-nio-8080-exec-8] com.rep.config.SecurityDebugFilter       : Authenticated: true
2026-01-14T17:45:32.436-05:00  INFO 102707 --- [Main] [http-nio-8080-exec-8] com.rep.config.SecurityDebugFilter       : Principal: anonymousUser
2026-01-14T17:45:32.436-05:00  INFO 102707 --- [Main] [http-nio-8080-exec-8] com.rep.config.SecurityDebugFilter       : Authorities: [ROLE_ANONYMOUS]
2026-01-14T17:45:32.436-05:00 DEBUG 102707 --- [Main] [http-nio-8080-exec-8] o.s.web.servlet.DispatcherServlet        : POST "/api/auth/login", parameters={}
2026-01-14T17:45:32.437-05:00 DEBUG 102707 --- [Main] [http-nio-8080-exec-8] s.w.s.m.m.a.RequestMappingHandlerMapping : Mapped to com.rep.controller.apis.AuthController#login(LoginRequest)
2026-01-14T17:45:32.439-05:00 DEBUG 102707 --- [Main] [http-nio-8080-exec-8] m.m.a.RequestResponseBodyMethodProcessor : Read "application/json;charset=UTF-8" to [com.rep.dto.auth.LoginRequest@6090576b]
2026-01-14T17:45:32.542-05:00 DEBUG 102707 --- [Main] [http-nio-8080-exec-8] o.s.w.s.m.m.a.HttpEntityMethodProcessor  : Using 'application/json', given [application/json, application/*+json] and supported [application/json, application/*+json]
2026-01-14T17:45:32.542-05:00 DEBUG 102707 --- [Main] [http-nio-8080-exec-8] o.s.w.s.m.m.a.HttpEntityMethodProcessor  : Writing [LoginResponse(usuario=AuthUsuarioDTO(id=3, nombre=estudiante, correo=estudiante@gmail.com, identific (truncated)...]
2026-01-14T17:45:32.543-05:00 DEBUG 102707 --- [Main] [http-nio-8080-exec-8] o.s.web.servlet.DispatcherServlet        : Completed 200 OK
2026-01-14T17:45:32.564-05:00 DEBUG 102707 --- [Main] [http-nio-8080-exec-9] o.s.security.web.FilterChainProxy        : Securing GET /api/admin/usuarios/3
2026-01-14T17:45:32.575-05:00 DEBUG 102707 --- [Main] [http-nio-8080-exec-9] o.s.s.w.access.AccessDeniedHandlerImpl   : Responding with 403 status code
2026-01-14T17:45:32.579-05:00 DEBUG 102707 --- [Main] [http-nio-8080-exec-9] o.s.security.web.FilterChainProxy        : Securing GET /error
2026-01-14T17:45:32.582-05:00 DEBUG 102707 --- [Main] [http-nio-8080-exec-9] o.s.security.web.FilterChainProxy        : Secured GET /error
2026-01-14T17:45:32.582-05:00 DEBUG 102707 --- [Main] [http-nio-8080-exec-9] o.s.web.servlet.DispatcherServlet        : "ERROR" dispatch for GET "/error", parameters={}
2026-01-14T17:45:32.582-05:00 DEBUG 102707 --- [Main] [http-nio-8080-exec-9] s.w.s.m.m.a.RequestMappingHandlerMapping : Mapped to org.springframework.boot.autoconfigure.web.servlet.error.BasicErrorController#error(HttpServletRequest)
2026-01-14T17:45:32.585-05:00 DEBUG 102707 --- [Main] [http-nio-8080-exec-9] o.s.w.s.m.m.a.HttpEntityMethodProcessor  : Using 'application/json', given [application/json, application/*+json] and supported [application/json, application/*+json]
2026-01-14T17:45:32.585-05:00 DEBUG 102707 --- [Main] [http-nio-8080-exec-9] o.s.w.s.m.m.a.HttpEntityMethodProcessor  : Writing [{timestamp=Wed Jan 14 17:45:32 COT 2026, status=403, error=Forbidden, path=/api/admin/usuarios/3}]
2026-01-14T17:45:32.587-05:00 DEBUG 102707 --- [Main] [http-nio-8080-exec-9] o.s.web.servlet.DispatcherServlet        : Exiting from "ERROR" dispatch, status 403
2026-01-14T17:45:32.587-05:00 DEBUG 102707 --- [Main] [http-nio-8080-exec-9] o.s.s.w.a.AnonymousAuthenticationFilter  : Set SecurityContextHolder to anonymous SecurityContext
2026-01-14T17:45:32.593-05:00 DEBUG 102707 --- [Main] [http-nio-8080-exec-10] o.s.security.web.FilterChainProxy        : Securing GET /api/admin/usuarios/3
2026-01-14T17:45:32.602-05:00 DEBUG 102707 --- [Main] [http-nio-8080-exec-10] o.s.s.w.access.AccessDeniedHandlerImpl   : Responding with 403 status code
2026-01-14T17:45:32.603-05:00 DEBUG 102707 --- [Main] [http-nio-8080-exec-10] o.s.security.web.FilterChainProxy        : Securing GET /error
2026-01-14T17:45:32.605-05:00 DEBUG 102707 --- [Main] [http-nio-8080-exec-10] o.s.security.web.FilterChainProxy        : Secured GET /error
2026-01-14T17:45:32.605-05:00 DEBUG 102707 --- [Main] [http-nio-8080-exec-10] o.s.web.servlet.DispatcherServlet        : "ERROR" dispatch for GET "/error", parameters={}
2026-01-14T17:45:32.606-05:00 DEBUG 102707 --- [Main] [http-nio-8080-exec-10] s.w.s.m.m.a.RequestMappingHandlerMapping : Mapped to org.springframework.boot.autoconfigure.web.servlet.error.BasicErrorController#error(HttpServletRequest)
2026-01-14T17:45:32.606-05:00 DEBUG 102707 --- [Main] [http-nio-8080-exec-10] o.s.w.s.m.m.a.HttpEntityMethodProcessor  : Using 'application/json', given [application/json, application/*+json] and supported [application/json, application/*+json]
2026-01-14T17:45:32.607-05:00 DEBUG 102707 --- [Main] [http-nio-8080-exec-10] o.s.w.s.m.m.a.HttpEntityMethodProcessor  : Writing [{timestamp=Wed Jan 14 17:45:32 COT 2026, status=403, error=Forbidden, path=/api/admin/usuarios/3}]
2026-01-14T17:45:32.607-05:00 DEBUG 102707 --- [Main] [http-nio-8080-exec-10] o.s.web.servlet.DispatcherServlet        : Exiting from "ERROR" dispatch, status 403
2026-01-14T17:45:32.608-05:00 DEBUG 102707 --- [Main] [http-nio-8080-exec-10] o.s.s.w.a.AnonymousAuthenticationFilter  : Set SecurityContextHolder to anonymous SecurityContext
2026-01-14T17:45:34.275-05:00 DEBUG 102707 --- [Main] [http-nio-8080-exec-1] o.s.security.web.FilterChainProxy        : Securing GET /api/admin/usuarios/3
2026-01-14T17:45:34.299-05:00 DEBUG 102707 --- [Main] [http-nio-8080-exec-1] o.s.s.w.access.AccessDeniedHandlerImpl   : Responding with 403 status code
2026-01-14T17:45:34.302-05:00 DEBUG 102707 --- [Main] [http-nio-8080-exec-1] o.s.security.web.FilterChainProxy        : Securing GET /error
2026-01-14T17:45:34.311-05:00 DEBUG 102707 --- [Main] [http-nio-8080-exec-1] o.s.security.web.FilterChainProxy        : Secured GET /error
2026-01-14T17:45:34.312-05:00 DEBUG 102707 --- [Main] [http-nio-8080-exec-1] o.s.web.servlet.DispatcherServlet        : "ERROR" dispatch for GET "/error", parameters={}
2026-01-14T17:45:34.313-05:00 DEBUG 102707 --- [Main] [http-nio-8080-exec-1] s.w.s.m.m.a.RequestMappingHandlerMapping : Mapped to org.springframework.boot.autoconfigure.web.servlet.error.BasicErrorController#error(HttpServletRequest)
2026-01-14T17:45:34.315-05:00 DEBUG 102707 --- [Main] [http-nio-8080-exec-1] o.s.w.s.m.m.a.HttpEntityMethodProcessor  : Using 'application/json', given [application/json, application/*+json] and supported [application/json, application/*+json]
2026-01-14T17:45:34.316-05:00 DEBUG 102707 --- [Main] [http-nio-8080-exec-1] o.s.w.s.m.m.a.HttpEntityMethodProcessor  : Writing [{timestamp=Wed Jan 14 17:45:34 COT 2026, status=403, error=Forbidden, path=/api/admin/usuarios/3}]
2026-01-14T17:45:34.319-05:00 DEBUG 102707 --- [Main] [http-nio-8080-exec-1] o.s.web.servlet.DispatcherServlet        : Exiting from "ERROR" dispatch, status 403
2026-01-14T17:45:34.319-05:00 DEBUG 102707 --- [Main] [http-nio-8080-exec-1] o.s.s.w.a.AnonymousAuthenticationFilter  : Set SecurityContextHolder to anonymous SecurityContext
2026-01-14T17:45:43.530-05:00 DEBUG 102707 --- [Main] [http-nio-8080-exec-2] o.s.security.web.FilterChainProxy        : Securing POST /api/auth/login
2026-01-14T17:45:43.531-05:00 DEBUG 102707 --- [Main] [http-nio-8080-exec-2] o.s.s.w.a.AnonymousAuthenticationFilter  : Set SecurityContextHolder to anonymous SecurityContext
2026-01-14T17:45:43.533-05:00 DEBUG 102707 --- [Main] [http-nio-8080-exec-2] o.s.security.web.FilterChainProxy        : Secured POST /api/auth/login
2026-01-14T17:45:43.534-05:00  INFO 102707 --- [Main] [http-nio-8080-exec-2] com.rep.config.SecurityDebugFilter       : === SECURITY DEBUG ===
2026-01-14T17:45:43.534-05:00  INFO 102707 --- [Main] [http-nio-8080-exec-2] com.rep.config.SecurityDebugFilter       : Endpoint: POST /api/auth/login
2026-01-14T17:45:43.534-05:00  INFO 102707 --- [Main] [http-nio-8080-exec-2] com.rep.config.SecurityDebugFilter       : Authenticated: true
2026-01-14T17:45:43.534-05:00  INFO 102707 --- [Main] [http-nio-8080-exec-2] com.rep.config.SecurityDebugFilter       : Principal: anonymousUser
2026-01-14T17:45:43.534-05:00  INFO 102707 --- [Main] [http-nio-8080-exec-2] com.rep.config.SecurityDebugFilter       : Authorities: [ROLE_ANONYMOUS]
2026-01-14T17:45:43.535-05:00 DEBUG 102707 --- [Main] [http-nio-8080-exec-2] o.s.web.servlet.DispatcherServlet        : POST "/api/auth/login", parameters={}
2026-01-14T17:45:43.536-05:00 DEBUG 102707 --- [Main] [http-nio-8080-exec-2] s.w.s.m.m.a.RequestMappingHandlerMapping : Mapped to com.rep.controller.apis.AuthController#login(LoginRequest)
2026-01-14T17:45:43.539-05:00 DEBUG 102707 --- [Main] [http-nio-8080-exec-2] m.m.a.RequestResponseBodyMethodProcessor : Read "application/json;charset=UTF-8" to [com.rep.dto.auth.LoginRequest@b6fbeee]
2026-01-14T17:45:43.638-05:00 DEBUG 102707 --- [Main] [http-nio-8080-exec-2] .m.m.a.ExceptionHandlerExceptionResolver : Using @ExceptionHandler com.rep.exception.GlobalExceptionHandler#handleAuthenticationException(AuthenticationException)
2026-01-14T17:45:43.638-05:00  WARN 102707 --- [Main] [http-nio-8080-exec-2] c.rep.exception.GlobalExceptionHandler   : Error de autenticación: Credenciales inválidas
2026-01-14T17:45:43.639-05:00 DEBUG 102707 --- [Main] [http-nio-8080-exec-2] o.s.w.s.m.m.a.HttpEntityMethodProcessor  : Using 'application/json', given [application/json, application/*+json] and supported [application/json, application/*+json]
2026-01-14T17:45:43.639-05:00 DEBUG 102707 --- [Main] [http-nio-8080-exec-2] o.s.w.s.m.m.a.HttpEntityMethodProcessor  : Writing [{status=401, timestamp=2026-01-14T22:45:43.638820023Z, message=Credenciales inválidas, error=Unautho (truncated)...]
2026-01-14T17:45:43.640-05:00 DEBUG 102707 --- [Main] [http-nio-8080-exec-2] .m.m.a.ExceptionHandlerExceptionResolver : Resolved [com.rep.exception.AuthenticationException: Credenciales inválidas]
2026-01-14T17:45:43.641-05:00 DEBUG 102707 --- [Main] [http-nio-8080-exec-2] o.s.web.servlet.DispatcherServlet        : Completed 401 UNAUTHORIZED
2026-01-14T17:45:49.138-05:00 DEBUG 102707 --- [Main] [http-nio-8080-exec-3] o.s.security.web.FilterChainProxy        : Securing POST /api/auth/login
2026-01-14T17:45:49.139-05:00 DEBUG 102707 --- [Main] [http-nio-8080-exec-3] o.s.s.w.a.AnonymousAuthenticationFilter  : Set SecurityContextHolder to anonymous SecurityContext
2026-01-14T17:45:49.141-05:00 DEBUG 102707 --- [Main] [http-nio-8080-exec-3] o.s.security.web.FilterChainProxy        : Secured POST /api/auth/login
2026-01-14T17:45:49.141-05:00  INFO 102707 --- [Main] [http-nio-8080-exec-3] com.rep.config.SecurityDebugFilter       : === SECURITY DEBUG ===
2026-01-14T17:45:49.141-05:00  INFO 102707 --- [Main] [http-nio-8080-exec-3] com.rep.config.SecurityDebugFilter       : Endpoint: POST /api/auth/login
2026-01-14T17:45:49.141-05:00  INFO 102707 --- [Main] [http-nio-8080-exec-3] com.rep.config.SecurityDebugFilter       : Authenticated: true
2026-01-14T17:45:49.141-05:00  INFO 102707 --- [Main] [http-nio-8080-exec-3] com.rep.config.SecurityDebugFilter       : Principal: anonymousUser
2026-01-14T17:45:49.141-05:00  INFO 102707 --- [Main] [http-nio-8080-exec-3] com.rep.config.SecurityDebugFilter       : Authorities: [ROLE_ANONYMOUS]
2026-01-14T17:45:49.142-05:00 DEBUG 102707 --- [Main] [http-nio-8080-exec-3] o.s.web.servlet.DispatcherServlet        : POST "/api/auth/login", parameters={}
2026-01-14T17:45:49.142-05:00 DEBUG 102707 --- [Main] [http-nio-8080-exec-3] s.w.s.m.m.a.RequestMappingHandlerMapping : Mapped to com.rep.controller.apis.AuthController#login(LoginRequest)
2026-01-14T17:45:49.143-05:00 DEBUG 102707 --- [Main] [http-nio-8080-exec-3] m.m.a.RequestResponseBodyMethodProcessor : Read "application/json;charset=UTF-8" to [com.rep.dto.auth.LoginRequest@1aa28999]
2026-01-14T17:45:49.244-05:00 DEBUG 102707 --- [Main] [http-nio-8080-exec-3] .m.m.a.ExceptionHandlerExceptionResolver : Using @ExceptionHandler com.rep.exception.GlobalExceptionHandler#handleAuthenticationException(AuthenticationException)
2026-01-14T17:45:49.245-05:00  WARN 102707 --- [Main] [http-nio-8080-exec-3] c.rep.exception.GlobalExceptionHandler   : Error de autenticación: Credenciales inválidas
2026-01-14T17:45:49.245-05:00 DEBUG 102707 --- [Main] [http-nio-8080-exec-3] o.s.w.s.m.m.a.HttpEntityMethodProcessor  : Using 'application/json', given [application/json, application/*+json] and supported [application/json, application/*+json]
2026-01-14T17:45:49.245-05:00 DEBUG 102707 --- [Main] [http-nio-8080-exec-3] o.s.w.s.m.m.a.HttpEntityMethodProcessor  : Writing [{status=401, timestamp=2026-01-14T22:45:49.245270101Z, message=Credenciales inválidas, error=Unautho (truncated)...]
2026-01-14T17:45:49.246-05:00 DEBUG 102707 --- [Main] [http-nio-8080-exec-3] .m.m.a.ExceptionHandlerExceptionResolver : Resolved [com.rep.exception.AuthenticationException: Credenciales inválidas]
2026-01-14T17:45:49.246-05:00 DEBUG 102707 --- [Main] [http-nio-8080-exec-3] o.s.web.servlet.DispatcherServlet        : Completed 401 UNAUTHORIZED
2026-01-14T17:45:53.259-05:00 DEBUG 102707 --- [Main] [http-nio-8080-exec-4] o.s.security.web.FilterChainProxy        : Securing POST /api/auth/login
2026-01-14T17:45:53.261-05:00 DEBUG 102707 --- [Main] [http-nio-8080-exec-4] o.s.s.w.a.AnonymousAuthenticationFilter  : Set SecurityContextHolder to anonymous SecurityContext
2026-01-14T17:45:53.264-05:00 DEBUG 102707 --- [Main] [http-nio-8080-exec-4] o.s.security.web.FilterChainProxy        : Secured POST /api/auth/login
2026-01-14T17:45:53.264-05:00  INFO 102707 --- [Main] [http-nio-8080-exec-4] com.rep.config.SecurityDebugFilter       : === SECURITY DEBUG ===
2026-01-14T17:45:53.264-05:00  INFO 102707 --- [Main] [http-nio-8080-exec-4] com.rep.config.SecurityDebugFilter       : Endpoint: POST /api/auth/login
2026-01-14T17:45:53.264-05:00  INFO 102707 --- [Main] [http-nio-8080-exec-4] com.rep.config.SecurityDebugFilter       : Authenticated: true
2026-01-14T17:45:53.265-05:00  INFO 102707 --- [Main] [http-nio-8080-exec-4] com.rep.config.SecurityDebugFilter       : Principal: anonymousUser
2026-01-14T17:45:53.265-05:00  INFO 102707 --- [Main] [http-nio-8080-exec-4] com.rep.config.SecurityDebugFilter       : Authorities: [ROLE_ANONYMOUS]
2026-01-14T17:45:53.265-05:00 DEBUG 102707 --- [Main] [http-nio-8080-exec-4] o.s.web.servlet.DispatcherServlet        : POST "/api/auth/login", parameters={}
2026-01-14T17:45:53.266-05:00 DEBUG 102707 --- [Main] [http-nio-8080-exec-4] s.w.s.m.m.a.RequestMappingHandlerMapping : Mapped to com.rep.controller.apis.AuthController#login(LoginRequest)
2026-01-14T17:45:53.269-05:00 DEBUG 102707 --- [Main] [http-nio-8080-exec-4] m.m.a.RequestResponseBodyMethodProcessor : Read "application/json;charset=UTF-8" to [com.rep.dto.auth.LoginRequest@e57266f]
2026-01-14T17:45:53.372-05:00 DEBUG 102707 --- [Main] [http-nio-8080-exec-4] o.s.w.s.m.m.a.HttpEntityMethodProcessor  : Using 'application/json', given [application/json, application/*+json] and supported [application/json, application/*+json]
2026-01-14T17:45:53.373-05:00 DEBUG 102707 --- [Main] [http-nio-8080-exec-4] o.s.w.s.m.m.a.HttpEntityMethodProcessor  : Writing [LoginResponse(usuario=AuthUsuarioDTO(id=1, nombre=Administrador, correo=admin@local.test, identifica (truncated)...]
2026-01-14T17:45:53.374-05:00 DEBUG 102707 --- [Main] [http-nio-8080-exec-4] o.s.web.servlet.DispatcherServlet        : Completed 200 OK
2026-01-14T17:53:42.607-05:00 DEBUG 102707 --- [Main] [http-nio-8080-exec-6] o.s.security.web.FilterChainProxy        : Securing POST /api/auth/login
2026-01-14T17:53:42.608-05:00 DEBUG 102707 --- [Main] [http-nio-8080-exec-6] o.s.s.w.a.AnonymousAuthenticationFilter  : Set SecurityContextHolder to anonymous SecurityContext
2026-01-14T17:53:42.609-05:00 DEBUG 102707 --- [Main] [http-nio-8080-exec-6] o.s.security.web.FilterChainProxy        : Secured POST /api/auth/login
2026-01-14T17:53:42.609-05:00  INFO 102707 --- [Main] [http-nio-8080-exec-6] com.rep.config.SecurityDebugFilter       : === SECURITY DEBUG ===
2026-01-14T17:53:42.609-05:00  INFO 102707 --- [Main] [http-nio-8080-exec-6] com.rep.config.SecurityDebugFilter       : Endpoint: POST /api/auth/login
2026-01-14T17:53:42.609-05:00  INFO 102707 --- [Main] [http-nio-8080-exec-6] com.rep.config.SecurityDebugFilter       : Authenticated: true
2026-01-14T17:53:42.609-05:00  INFO 102707 --- [Main] [http-nio-8080-exec-6] com.rep.config.SecurityDebugFilter       : Principal: anonymousUser
2026-01-14T17:53:42.609-05:00  INFO 102707 --- [Main] [http-nio-8080-exec-6] com.rep.config.SecurityDebugFilter       : Authorities: [ROLE_ANONYMOUS]
2026-01-14T17:53:42.609-05:00 DEBUG 102707 --- [Main] [http-nio-8080-exec-6] o.s.web.servlet.DispatcherServlet        : POST "/api/auth/login", parameters={}
2026-01-14T17:53:42.610-05:00 DEBUG 102707 --- [Main] [http-nio-8080-exec-6] s.w.s.m.m.a.RequestMappingHandlerMapping : Mapped to com.rep.controller.apis.AuthController#login(LoginRequest)
2026-01-14T17:53:42.610-05:00 DEBUG 102707 --- [Main] [http-nio-8080-exec-6] m.m.a.RequestResponseBodyMethodProcessor : Read "application/json;charset=UTF-8" to [com.rep.dto.auth.LoginRequest@68fb704]
2026-01-14T17:53:42.689-05:00 DEBUG 102707 --- [Main] [http-nio-8080-exec-6] o.s.w.s.m.m.a.HttpEntityMethodProcessor  : Using 'application/json', given [application/json, application/*+json] and supported [application/json, application/*+json]
2026-01-14T17:53:42.690-05:00 DEBUG 102707 --- [Main] [http-nio-8080-exec-6] o.s.w.s.m.m.a.HttpEntityMethodProcessor  : Writing [LoginResponse(usuario=AuthUsuarioDTO(id=1, nombre=Administrador, correo=admin@local.test, identifica (truncated)...]
2026-01-14T17:53:42.691-05:00 DEBUG 102707 --- [Main] [http-nio-8080-exec-6] o.s.web.servlet.DispatcherServlet        : Completed 200 OK
2026-01-14T17:53:42.861-05:00 DEBUG 102707 --- [Main] [http-nio-8080-exec-7] o.s.security.web.FilterChainProxy        : Securing GET /api/admin/materias
2026-01-14T17:53:42.871-05:00 DEBUG 102707 --- [Main] [http-nio-8080-exec-7] o.s.security.web.FilterChainProxy        : Secured GET /api/admin/materias
2026-01-14T17:53:42.871-05:00  INFO 102707 --- [Main] [http-nio-8080-exec-7] com.rep.config.SecurityDebugFilter       : === SECURITY DEBUG ===
2026-01-14T17:53:42.871-05:00  INFO 102707 --- [Main] [http-nio-8080-exec-7] com.rep.config.SecurityDebugFilter       : Endpoint: GET /api/admin/materias
2026-01-14T17:53:42.871-05:00  INFO 102707 --- [Main] [http-nio-8080-exec-7] com.rep.config.SecurityDebugFilter       : Authenticated: true
2026-01-14T17:53:42.871-05:00  INFO 102707 --- [Main] [http-nio-8080-exec-7] com.rep.config.SecurityDebugFilter       : Principal: 22
2026-01-14T17:53:42.871-05:00  INFO 102707 --- [Main] [http-nio-8080-exec-7] com.rep.config.SecurityDebugFilter       : Authorities: [ADMIN]
2026-01-14T17:53:42.871-05:00 DEBUG 102707 --- [Main] [http-nio-8080-exec-7] o.s.web.servlet.DispatcherServlet        : GET "/api/admin/materias", parameters={}
2026-01-14T17:53:42.871-05:00 DEBUG 102707 --- [Main] [http-nio-8080-exec-7] s.w.s.m.m.a.RequestMappingHandlerMapping : Mapped to com.rep.controller.apis.AdminApi#listarMaterias()
2026-01-14T17:53:42.888-05:00 DEBUG 102707 --- [Main] [http-nio-8080-exec-7] o.s.w.s.m.m.a.HttpEntityMethodProcessor  : Using 'application/json', given [application/json, application/*+json] and supported [application/json, application/*+json]
2026-01-14T17:53:42.890-05:00 DEBUG 102707 --- [Main] [http-nio-8080-exec-7] o.s.w.s.m.m.a.HttpEntityMethodProcessor  : Writing [[Materia{id=1, nombre='Prueba'}]]
2026-01-14T17:53:42.891-05:00 DEBUG 102707 --- [Main] [http-nio-8080-exec-7] o.s.web.servlet.DispatcherServlet        : Completed 200 OK
2026-01-14T17:53:42.901-05:00 DEBUG 102707 --- [Main] [http-nio-8080-exec-8] o.s.security.web.FilterChainProxy        : Securing GET /api/admin/cursos
2026-01-14T17:53:42.915-05:00 DEBUG 102707 --- [Main] [http-nio-8080-exec-8] o.s.security.web.FilterChainProxy        : Secured GET /api/admin/cursos
2026-01-14T17:53:42.918-05:00  INFO 102707 --- [Main] [http-nio-8080-exec-8] com.rep.config.SecurityDebugFilter       : === SECURITY DEBUG ===
2026-01-14T17:53:42.918-05:00  INFO 102707 --- [Main] [http-nio-8080-exec-8] com.rep.config.SecurityDebugFilter       : Endpoint: GET /api/admin/cursos
2026-01-14T17:53:42.918-05:00  INFO 102707 --- [Main] [http-nio-8080-exec-8] com.rep.config.SecurityDebugFilter       : Authenticated: true
2026-01-14T17:53:42.920-05:00  INFO 102707 --- [Main] [http-nio-8080-exec-8] com.rep.config.SecurityDebugFilter       : Principal: 22
2026-01-14T17:53:42.923-05:00  INFO 102707 --- [Main] [http-nio-8080-exec-8] com.rep.config.SecurityDebugFilter       : Authorities: [ADMIN]
2026-01-14T17:53:42.924-05:00 DEBUG 102707 --- [Main] [http-nio-8080-exec-8] o.s.web.servlet.DispatcherServlet        : GET "/api/admin/cursos", parameters={}
2026-01-14T17:53:42.927-05:00 DEBUG 102707 --- [Main] [http-nio-8080-exec-8] s.w.s.m.m.a.RequestMappingHandlerMapping : Mapped to com.rep.controller.apis.AdminApi#listarCursos()
2026-01-14T17:53:42.945-05:00 DEBUG 102707 --- [Main] [http-nio-8080-exec-8] o.s.w.s.m.m.a.HttpEntityMethodProcessor  : Using 'application/json', given [application/json, application/*+json] and supported [application/json, application/*+json]
2026-01-14T17:53:42.956-05:00 DEBUG 102707 --- [Main] [http-nio-8080-exec-8] o.s.w.s.m.m.a.HttpEntityMethodProcessor  : Writing [java.lang.StackOverflowError]
2026-01-14T17:53:42.975-05:00 DEBUG 102707 --- [Main] [http-nio-8080-exec-8] o.s.web.servlet.DispatcherServlet        : Completed 200 OK
2026-01-14T17:53:42.999-05:00 DEBUG 102707 --- [Main] [http-nio-8080-exec-9] o.s.security.web.FilterChainProxy        : Securing GET /api/admin/usuarios?rol=PROFESOR
2026-01-14T17:53:43.007-05:00 DEBUG 102707 --- [Main] [http-nio-8080-exec-9] o.s.security.web.FilterChainProxy        : Secured GET /api/admin/usuarios?rol=PROFESOR
2026-01-14T17:53:43.008-05:00  INFO 102707 --- [Main] [http-nio-8080-exec-9] com.rep.config.SecurityDebugFilter       : === SECURITY DEBUG ===
2026-01-14T17:53:43.008-05:00  INFO 102707 --- [Main] [http-nio-8080-exec-9] com.rep.config.SecurityDebugFilter       : Endpoint: GET /api/admin/usuarios
2026-01-14T17:53:43.008-05:00  INFO 102707 --- [Main] [http-nio-8080-exec-9] com.rep.config.SecurityDebugFilter       : Authenticated: true
2026-01-14T17:53:43.008-05:00  INFO 102707 --- [Main] [http-nio-8080-exec-9] com.rep.config.SecurityDebugFilter       : Principal: 22
2026-01-14T17:53:43.008-05:00  INFO 102707 --- [Main] [http-nio-8080-exec-9] com.rep.config.SecurityDebugFilter       : Authorities: [ADMIN]
2026-01-14T17:53:43.008-05:00 DEBUG 102707 --- [Main] [http-nio-8080-exec-9] o.s.web.servlet.DispatcherServlet        : GET "/api/admin/usuarios?rol=PROFESOR", parameters={masked}
2026-01-14T17:53:43.009-05:00 DEBUG 102707 --- [Main] [http-nio-8080-exec-9] s.w.s.m.m.a.RequestMappingHandlerMapping : Mapped to com.rep.controller.apis.AdminApi#listarUsuariosPorRol(String)
2026-01-14T17:53:43.023-05:00 DEBUG 102707 --- [Main] [http-nio-8080-exec-9] o.s.w.s.m.m.a.HttpEntityMethodProcessor  : Using 'application/json', given [application/json, application/*+json] and supported [application/json, application/*+json]
2026-01-14T17:53:43.023-05:00 DEBUG 102707 --- [Main] [http-nio-8080-exec-9] o.s.w.s.m.m.a.HttpEntityMethodProcessor  : Writing [[Profesor(edadProfesor=null, fechaIngreso=null, estado=activo)]]
2026-01-14T17:53:43.029-05:00 DEBUG 102707 --- [Main] [http-nio-8080-exec-9] o.s.web.servlet.DispatcherServlet        : Completed 200 OK
2026-01-14T17:54:03.861-05:00 DEBUG 102707 --- [Main] [http-nio-8080-exec-10] o.s.security.web.FilterChainProxy        : Securing POST /api/auth/login
2026-01-14T17:54:03.862-05:00 DEBUG 102707 --- [Main] [http-nio-8080-exec-10] o.s.s.w.a.AnonymousAuthenticationFilter  : Set SecurityContextHolder to anonymous SecurityContext
2026-01-14T17:54:03.864-05:00 DEBUG 102707 --- [Main] [http-nio-8080-exec-10] o.s.security.web.FilterChainProxy        : Secured POST /api/auth/login
2026-01-14T17:54:03.865-05:00  INFO 102707 --- [Main] [http-nio-8080-exec-10] com.rep.config.SecurityDebugFilter       : === SECURITY DEBUG ===
2026-01-14T17:54:03.865-05:00  INFO 102707 --- [Main] [http-nio-8080-exec-10] com.rep.config.SecurityDebugFilter       : Endpoint: POST /api/auth/login
2026-01-14T17:54:03.865-05:00  INFO 102707 --- [Main] [http-nio-8080-exec-10] com.rep.config.SecurityDebugFilter       : Authenticated: true
2026-01-14T17:54:03.865-05:00  INFO 102707 --- [Main] [http-nio-8080-exec-10] com.rep.config.SecurityDebugFilter       : Principal: anonymousUser
2026-01-14T17:54:03.865-05:00  INFO 102707 --- [Main] [http-nio-8080-exec-10] com.rep.config.SecurityDebugFilter       : Authorities: [ROLE_ANONYMOUS]
2026-01-14T17:54:03.866-05:00 DEBUG 102707 --- [Main] [http-nio-8080-exec-10] o.s.web.servlet.DispatcherServlet        : POST "/api/auth/login", parameters={}
2026-01-14T17:54:03.866-05:00 DEBUG 102707 --- [Main] [http-nio-8080-exec-10] s.w.s.m.m.a.RequestMappingHandlerMapping : Mapped to com.rep.controller.apis.AuthController#login(LoginRequest)
2026-01-14T17:54:03.868-05:00 DEBUG 102707 --- [Main] [http-nio-8080-exec-10] m.m.a.RequestResponseBodyMethodProcessor : Read "application/json;charset=UTF-8" to [com.rep.dto.auth.LoginRequest@181f3f0f]
2026-01-14T17:54:03.958-05:00 DEBUG 102707 --- [Main] [http-nio-8080-exec-10] o.s.w.s.m.m.a.HttpEntityMethodProcessor  : Using 'application/json', given [application/json, application/*+json] and supported [application/json, application/*+json]
2026-01-14T17:54:03.958-05:00 DEBUG 102707 --- [Main] [http-nio-8080-exec-10] o.s.w.s.m.m.a.HttpEntityMethodProcessor  : Writing [LoginResponse(usuario=AuthUsuarioDTO(id=2, nombre=PROFE, correo=Profe@gmail.com, identificacion=1, r (truncated)...]
2026-01-14T17:54:03.959-05:00 DEBUG 102707 --- [Main] [http-nio-8080-exec-10] o.s.web.servlet.DispatcherServlet        : Completed 200 OK
2026-01-14T17:54:03.975-05:00 DEBUG 102707 --- [Main] [http-nio-8080-exec-1] o.s.security.web.FilterChainProxy        : Securing GET /api/profesor/cursos
2026-01-14T17:54:03.981-05:00 DEBUG 102707 --- [Main] [http-nio-8080-exec-1] o.s.security.web.FilterChainProxy        : Secured GET /api/profesor/cursos
2026-01-14T17:54:03.981-05:00  INFO 102707 --- [Main] [http-nio-8080-exec-1] com.rep.config.SecurityDebugFilter       : === SECURITY DEBUG ===
2026-01-14T17:54:03.981-05:00  INFO 102707 --- [Main] [http-nio-8080-exec-1] com.rep.config.SecurityDebugFilter       : Endpoint: GET /api/profesor/cursos
2026-01-14T17:54:03.981-05:00  INFO 102707 --- [Main] [http-nio-8080-exec-1] com.rep.config.SecurityDebugFilter       : Authenticated: true
2026-01-14T17:54:03.981-05:00  INFO 102707 --- [Main] [http-nio-8080-exec-1] com.rep.config.SecurityDebugFilter       : Principal: 1
2026-01-14T17:54:03.981-05:00  INFO 102707 --- [Main] [http-nio-8080-exec-1] com.rep.config.SecurityDebugFilter       : Authorities: [PROFESOR]
2026-01-14T17:54:03.981-05:00 DEBUG 102707 --- [Main] [http-nio-8080-exec-1] o.s.web.servlet.DispatcherServlet        : GET "/api/profesor/cursos", parameters={}
2026-01-14T17:54:03.982-05:00 DEBUG 102707 --- [Main] [http-nio-8080-exec-1] s.w.s.m.m.a.RequestMappingHandlerMapping : Mapped to com.rep.controller.apis.ProfesorApi#getCursosByProfesor(Usuario)
2026-01-14T17:54:04.000-05:00 DEBUG 102707 --- [Main] [http-nio-8080-exec-1] o.s.w.s.m.m.a.HttpEntityMethodProcessor  : Using 'application/json', given [application/json, application/*+json] and supported [application/json, application/*+json]
2026-01-14T17:54:04.000-05:00 DEBUG 102707 --- [Main] [http-nio-8080-exec-1] o.s.w.s.m.m.a.HttpEntityMethodProcessor  : Writing [[8 - A]]
2026-01-14T17:54:04.001-05:00 DEBUG 102707 --- [Main] [http-nio-8080-exec-1] o.s.web.servlet.DispatcherServlet        : Completed 200 OK
2026-01-14T17:54:04.005-05:00 DEBUG 102707 --- [Main] [http-nio-8080-exec-1] o.s.security.web.FilterChainProxy        : Securing GET /api/profesor/materias
2026-01-14T17:54:04.014-05:00 DEBUG 102707 --- [Main] [http-nio-8080-exec-1] o.s.security.web.FilterChainProxy        : Secured GET /api/profesor/materias
2026-01-14T17:54:04.014-05:00  INFO 102707 --- [Main] [http-nio-8080-exec-1] com.rep.config.SecurityDebugFilter       : === SECURITY DEBUG ===
2026-01-14T17:54:04.015-05:00  INFO 102707 --- [Main] [http-nio-8080-exec-1] com.rep.config.SecurityDebugFilter       : Endpoint: GET /api/profesor/materias
2026-01-14T17:54:04.015-05:00  INFO 102707 --- [Main] [http-nio-8080-exec-1] com.rep.config.SecurityDebugFilter       : Authenticated: true
2026-01-14T17:54:04.015-05:00  INFO 102707 --- [Main] [http-nio-8080-exec-1] com.rep.config.SecurityDebugFilter       : Principal: 1
2026-01-14T17:54:04.015-05:00  INFO 102707 --- [Main] [http-nio-8080-exec-1] com.rep.config.SecurityDebugFilter       : Authorities: [PROFESOR]
2026-01-14T17:54:04.015-05:00 DEBUG 102707 --- [Main] [http-nio-8080-exec-1] o.s.web.servlet.DispatcherServlet        : GET "/api/profesor/materias", parameters={}
2026-01-14T17:54:04.015-05:00 DEBUG 102707 --- [Main] [http-nio-8080-exec-1] s.w.s.m.m.a.RequestMappingHandlerMapping : Mapped to com.rep.controller.apis.ProfesorApi#getMateriasAsignadas(Usuario)
2026-01-14T17:54:04.026-05:00 DEBUG 102707 --- [Main] [http-nio-8080-exec-1] o.s.w.s.m.m.a.HttpEntityMethodProcessor  : Using 'application/json', given [application/json, application/*+json] and supported [application/json, application/*+json]
2026-01-14T17:54:04.027-05:00 DEBUG 102707 --- [Main] [http-nio-8080-exec-1] o.s.w.s.m.m.a.HttpEntityMethodProcessor  : Writing [[Materia{id=1, nombre='Prueba'}]]
2026-01-14T17:54:04.028-05:00 DEBUG 102707 --- [Main] [http-nio-8080-exec-1] o.s.web.servlet.DispatcherServlet        : Completed 200 OK
2026-01-14T17:54:06.454-05:00 DEBUG 102707 --- [Main] [http-nio-8080-exec-2] o.s.security.web.FilterChainProxy        : Securing GET /api/actividades?cursoId=1&materiaId=1
2026-01-14T17:54:06.459-05:00 DEBUG 102707 --- [Main] [http-nio-8080-exec-2] o.s.security.web.FilterChainProxy        : Secured GET /api/actividades?cursoId=1&materiaId=1
2026-01-14T17:54:06.459-05:00  INFO 102707 --- [Main] [http-nio-8080-exec-2] com.rep.config.SecurityDebugFilter       : === SECURITY DEBUG ===
2026-01-14T17:54:06.459-05:00  INFO 102707 --- [Main] [http-nio-8080-exec-2] com.rep.config.SecurityDebugFilter       : Endpoint: GET /api/actividades
2026-01-14T17:54:06.460-05:00  INFO 102707 --- [Main] [http-nio-8080-exec-2] com.rep.config.SecurityDebugFilter       : Authenticated: true
2026-01-14T17:54:06.460-05:00  INFO 102707 --- [Main] [http-nio-8080-exec-2] com.rep.config.SecurityDebugFilter       : Principal: 1
2026-01-14T17:54:06.460-05:00  INFO 102707 --- [Main] [http-nio-8080-exec-2] com.rep.config.SecurityDebugFilter       : Authorities: [PROFESOR]
2026-01-14T17:54:06.460-05:00 DEBUG 102707 --- [Main] [http-nio-8080-exec-2] o.s.web.servlet.DispatcherServlet        : GET "/api/actividades?cursoId=1&materiaId=1", parameters={masked}
2026-01-14T17:54:06.460-05:00 DEBUG 102707 --- [Main] [http-nio-8080-exec-2] s.w.s.m.m.a.RequestMappingHandlerMapping : Mapped to com.rep.controller.apis.ActividadApi#listarActividades(Long, Long, Usuario)
2026-01-14T17:54:06.464-05:00 DEBUG 102707 --- [Main] [http-nio-8080-exec-2] o.s.w.s.m.m.a.HttpEntityMethodProcessor  : Using 'application/json', given [application/json, application/*+json] and supported [application/json, application/*+json]
2026-01-14T17:54:06.465-05:00 DEBUG 102707 --- [Main] [http-nio-8080-exec-2] o.s.w.s.m.m.a.HttpEntityMethodProcessor  : Writing [[ActividadDTO(id=1, duracionMinutos=60, titulo=pruebaunitaria, tipo=EXAMEN, descripcion=, fechaEntre (truncated)...]
2026-01-14T17:54:06.465-05:00 DEBUG 102707 --- [Main] [http-nio-8080-exec-2] o.s.web.servlet.DispatcherServlet        : Completed 200 OK
2026-01-14T17:57:17.160-05:00 DEBUG 102707 --- [Main] [http-nio-8080-exec-4] o.s.security.web.FilterChainProxy        : Securing POST /api/auth/login
2026-01-14T17:57:17.161-05:00 DEBUG 102707 --- [Main] [http-nio-8080-exec-4] o.s.s.w.a.AnonymousAuthenticationFilter  : Set SecurityContextHolder to anonymous SecurityContext
2026-01-14T17:57:17.161-05:00 DEBUG 102707 --- [Main] [http-nio-8080-exec-4] o.s.security.web.FilterChainProxy        : Secured POST /api/auth/login
2026-01-14T17:57:17.162-05:00  INFO 102707 --- [Main] [http-nio-8080-exec-4] com.rep.config.SecurityDebugFilter       : === SECURITY DEBUG ===
2026-01-14T17:57:17.162-05:00  INFO 102707 --- [Main] [http-nio-8080-exec-4] com.rep.config.SecurityDebugFilter       : Endpoint: POST /api/auth/login
2026-01-14T17:57:17.162-05:00  INFO 102707 --- [Main] [http-nio-8080-exec-4] com.rep.config.SecurityDebugFilter       : Authenticated: true
2026-01-14T17:57:17.162-05:00  INFO 102707 --- [Main] [http-nio-8080-exec-4] com.rep.config.SecurityDebugFilter       : Principal: anonymousUser
2026-01-14T17:57:17.162-05:00  INFO 102707 --- [Main] [http-nio-8080-exec-4] com.rep.config.SecurityDebugFilter       : Authorities: [ROLE_ANONYMOUS]
2026-01-14T17:57:17.162-05:00 DEBUG 102707 --- [Main] [http-nio-8080-exec-4] o.s.web.servlet.DispatcherServlet        : POST "/api/auth/login", parameters={}
2026-01-14T17:57:17.162-05:00 DEBUG 102707 --- [Main] [http-nio-8080-exec-4] s.w.s.m.m.a.RequestMappingHandlerMapping : Mapped to com.rep.controller.apis.AuthController#login(LoginRequest)
2026-01-14T17:57:17.162-05:00 DEBUG 102707 --- [Main] [http-nio-8080-exec-4] m.m.a.RequestResponseBodyMethodProcessor : Read "application/json;charset=UTF-8" to [com.rep.dto.auth.LoginRequest@4aef6670]
2026-01-14T17:57:17.231-05:00 DEBUG 102707 --- [Main] [http-nio-8080-exec-4] o.s.w.s.m.m.a.HttpEntityMethodProcessor  : Using 'application/json', given [application/json, application/*+json] and supported [application/json, application/*+json]
2026-01-14T17:57:17.232-05:00 DEBUG 102707 --- [Main] [http-nio-8080-exec-4] o.s.w.s.m.m.a.HttpEntityMethodProcessor  : Writing [LoginResponse(usuario=AuthUsuarioDTO(id=2, nombre=PROFE, correo=Profe@gmail.com, identificacion=1, r (truncated)...]
2026-01-14T17:57:17.232-05:00 DEBUG 102707 --- [Main] [http-nio-8080-exec-4] o.s.web.servlet.DispatcherServlet        : Completed 200 OK
2026-01-14T17:57:17.373-05:00 DEBUG 102707 --- [Main] [http-nio-8080-exec-5] o.s.security.web.FilterChainProxy        : Securing GET /api/profesor/cursos
2026-01-14T17:57:17.390-05:00 DEBUG 102707 --- [Main] [http-nio-8080-exec-5] o.s.security.web.FilterChainProxy        : Secured GET /api/profesor/cursos
2026-01-14T17:57:17.391-05:00  INFO 102707 --- [Main] [http-nio-8080-exec-5] com.rep.config.SecurityDebugFilter       : === SECURITY DEBUG ===
2026-01-14T17:57:17.391-05:00  INFO 102707 --- [Main] [http-nio-8080-exec-5] com.rep.config.SecurityDebugFilter       : Endpoint: GET /api/profesor/cursos
2026-01-14T17:57:17.391-05:00  INFO 102707 --- [Main] [http-nio-8080-exec-5] com.rep.config.SecurityDebugFilter       : Authenticated: true
2026-01-14T17:57:17.391-05:00  INFO 102707 --- [Main] [http-nio-8080-exec-5] com.rep.config.SecurityDebugFilter       : Principal: 1
2026-01-14T17:57:17.391-05:00  INFO 102707 --- [Main] [http-nio-8080-exec-5] com.rep.config.SecurityDebugFilter       : Authorities: [PROFESOR]
2026-01-14T17:57:17.391-05:00 DEBUG 102707 --- [Main] [http-nio-8080-exec-5] o.s.web.servlet.DispatcherServlet        : GET "/api/profesor/cursos", parameters={}
2026-01-14T17:57:17.391-05:00 DEBUG 102707 --- [Main] [http-nio-8080-exec-5] s.w.s.m.m.a.RequestMappingHandlerMapping : Mapped to com.rep.controller.apis.ProfesorApi#getCursosByProfesor(Usuario)
2026-01-14T17:57:17.413-05:00 DEBUG 102707 --- [Main] [http-nio-8080-exec-5] o.s.w.s.m.m.a.HttpEntityMethodProcessor  : Using 'application/json', given [application/json, application/*+json] and supported [application/json, application/*+json]
2026-01-14T17:57:17.415-05:00 DEBUG 102707 --- [Main] [http-nio-8080-exec-5] o.s.w.s.m.m.a.HttpEntityMethodProcessor  : Writing [[8 - A]]
2026-01-14T17:57:17.416-05:00 DEBUG 102707 --- [Main] [http-nio-8080-exec-5] o.s.web.servlet.DispatcherServlet        : Completed 200 OK
2026-01-14T17:57:17.432-05:00 DEBUG 102707 --- [Main] [http-nio-8080-exec-6] o.s.security.web.FilterChainProxy        : Securing GET /api/profesor/materias
2026-01-14T17:57:17.442-05:00 DEBUG 102707 --- [Main] [http-nio-8080-exec-6] o.s.security.web.FilterChainProxy        : Secured GET /api/profesor/materias
2026-01-14T17:57:17.442-05:00  INFO 102707 --- [Main] [http-nio-8080-exec-6] com.rep.config.SecurityDebugFilter       : === SECURITY DEBUG ===
2026-01-14T17:57:17.442-05:00  INFO 102707 --- [Main] [http-nio-8080-exec-6] com.rep.config.SecurityDebugFilter       : Endpoint: GET /api/profesor/materias
2026-01-14T17:57:17.442-05:00  INFO 102707 --- [Main] [http-nio-8080-exec-6] com.rep.config.SecurityDebugFilter       : Authenticated: true
2026-01-14T17:57:17.442-05:00  INFO 102707 --- [Main] [http-nio-8080-exec-6] com.rep.config.SecurityDebugFilter       : Principal: 1
2026-01-14T17:57:17.442-05:00  INFO 102707 --- [Main] [http-nio-8080-exec-6] com.rep.config.SecurityDebugFilter       : Authorities: [PROFESOR]
2026-01-14T17:57:17.442-05:00 DEBUG 102707 --- [Main] [http-nio-8080-exec-6] o.s.web.servlet.DispatcherServlet        : GET "/api/profesor/materias", parameters={}
2026-01-14T17:57:17.443-05:00 DEBUG 102707 --- [Main] [http-nio-8080-exec-6] s.w.s.m.m.a.RequestMappingHandlerMapping : Mapped to com.rep.controller.apis.ProfesorApi#getMateriasAsignadas(Usuario)
2026-01-14T17:57:17.449-05:00 DEBUG 102707 --- [Main] [http-nio-8080-exec-6] o.s.w.s.m.m.a.HttpEntityMethodProcessor  : Using 'application/json', given [application/json, application/*+json] and supported [application/json, application/*+json]
2026-01-14T17:57:17.449-05:00 DEBUG 102707 --- [Main] [http-nio-8080-exec-6] o.s.w.s.m.m.a.HttpEntityMethodProcessor  : Writing [[Materia{id=1, nombre='Prueba'}]]
2026-01-14T17:57:17.450-05:00 DEBUG 102707 --- [Main] [http-nio-8080-exec-6] o.s.web.servlet.DispatcherServlet        : Completed 200 OK
2026-01-14T17:57:20.276-05:00 DEBUG 102707 --- [Main] [http-nio-8080-exec-7] o.s.security.web.FilterChainProxy        : Securing GET /api/actividades?cursoId=1&materiaId=1
2026-01-14T17:57:20.297-05:00 DEBUG 102707 --- [Main] [http-nio-8080-exec-7] o.s.security.web.FilterChainProxy        : Secured GET /api/actividades?cursoId=1&materiaId=1
2026-01-14T17:57:20.298-05:00  INFO 102707 --- [Main] [http-nio-8080-exec-7] com.rep.config.SecurityDebugFilter       : === SECURITY DEBUG ===
2026-01-14T17:57:20.298-05:00  INFO 102707 --- [Main] [http-nio-8080-exec-7] com.rep.config.SecurityDebugFilter       : Endpoint: GET /api/actividades
2026-01-14T17:57:20.298-05:00  INFO 102707 --- [Main] [http-nio-8080-exec-7] com.rep.config.SecurityDebugFilter       : Authenticated: true
2026-01-14T17:57:20.298-05:00  INFO 102707 --- [Main] [http-nio-8080-exec-7] com.rep.config.SecurityDebugFilter       : Principal: 1
2026-01-14T17:57:20.298-05:00  INFO 102707 --- [Main] [http-nio-8080-exec-7] com.rep.config.SecurityDebugFilter       : Authorities: [PROFESOR]
2026-01-14T17:57:20.299-05:00 DEBUG 102707 --- [Main] [http-nio-8080-exec-7] o.s.web.servlet.DispatcherServlet        : GET "/api/actividades?cursoId=1&materiaId=1", parameters={masked}
2026-01-14T17:57:20.300-05:00 DEBUG 102707 --- [Main] [http-nio-8080-exec-7] s.w.s.m.m.a.RequestMappingHandlerMapping : Mapped to com.rep.controller.apis.ActividadApi#listarActividades(Long, Long, Usuario)
2026-01-14T17:57:20.337-05:00 DEBUG 102707 --- [Main] [http-nio-8080-exec-7] o.s.w.s.m.m.a.HttpEntityMethodProcessor  : Using 'application/json', given [application/json, application/*+json] and supported [application/json, application/*+json]
2026-01-14T17:57:20.338-05:00 DEBUG 102707 --- [Main] [http-nio-8080-exec-7] o.s.w.s.m.m.a.HttpEntityMethodProcessor  : Writing [[ActividadDTO(id=1, duracionMinutos=60, titulo=pruebaunitaria, tipo=EXAMEN, descripcion=, fechaEntre (truncated)...]
2026-01-14T17:57:20.339-05:00 DEBUG 102707 --- [Main] [http-nio-8080-exec-7] o.s.web.servlet.DispatcherServlet        : Completed 200 OK
2026-01-14T17:57:45.673-05:00 DEBUG 102707 --- [Main] [http-nio-8080-exec-8] o.s.security.web.FilterChainProxy        : Securing POST /api/auth/login
2026-01-14T17:57:45.675-05:00 DEBUG 102707 --- [Main] [http-nio-8080-exec-8] o.s.s.w.a.AnonymousAuthenticationFilter  : Set SecurityContextHolder to anonymous SecurityContext
2026-01-14T17:57:45.677-05:00 DEBUG 102707 --- [Main] [http-nio-8080-exec-8] o.s.security.web.FilterChainProxy        : Secured POST /api/auth/login
2026-01-14T17:57:45.678-05:00  INFO 102707 --- [Main] [http-nio-8080-exec-8] com.rep.config.SecurityDebugFilter       : === SECURITY DEBUG ===
2026-01-14T17:57:45.678-05:00  INFO 102707 --- [Main] [http-nio-8080-exec-8] com.rep.config.SecurityDebugFilter       : Endpoint: POST /api/auth/login
2026-01-14T17:57:45.679-05:00  INFO 102707 --- [Main] [http-nio-8080-exec-8] com.rep.config.SecurityDebugFilter       : Authenticated: true
2026-01-14T17:57:45.679-05:00  INFO 102707 --- [Main] [http-nio-8080-exec-8] com.rep.config.SecurityDebugFilter       : Principal: anonymousUser
2026-01-14T17:57:45.679-05:00  INFO 102707 --- [Main] [http-nio-8080-exec-8] com.rep.config.SecurityDebugFilter       : Authorities: [ROLE_ANONYMOUS]
2026-01-14T17:57:45.680-05:00 DEBUG 102707 --- [Main] [http-nio-8080-exec-8] o.s.web.servlet.DispatcherServlet        : POST "/api/auth/login", parameters={}
2026-01-14T17:57:45.680-05:00 DEBUG 102707 --- [Main] [http-nio-8080-exec-8] s.w.s.m.m.a.RequestMappingHandlerMapping : Mapped to com.rep.controller.apis.AuthController#login(LoginRequest)
2026-01-14T17:57:45.683-05:00 DEBUG 102707 --- [Main] [http-nio-8080-exec-8] m.m.a.RequestResponseBodyMethodProcessor : Read "application/json;charset=UTF-8" to [com.rep.dto.auth.LoginRequest@5b2a04f9]
2026-01-14T17:57:45.783-05:00 DEBUG 102707 --- [Main] [http-nio-8080-exec-8] o.s.w.s.m.m.a.HttpEntityMethodProcessor  : Using 'application/json', given [application/json, application/*+json] and supported [application/json, application/*+json]
2026-01-14T17:57:45.783-05:00 DEBUG 102707 --- [Main] [http-nio-8080-exec-8] o.s.w.s.m.m.a.HttpEntityMethodProcessor  : Writing [LoginResponse(usuario=AuthUsuarioDTO(id=1, nombre=Administrador, correo=admin@local.test, identifica (truncated)...]
2026-01-14T17:57:45.785-05:00 DEBUG 102707 --- [Main] [http-nio-8080-exec-8] o.s.web.servlet.DispatcherServlet        : Completed 200 OK
2026-01-14T17:57:45.838-05:00 DEBUG 102707 --- [Main] [http-nio-8080-exec-9] o.s.security.web.FilterChainProxy        : Securing GET /api/admin/materias
2026-01-14T17:57:45.847-05:00 DEBUG 102707 --- [Main] [http-nio-8080-exec-9] o.s.security.web.FilterChainProxy        : Secured GET /api/admin/materias
2026-01-14T17:57:45.847-05:00  INFO 102707 --- [Main] [http-nio-8080-exec-9] com.rep.config.SecurityDebugFilter       : === SECURITY DEBUG ===
2026-01-14T17:57:45.847-05:00  INFO 102707 --- [Main] [http-nio-8080-exec-9] com.rep.config.SecurityDebugFilter       : Endpoint: GET /api/admin/materias
2026-01-14T17:57:45.847-05:00  INFO 102707 --- [Main] [http-nio-8080-exec-9] com.rep.config.SecurityDebugFilter       : Authenticated: true
2026-01-14T17:57:45.847-05:00  INFO 102707 --- [Main] [http-nio-8080-exec-9] com.rep.config.SecurityDebugFilter       : Principal: 22
2026-01-14T17:57:45.848-05:00  INFO 102707 --- [Main] [http-nio-8080-exec-9] com.rep.config.SecurityDebugFilter       : Authorities: [ADMIN]
2026-01-14T17:57:45.848-05:00 DEBUG 102707 --- [Main] [http-nio-8080-exec-9] o.s.web.servlet.DispatcherServlet        : GET "/api/admin/materias", parameters={}
2026-01-14T17:57:45.848-05:00 DEBUG 102707 --- [Main] [http-nio-8080-exec-9] s.w.s.m.m.a.RequestMappingHandlerMapping : Mapped to com.rep.controller.apis.AdminApi#listarMaterias()
2026-01-14T17:57:45.852-05:00 DEBUG 102707 --- [Main] [http-nio-8080-exec-9] o.s.w.s.m.m.a.HttpEntityMethodProcessor  : Using 'application/json', given [application/json, application/*+json] and supported [application/json, application/*+json]
2026-01-14T17:57:45.852-05:00 DEBUG 102707 --- [Main] [http-nio-8080-exec-9] o.s.w.s.m.m.a.HttpEntityMethodProcessor  : Writing [[Materia{id=1, nombre='Prueba'}]]
2026-01-14T17:57:45.853-05:00 DEBUG 102707 --- [Main] [http-nio-8080-exec-9] o.s.web.servlet.DispatcherServlet        : Completed 200 OK
2026-01-14T17:57:45.857-05:00 DEBUG 102707 --- [Main] [http-nio-8080-exec-10] o.s.security.web.FilterChainProxy        : Securing GET /api/admin/cursos
2026-01-14T17:57:45.863-05:00 DEBUG 102707 --- [Main] [http-nio-8080-exec-10] o.s.security.web.FilterChainProxy        : Secured GET /api/admin/cursos
2026-01-14T17:57:45.863-05:00  INFO 102707 --- [Main] [http-nio-8080-exec-10] com.rep.config.SecurityDebugFilter       : === SECURITY DEBUG ===
2026-01-14T17:57:45.863-05:00  INFO 102707 --- [Main] [http-nio-8080-exec-10] com.rep.config.SecurityDebugFilter       : Endpoint: GET /api/admin/cursos
2026-01-14T17:57:45.863-05:00  INFO 102707 --- [Main] [http-nio-8080-exec-10] com.rep.config.SecurityDebugFilter       : Authenticated: true
2026-01-14T17:57:45.863-05:00  INFO 102707 --- [Main] [http-nio-8080-exec-10] com.rep.config.SecurityDebugFilter       : Principal: 22
2026-01-14T17:57:45.863-05:00  INFO 102707 --- [Main] [http-nio-8080-exec-10] com.rep.config.SecurityDebugFilter       : Authorities: [ADMIN]
2026-01-14T17:57:45.863-05:00 DEBUG 102707 --- [Main] [http-nio-8080-exec-10] o.s.web.servlet.DispatcherServlet        : GET "/api/admin/cursos", parameters={}
2026-01-14T17:57:45.863-05:00 DEBUG 102707 --- [Main] [http-nio-8080-exec-10] s.w.s.m.m.a.RequestMappingHandlerMapping : Mapped to com.rep.controller.apis.AdminApi#listarCursos()
2026-01-14T17:57:45.866-05:00 DEBUG 102707 --- [Main] [http-nio-8080-exec-10] o.s.w.s.m.m.a.HttpEntityMethodProcessor  : Using 'application/json', given [application/json, application/*+json] and supported [application/json, application/*+json]
2026-01-14T17:57:45.871-05:00 DEBUG 102707 --- [Main] [http-nio-8080-exec-10] o.s.w.s.m.m.a.HttpEntityMethodProcessor  : Writing [java.lang.StackOverflowError]
2026-01-14T17:57:45.872-05:00 DEBUG 102707 --- [Main] [http-nio-8080-exec-10] o.s.web.servlet.DispatcherServlet        : Completed 200 OK
2026-01-14T17:57:45.888-05:00 DEBUG 102707 --- [Main] [http-nio-8080-exec-1] o.s.security.web.FilterChainProxy        : Securing GET /api/admin/usuarios?rol=PROFESOR
2026-01-14T17:57:45.907-05:00 DEBUG 102707 --- [Main] [http-nio-8080-exec-1] o.s.security.web.FilterChainProxy        : Secured GET /api/admin/usuarios?rol=PROFESOR
2026-01-14T17:57:45.909-05:00  INFO 102707 --- [Main] [http-nio-8080-exec-1] com.rep.config.SecurityDebugFilter       : === SECURITY DEBUG ===
2026-01-14T17:57:45.915-05:00  INFO 102707 --- [Main] [http-nio-8080-exec-1] com.rep.config.SecurityDebugFilter       : Endpoint: GET /api/admin/usuarios
2026-01-14T17:57:45.915-05:00  INFO 102707 --- [Main] [http-nio-8080-exec-1] com.rep.config.SecurityDebugFilter       : Authenticated: true
2026-01-14T17:57:45.915-05:00  INFO 102707 --- [Main] [http-nio-8080-exec-1] com.rep.config.SecurityDebugFilter       : Principal: 22
2026-01-14T17:57:45.915-05:00  INFO 102707 --- [Main] [http-nio-8080-exec-1] com.rep.config.SecurityDebugFilter       : Authorities: [ADMIN]
2026-01-14T17:57:45.916-05:00 DEBUG 102707 --- [Main] [http-nio-8080-exec-1] o.s.web.servlet.DispatcherServlet        : GET "/api/admin/usuarios?rol=PROFESOR", parameters={masked}
2026-01-14T17:57:45.916-05:00 DEBUG 102707 --- [Main] [http-nio-8080-exec-1] s.w.s.m.m.a.RequestMappingHandlerMapping : Mapped to com.rep.controller.apis.AdminApi#listarUsuariosPorRol(String)
2026-01-14T17:57:45.922-05:00 DEBUG 102707 --- [Main] [http-nio-8080-exec-1] o.s.w.s.m.m.a.HttpEntityMethodProcessor  : Using 'application/json', given [application/json, application/*+json] and supported [application/json, application/*+json]
2026-01-14T17:57:45.924-05:00 DEBUG 102707 --- [Main] [http-nio-8080-exec-1] o.s.w.s.m.m.a.HttpEntityMethodProcessor  : Writing [[Profesor(edadProfesor=null, fechaIngreso=null, estado=activo)]]
2026-01-14T17:57:45.927-05:00 DEBUG 102707 --- [Main] [http-nio-8080-exec-1] o.s.web.servlet.DispatcherServlet        : Completed 200 OK
2026-01-14T18:03:29.797-05:00 DEBUG 102707 --- [Main] [http-nio-8080-exec-3] o.s.security.web.FilterChainProxy        : Securing POST /api/auth/login
2026-01-14T18:03:29.798-05:00 DEBUG 102707 --- [Main] [http-nio-8080-exec-3] o.s.s.w.a.AnonymousAuthenticationFilter  : Set SecurityContextHolder to anonymous SecurityContext
2026-01-14T18:03:29.799-05:00 DEBUG 102707 --- [Main] [http-nio-8080-exec-3] o.s.security.web.FilterChainProxy        : Secured POST /api/auth/login
2026-01-14T18:03:29.799-05:00  INFO 102707 --- [Main] [http-nio-8080-exec-3] com.rep.config.SecurityDebugFilter       : === SECURITY DEBUG ===
2026-01-14T18:03:29.799-05:00  INFO 102707 --- [Main] [http-nio-8080-exec-3] com.rep.config.SecurityDebugFilter       : Endpoint: POST /api/auth/login
2026-01-14T18:03:29.799-05:00  INFO 102707 --- [Main] [http-nio-8080-exec-3] com.rep.config.SecurityDebugFilter       : Authenticated: true
2026-01-14T18:03:29.799-05:00  INFO 102707 --- [Main] [http-nio-8080-exec-3] com.rep.config.SecurityDebugFilter       : Principal: anonymousUser
2026-01-14T18:03:29.799-05:00  INFO 102707 --- [Main] [http-nio-8080-exec-3] com.rep.config.SecurityDebugFilter       : Authorities: [ROLE_ANONYMOUS]
2026-01-14T18:03:29.799-05:00 DEBUG 102707 --- [Main] [http-nio-8080-exec-3] o.s.web.servlet.DispatcherServlet        : POST "/api/auth/login", parameters={}
2026-01-14T18:03:29.799-05:00 DEBUG 102707 --- [Main] [http-nio-8080-exec-3] s.w.s.m.m.a.RequestMappingHandlerMapping : Mapped to com.rep.controller.apis.AuthController#login(LoginRequest)
2026-01-14T18:03:29.800-05:00 DEBUG 102707 --- [Main] [http-nio-8080-exec-3] m.m.a.RequestResponseBodyMethodProcessor : Read "application/json;charset=UTF-8" to [com.rep.dto.auth.LoginRequest@3ffe23f4]
2026-01-14T18:03:29.871-05:00 DEBUG 102707 --- [Main] [http-nio-8080-exec-3] o.s.w.s.m.m.a.HttpEntityMethodProcessor  : Using 'application/json', given [application/json, application/*+json] and supported [application/json, application/*+json]
2026-01-14T18:03:29.872-05:00 DEBUG 102707 --- [Main] [http-nio-8080-exec-3] o.s.w.s.m.m.a.HttpEntityMethodProcessor  : Writing [LoginResponse(usuario=AuthUsuarioDTO(id=1, nombre=Administrador, correo=admin@local.test, identifica (truncated)...]
2026-01-14T18:03:29.875-05:00 DEBUG 102707 --- [Main] [http-nio-8080-exec-3] o.s.web.servlet.DispatcherServlet        : Completed 200 OK
2026-01-14T18:03:30.078-05:00 DEBUG 102707 --- [Main] [http-nio-8080-exec-4] o.s.security.web.FilterChainProxy        : Securing GET /api/admin/materias
2026-01-14T18:03:30.085-05:00 DEBUG 102707 --- [Main] [http-nio-8080-exec-4] o.s.security.web.FilterChainProxy        : Secured GET /api/admin/materias
2026-01-14T18:03:30.085-05:00  INFO 102707 --- [Main] [http-nio-8080-exec-4] com.rep.config.SecurityDebugFilter       : === SECURITY DEBUG ===
2026-01-14T18:03:30.085-05:00  INFO 102707 --- [Main] [http-nio-8080-exec-4] com.rep.config.SecurityDebugFilter       : Endpoint: GET /api/admin/materias
2026-01-14T18:03:30.085-05:00  INFO 102707 --- [Main] [http-nio-8080-exec-4] com.rep.config.SecurityDebugFilter       : Authenticated: true
2026-01-14T18:03:30.085-05:00  INFO 102707 --- [Main] [http-nio-8080-exec-4] com.rep.config.SecurityDebugFilter       : Principal: 22
2026-01-14T18:03:30.085-05:00  INFO 102707 --- [Main] [http-nio-8080-exec-4] com.rep.config.SecurityDebugFilter       : Authorities: [ADMIN]
2026-01-14T18:03:30.086-05:00 DEBUG 102707 --- [Main] [http-nio-8080-exec-4] o.s.web.servlet.DispatcherServlet        : GET "/api/admin/materias", parameters={}
2026-01-14T18:03:30.086-05:00 DEBUG 102707 --- [Main] [http-nio-8080-exec-4] s.w.s.m.m.a.RequestMappingHandlerMapping : Mapped to com.rep.controller.apis.AdminApi#listarMaterias()
2026-01-14T18:03:30.090-05:00 DEBUG 102707 --- [Main] [http-nio-8080-exec-4] o.s.w.s.m.m.a.HttpEntityMethodProcessor  : Using 'application/json', given [application/json, application/*+json] and supported [application/json, application/*+json]
2026-01-14T18:03:30.091-05:00 DEBUG 102707 --- [Main] [http-nio-8080-exec-4] o.s.w.s.m.m.a.HttpEntityMethodProcessor  : Writing [[Materia{id=1, nombre='Prueba'}]]
2026-01-14T18:03:30.092-05:00 DEBUG 102707 --- [Main] [http-nio-8080-exec-4] o.s.web.servlet.DispatcherServlet        : Completed 200 OK
2026-01-14T18:03:30.099-05:00 DEBUG 102707 --- [Main] [http-nio-8080-exec-5] o.s.security.web.FilterChainProxy        : Securing GET /api/admin/cursos
2026-01-14T18:03:30.110-05:00 DEBUG 102707 --- [Main] [http-nio-8080-exec-5] o.s.security.web.FilterChainProxy        : Secured GET /api/admin/cursos
2026-01-14T18:03:30.111-05:00  INFO 102707 --- [Main] [http-nio-8080-exec-5] com.rep.config.SecurityDebugFilter       : === SECURITY DEBUG ===
2026-01-14T18:03:30.111-05:00  INFO 102707 --- [Main] [http-nio-8080-exec-5] com.rep.config.SecurityDebugFilter       : Endpoint: GET /api/admin/cursos
2026-01-14T18:03:30.111-05:00  INFO 102707 --- [Main] [http-nio-8080-exec-5] com.rep.config.SecurityDebugFilter       : Authenticated: true
2026-01-14T18:03:30.111-05:00  INFO 102707 --- [Main] [http-nio-8080-exec-5] com.rep.config.SecurityDebugFilter       : Principal: 22
2026-01-14T18:03:30.111-05:00  INFO 102707 --- [Main] [http-nio-8080-exec-5] com.rep.config.SecurityDebugFilter       : Authorities: [ADMIN]
2026-01-14T18:03:30.111-05:00 DEBUG 102707 --- [Main] [http-nio-8080-exec-5] o.s.web.servlet.DispatcherServlet        : GET "/api/admin/cursos", parameters={}
2026-01-14T18:03:30.111-05:00 DEBUG 102707 --- [Main] [http-nio-8080-exec-5] s.w.s.m.m.a.RequestMappingHandlerMapping : Mapped to com.rep.controller.apis.AdminApi#listarCursos()
2026-01-14T18:03:30.115-05:00 DEBUG 102707 --- [Main] [http-nio-8080-exec-5] o.s.w.s.m.m.a.HttpEntityMethodProcessor  : Using 'application/json', given [application/json, application/*+json] and supported [application/json, application/*+json]
2026-01-14T18:03:30.137-05:00 DEBUG 102707 --- [Main] [http-nio-8080-exec-5] o.s.w.s.m.m.a.HttpEntityMethodProcessor  : Writing [java.lang.StackOverflowError]
2026-01-14T18:03:30.139-05:00 DEBUG 102707 --- [Main] [http-nio-8080-exec-5] o.s.web.servlet.DispatcherServlet        : Completed 200 OK
2026-01-14T18:03:30.167-05:00 DEBUG 102707 --- [Main] [http-nio-8080-exec-6] o.s.security.web.FilterChainProxy        : Securing GET /api/admin/usuarios?rol=PROFESOR
2026-01-14T18:03:30.188-05:00 DEBUG 102707 --- [Main] [http-nio-8080-exec-6] o.s.security.web.FilterChainProxy        : Secured GET /api/admin/usuarios?rol=PROFESOR
2026-01-14T18:03:30.191-05:00  INFO 102707 --- [Main] [http-nio-8080-exec-6] com.rep.config.SecurityDebugFilter       : === SECURITY DEBUG ===
2026-01-14T18:03:30.191-05:00  INFO 102707 --- [Main] [http-nio-8080-exec-6] com.rep.config.SecurityDebugFilter       : Endpoint: GET /api/admin/usuarios
2026-01-14T18:03:30.192-05:00  INFO 102707 --- [Main] [http-nio-8080-exec-6] com.rep.config.SecurityDebugFilter       : Authenticated: true
2026-01-14T18:03:30.192-05:00  INFO 102707 --- [Main] [http-nio-8080-exec-6] com.rep.config.SecurityDebugFilter       : Principal: 22
2026-01-14T18:03:30.192-05:00  INFO 102707 --- [Main] [http-nio-8080-exec-6] com.rep.config.SecurityDebugFilter       : Authorities: [ADMIN]
2026-01-14T18:03:30.192-05:00 DEBUG 102707 --- [Main] [http-nio-8080-exec-6] o.s.web.servlet.DispatcherServlet        : GET "/api/admin/usuarios?rol=PROFESOR", parameters={masked}
2026-01-14T18:03:30.192-05:00 DEBUG 102707 --- [Main] [http-nio-8080-exec-6] s.w.s.m.m.a.RequestMappingHandlerMapping : Mapped to com.rep.controller.apis.AdminApi#listarUsuariosPorRol(String)
2026-01-14T18:03:30.203-05:00 DEBUG 102707 --- [Main] [http-nio-8080-exec-6] o.s.w.s.m.m.a.HttpEntityMethodProcessor  : Using 'application/json', given [application/json, application/*+json] and supported [application/json, application/*+json]
2026-01-14T18:03:30.204-05:00 DEBUG 102707 --- [Main] [http-nio-8080-exec-6] o.s.w.s.m.m.a.HttpEntityMethodProcessor  : Writing [[Profesor(edadProfesor=null, fechaIngreso=null, estado=activo)]]
2026-01-14T18:03:30.205-05:00 DEBUG 102707 --- [Main] [http-nio-8080-exec-6] o.s.web.servlet.DispatcherServlet        : Completed 200 OK
2026-01-14T18:05:39.832-05:00 DEBUG 102707 --- [Main] [http-nio-8080-exec-8] o.s.security.web.FilterChainProxy        : Securing POST /api/auth/login
2026-01-14T18:05:39.833-05:00 DEBUG 102707 --- [Main] [http-nio-8080-exec-8] o.s.s.w.a.AnonymousAuthenticationFilter  : Set SecurityContextHolder to anonymous SecurityContext
2026-01-14T18:05:39.834-05:00 DEBUG 102707 --- [Main] [http-nio-8080-exec-8] o.s.security.web.FilterChainProxy        : Secured POST /api/auth/login
2026-01-14T18:05:39.834-05:00  INFO 102707 --- [Main] [http-nio-8080-exec-8] com.rep.config.SecurityDebugFilter       : === SECURITY DEBUG ===
2026-01-14T18:05:39.834-05:00  INFO 102707 --- [Main] [http-nio-8080-exec-8] com.rep.config.SecurityDebugFilter       : Endpoint: POST /api/auth/login
2026-01-14T18:05:39.834-05:00  INFO 102707 --- [Main] [http-nio-8080-exec-8] com.rep.config.SecurityDebugFilter       : Authenticated: true
2026-01-14T18:05:39.834-05:00  INFO 102707 --- [Main] [http-nio-8080-exec-8] com.rep.config.SecurityDebugFilter       : Principal: anonymousUser
2026-01-14T18:05:39.834-05:00  INFO 102707 --- [Main] [http-nio-8080-exec-8] com.rep.config.SecurityDebugFilter       : Authorities: [ROLE_ANONYMOUS]
2026-01-14T18:05:39.834-05:00 DEBUG 102707 --- [Main] [http-nio-8080-exec-8] o.s.web.servlet.DispatcherServlet        : POST "/api/auth/login", parameters={}
2026-01-14T18:05:39.834-05:00 DEBUG 102707 --- [Main] [http-nio-8080-exec-8] s.w.s.m.m.a.RequestMappingHandlerMapping : Mapped to com.rep.controller.apis.AuthController#login(LoginRequest)
2026-01-14T18:05:39.835-05:00 DEBUG 102707 --- [Main] [http-nio-8080-exec-8] m.m.a.RequestResponseBodyMethodProcessor : Read "application/json;charset=UTF-8" to [com.rep.dto.auth.LoginRequest@55561c38]
2026-01-14T18:05:39.905-05:00 DEBUG 102707 --- [Main] [http-nio-8080-exec-8] o.s.w.s.m.m.a.HttpEntityMethodProcessor  : Using 'application/json', given [application/json, application/*+json] and supported [application/json, application/*+json]
2026-01-14T18:05:39.905-05:00 DEBUG 102707 --- [Main] [http-nio-8080-exec-8] o.s.w.s.m.m.a.HttpEntityMethodProcessor  : Writing [LoginResponse(usuario=AuthUsuarioDTO(id=1, nombre=Administrador, correo=admin@local.test, identifica (truncated)...]
2026-01-14T18:05:39.906-05:00 DEBUG 102707 --- [Main] [http-nio-8080-exec-8] o.s.web.servlet.DispatcherServlet        : Completed 200 OK
2026-01-14T18:05:40.054-05:00 DEBUG 102707 --- [Main] [http-nio-8080-exec-9] o.s.security.web.FilterChainProxy        : Securing GET /api/admin/materias
2026-01-14T18:05:40.068-05:00 DEBUG 102707 --- [Main] [http-nio-8080-exec-9] o.s.security.web.FilterChainProxy        : Secured GET /api/admin/materias
2026-01-14T18:05:40.068-05:00  INFO 102707 --- [Main] [http-nio-8080-exec-9] com.rep.config.SecurityDebugFilter       : === SECURITY DEBUG ===
2026-01-14T18:05:40.068-05:00  INFO 102707 --- [Main] [http-nio-8080-exec-9] com.rep.config.SecurityDebugFilter       : Endpoint: GET /api/admin/materias
2026-01-14T18:05:40.068-05:00  INFO 102707 --- [Main] [http-nio-8080-exec-9] com.rep.config.SecurityDebugFilter       : Authenticated: true
2026-01-14T18:05:40.068-05:00  INFO 102707 --- [Main] [http-nio-8080-exec-9] com.rep.config.SecurityDebugFilter       : Principal: 22
2026-01-14T18:05:40.068-05:00  INFO 102707 --- [Main] [http-nio-8080-exec-9] com.rep.config.SecurityDebugFilter       : Authorities: [ADMIN]
2026-01-14T18:05:40.068-05:00 DEBUG 102707 --- [Main] [http-nio-8080-exec-9] o.s.web.servlet.DispatcherServlet        : GET "/api/admin/materias", parameters={}
2026-01-14T18:05:40.068-05:00 DEBUG 102707 --- [Main] [http-nio-8080-exec-9] s.w.s.m.m.a.RequestMappingHandlerMapping : Mapped to com.rep.controller.apis.AdminApi#listarMaterias()
2026-01-14T18:05:40.074-05:00 DEBUG 102707 --- [Main] [http-nio-8080-exec-9] o.s.w.s.m.m.a.HttpEntityMethodProcessor  : Using 'application/json', given [application/json, application/*+json] and supported [application/json, application/*+json]
2026-01-14T18:05:40.074-05:00 DEBUG 102707 --- [Main] [http-nio-8080-exec-9] o.s.w.s.m.m.a.HttpEntityMethodProcessor  : Writing [[Materia{id=1, nombre='Prueba'}]]
2026-01-14T18:05:40.075-05:00 DEBUG 102707 --- [Main] [http-nio-8080-exec-9] o.s.web.servlet.DispatcherServlet        : Completed 200 OK
2026-01-14T18:05:40.088-05:00 DEBUG 102707 --- [Main] [http-nio-8080-exec-10] o.s.security.web.FilterChainProxy        : Securing GET /api/admin/cursos
2026-01-14T18:05:40.099-05:00 DEBUG 102707 --- [Main] [http-nio-8080-exec-10] o.s.security.web.FilterChainProxy        : Secured GET /api/admin/cursos
2026-01-14T18:05:40.099-05:00  INFO 102707 --- [Main] [http-nio-8080-exec-10] com.rep.config.SecurityDebugFilter       : === SECURITY DEBUG ===
2026-01-14T18:05:40.099-05:00  INFO 102707 --- [Main] [http-nio-8080-exec-10] com.rep.config.SecurityDebugFilter       : Endpoint: GET /api/admin/cursos
2026-01-14T18:05:40.099-05:00  INFO 102707 --- [Main] [http-nio-8080-exec-10] com.rep.config.SecurityDebugFilter       : Authenticated: true
2026-01-14T18:05:40.099-05:00  INFO 102707 --- [Main] [http-nio-8080-exec-10] com.rep.config.SecurityDebugFilter       : Principal: 22
2026-01-14T18:05:40.099-05:00  INFO 102707 --- [Main] [http-nio-8080-exec-10] com.rep.config.SecurityDebugFilter       : Authorities: [ADMIN]
2026-01-14T18:05:40.099-05:00 DEBUG 102707 --- [Main] [http-nio-8080-exec-10] o.s.web.servlet.DispatcherServlet        : GET "/api/admin/cursos", parameters={}
2026-01-14T18:05:40.100-05:00 DEBUG 102707 --- [Main] [http-nio-8080-exec-10] s.w.s.m.m.a.RequestMappingHandlerMapping : Mapped to com.rep.controller.apis.AdminApi#listarCursos()
2026-01-14T18:05:40.103-05:00 DEBUG 102707 --- [Main] [http-nio-8080-exec-10] o.s.w.s.m.m.a.HttpEntityMethodProcessor  : Using 'application/json', given [application/json, application/*+json] and supported [application/json, application/*+json]
2026-01-14T18:05:40.109-05:00 DEBUG 102707 --- [Main] [http-nio-8080-exec-10] o.s.w.s.m.m.a.HttpEntityMethodProcessor  : Writing [java.lang.StackOverflowError]
2026-01-14T18:05:40.110-05:00 DEBUG 102707 --- [Main] [http-nio-8080-exec-10] o.s.web.servlet.DispatcherServlet        : Completed 200 OK
2026-01-14T18:05:40.135-05:00 DEBUG 102707 --- [Main] [http-nio-8080-exec-1] o.s.security.web.FilterChainProxy        : Securing GET /api/admin/usuarios?rol=PROFESOR
2026-01-14T18:05:40.145-05:00 DEBUG 102707 --- [Main] [http-nio-8080-exec-1] o.s.security.web.FilterChainProxy        : Secured GET /api/admin/usuarios?rol=PROFESOR
2026-01-14T18:05:40.145-05:00  INFO 102707 --- [Main] [http-nio-8080-exec-1] com.rep.config.SecurityDebugFilter       : === SECURITY DEBUG ===
2026-01-14T18:05:40.146-05:00  INFO 102707 --- [Main] [http-nio-8080-exec-1] com.rep.config.SecurityDebugFilter       : Endpoint: GET /api/admin/usuarios
2026-01-14T18:05:40.146-05:00  INFO 102707 --- [Main] [http-nio-8080-exec-1] com.rep.config.SecurityDebugFilter       : Authenticated: true
2026-01-14T18:05:40.146-05:00  INFO 102707 --- [Main] [http-nio-8080-exec-1] com.rep.config.SecurityDebugFilter       : Principal: 22
2026-01-14T18:05:40.146-05:00  INFO 102707 --- [Main] [http-nio-8080-exec-1] com.rep.config.SecurityDebugFilter       : Authorities: [ADMIN]
2026-01-14T18:05:40.146-05:00 DEBUG 102707 --- [Main] [http-nio-8080-exec-1] o.s.web.servlet.DispatcherServlet        : GET "/api/admin/usuarios?rol=PROFESOR", parameters={masked}
2026-01-14T18:05:40.146-05:00 DEBUG 102707 --- [Main] [http-nio-8080-exec-1] s.w.s.m.m.a.RequestMappingHandlerMapping : Mapped to com.rep.controller.apis.AdminApi#listarUsuariosPorRol(String)
2026-01-14T18:05:40.152-05:00 DEBUG 102707 --- [Main] [http-nio-8080-exec-1] o.s.w.s.m.m.a.HttpEntityMethodProcessor  : Using 'application/json', given [application/json, application/*+json] and supported [application/json, application/*+json]
2026-01-14T18:05:40.152-05:00 DEBUG 102707 --- [Main] [http-nio-8080-exec-1] o.s.w.s.m.m.a.HttpEntityMethodProcessor  : Writing [[Profesor(edadProfesor=null, fechaIngreso=null, estado=activo)]]
2026-01-14T18:05:40.153-05:00 DEBUG 102707 --- [Main] [http-nio-8080-exec-1] o.s.web.servlet.DispatcherServlet        : Completed 200 OK
2026-01-14T18:10:49.783-05:00 DEBUG 102707 --- [Main] [http-nio-8080-exec-3] o.s.security.web.FilterChainProxy        : Securing POST /api/auth/login
2026-01-14T18:10:49.784-05:00 DEBUG 102707 --- [Main] [http-nio-8080-exec-3] o.s.s.w.a.AnonymousAuthenticationFilter  : Set SecurityContextHolder to anonymous SecurityContext
2026-01-14T18:10:49.785-05:00 DEBUG 102707 --- [Main] [http-nio-8080-exec-3] o.s.security.web.FilterChainProxy        : Secured POST /api/auth/login
2026-01-14T18:10:49.786-05:00  INFO 102707 --- [Main] [http-nio-8080-exec-3] com.rep.config.SecurityDebugFilter       : === SECURITY DEBUG ===
2026-01-14T18:10:49.786-05:00  INFO 102707 --- [Main] [http-nio-8080-exec-3] com.rep.config.SecurityDebugFilter       : Endpoint: POST /api/auth/login
2026-01-14T18:10:49.786-05:00  INFO 102707 --- [Main] [http-nio-8080-exec-3] com.rep.config.SecurityDebugFilter       : Authenticated: true
2026-01-14T18:10:49.786-05:00  INFO 102707 --- [Main] [http-nio-8080-exec-3] com.rep.config.SecurityDebugFilter       : Principal: anonymousUser
2026-01-14T18:10:49.786-05:00  INFO 102707 --- [Main] [http-nio-8080-exec-3] com.rep.config.SecurityDebugFilter       : Authorities: [ROLE_ANONYMOUS]
2026-01-14T18:10:49.786-05:00 DEBUG 102707 --- [Main] [http-nio-8080-exec-3] o.s.web.servlet.DispatcherServlet        : POST "/api/auth/login", parameters={}
2026-01-14T18:10:49.787-05:00 DEBUG 102707 --- [Main] [http-nio-8080-exec-3] s.w.s.m.m.a.RequestMappingHandlerMapping : Mapped to com.rep.controller.apis.AuthController#login(LoginRequest)
2026-01-14T18:10:49.788-05:00 DEBUG 102707 --- [Main] [http-nio-8080-exec-3] m.m.a.RequestResponseBodyMethodProcessor : Read "application/json;charset=UTF-8" to [com.rep.dto.auth.LoginRequest@63c0824d]
2026-01-14T18:10:49.871-05:00 DEBUG 102707 --- [Main] [http-nio-8080-exec-3] o.s.w.s.m.m.a.HttpEntityMethodProcessor  : Using 'application/json', given [application/json, application/*+json] and supported [application/json, application/*+json]
2026-01-14T18:10:49.871-05:00 DEBUG 102707 --- [Main] [http-nio-8080-exec-3] o.s.w.s.m.m.a.HttpEntityMethodProcessor  : Writing [LoginResponse(usuario=AuthUsuarioDTO(id=1, nombre=Administrador, correo=admin@local.test, identifica (truncated)...]
2026-01-14T18:10:49.872-05:00 DEBUG 102707 --- [Main] [http-nio-8080-exec-3] o.s.web.servlet.DispatcherServlet        : Completed 200 OK
2026-01-14T18:10:50.050-05:00 DEBUG 102707 --- [Main] [http-nio-8080-exec-4] o.s.security.web.FilterChainProxy        : Securing GET /api/admin/materias
2026-01-14T18:10:50.065-05:00 DEBUG 102707 --- [Main] [http-nio-8080-exec-4] o.s.security.web.FilterChainProxy        : Secured GET /api/admin/materias
2026-01-14T18:10:50.066-05:00  INFO 102707 --- [Main] [http-nio-8080-exec-4] com.rep.config.SecurityDebugFilter       : === SECURITY DEBUG ===
2026-01-14T18:10:50.066-05:00  INFO 102707 --- [Main] [http-nio-8080-exec-4] com.rep.config.SecurityDebugFilter       : Endpoint: GET /api/admin/materias
2026-01-14T18:10:50.066-05:00  INFO 102707 --- [Main] [http-nio-8080-exec-4] com.rep.config.SecurityDebugFilter       : Authenticated: true
2026-01-14T18:10:50.066-05:00  INFO 102707 --- [Main] [http-nio-8080-exec-4] com.rep.config.SecurityDebugFilter       : Principal: 22
2026-01-14T18:10:50.066-05:00  INFO 102707 --- [Main] [http-nio-8080-exec-4] com.rep.config.SecurityDebugFilter       : Authorities: [ADMIN]
2026-01-14T18:10:50.066-05:00 DEBUG 102707 --- [Main] [http-nio-8080-exec-4] o.s.web.servlet.DispatcherServlet        : GET "/api/admin/materias", parameters={}
2026-01-14T18:10:50.066-05:00 DEBUG 102707 --- [Main] [http-nio-8080-exec-4] s.w.s.m.m.a.RequestMappingHandlerMapping : Mapped to com.rep.controller.apis.AdminApi#listarMaterias()
2026-01-14T18:10:50.073-05:00 DEBUG 102707 --- [Main] [http-nio-8080-exec-4] o.s.w.s.m.m.a.HttpEntityMethodProcessor  : Using 'application/json', given [application/json, application/*+json] and supported [application/json, application/*+json]
2026-01-14T18:10:50.073-05:00 DEBUG 102707 --- [Main] [http-nio-8080-exec-4] o.s.w.s.m.m.a.HttpEntityMethodProcessor  : Writing [[Materia{id=1, nombre='Prueba'}]]
2026-01-14T18:10:50.074-05:00 DEBUG 102707 --- [Main] [http-nio-8080-exec-4] o.s.web.servlet.DispatcherServlet        : Completed 200 OK
2026-01-14T18:10:50.084-05:00 DEBUG 102707 --- [Main] [http-nio-8080-exec-5] o.s.security.web.FilterChainProxy        : Securing GET /api/admin/cursos
2026-01-14T18:10:50.094-05:00 DEBUG 102707 --- [Main] [http-nio-8080-exec-5] o.s.security.web.FilterChainProxy        : Secured GET /api/admin/cursos
2026-01-14T18:10:50.094-05:00  INFO 102707 --- [Main] [http-nio-8080-exec-5] com.rep.config.SecurityDebugFilter       : === SECURITY DEBUG ===
2026-01-14T18:10:50.094-05:00  INFO 102707 --- [Main] [http-nio-8080-exec-5] com.rep.config.SecurityDebugFilter       : Endpoint: GET /api/admin/cursos
2026-01-14T18:10:50.094-05:00  INFO 102707 --- [Main] [http-nio-8080-exec-5] com.rep.config.SecurityDebugFilter       : Authenticated: true
2026-01-14T18:10:50.094-05:00  INFO 102707 --- [Main] [http-nio-8080-exec-5] com.rep.config.SecurityDebugFilter       : Principal: 22
2026-01-14T18:10:50.094-05:00  INFO 102707 --- [Main] [http-nio-8080-exec-5] com.rep.config.SecurityDebugFilter       : Authorities: [ADMIN]
2026-01-14T18:10:50.094-05:00 DEBUG 102707 --- [Main] [http-nio-8080-exec-5] o.s.web.servlet.DispatcherServlet        : GET "/api/admin/cursos", parameters={}
2026-01-14T18:10:50.095-05:00 DEBUG 102707 --- [Main] [http-nio-8080-exec-5] s.w.s.m.m.a.RequestMappingHandlerMapping : Mapped to com.rep.controller.apis.AdminApi#listarCursos()
2026-01-14T18:10:50.098-05:00 DEBUG 102707 --- [Main] [http-nio-8080-exec-5] o.s.w.s.m.m.a.HttpEntityMethodProcessor  : Using 'application/json', given [application/json, application/*+json] and supported [application/json, application/*+json]
2026-01-14T18:10:50.112-05:00 DEBUG 102707 --- [Main] [http-nio-8080-exec-5] o.s.w.s.m.m.a.HttpEntityMethodProcessor  : Writing [java.lang.StackOverflowError]
2026-01-14T18:10:50.116-05:00 DEBUG 102707 --- [Main] [http-nio-8080-exec-5] o.s.web.servlet.DispatcherServlet        : Completed 200 OK
2026-01-14T18:10:50.140-05:00 DEBUG 102707 --- [Main] [http-nio-8080-exec-6] o.s.security.web.FilterChainProxy        : Securing GET /api/admin/usuarios?rol=PROFESOR
2026-01-14T18:10:50.154-05:00 DEBUG 102707 --- [Main] [http-nio-8080-exec-6] o.s.security.web.FilterChainProxy        : Secured GET /api/admin/usuarios?rol=PROFESOR
2026-01-14T18:10:50.154-05:00  INFO 102707 --- [Main] [http-nio-8080-exec-6] com.rep.config.SecurityDebugFilter       : === SECURITY DEBUG ===
2026-01-14T18:10:50.155-05:00  INFO 102707 --- [Main] [http-nio-8080-exec-6] com.rep.config.SecurityDebugFilter       : Endpoint: GET /api/admin/usuarios
2026-01-14T18:10:50.155-05:00  INFO 102707 --- [Main] [http-nio-8080-exec-6] com.rep.config.SecurityDebugFilter       : Authenticated: true
2026-01-14T18:10:50.155-05:00  INFO 102707 --- [Main] [http-nio-8080-exec-6] com.rep.config.SecurityDebugFilter       : Principal: 22
2026-01-14T18:10:50.155-05:00  INFO 102707 --- [Main] [http-nio-8080-exec-6] com.rep.config.SecurityDebugFilter       : Authorities: [ADMIN]
2026-01-14T18:10:50.155-05:00 DEBUG 102707 --- [Main] [http-nio-8080-exec-6] o.s.web.servlet.DispatcherServlet        : GET "/api/admin/usuarios?rol=PROFESOR", parameters={masked}
2026-01-14T18:10:50.156-05:00 DEBUG 102707 --- [Main] [http-nio-8080-exec-6] s.w.s.m.m.a.RequestMappingHandlerMapping : Mapped to com.rep.controller.apis.AdminApi#listarUsuariosPorRol(String)
2026-01-14T18:10:50.164-05:00 DEBUG 102707 --- [Main] [http-nio-8080-exec-6] o.s.w.s.m.m.a.HttpEntityMethodProcessor  : Using 'application/json', given [application/json, application/*+json] and supported [application/json, application/*+json]
2026-01-14T18:10:50.165-05:00 DEBUG 102707 --- [Main] [http-nio-8080-exec-6] o.s.w.s.m.m.a.HttpEntityMethodProcessor  : Writing [[Profesor(edadProfesor=null, fechaIngreso=null, estado=activo)]]
2026-01-14T18:10:50.166-05:00 DEBUG 102707 --- [Main] [http-nio-8080-exec-6] o.s.web.servlet.DispatcherServlet        : Completed 200 OK
2026-01-14T18:10:50.184-05:00 DEBUG 102707 --- [Main] [http-nio-8080-exec-7] o.s.security.web.FilterChainProxy        : Securing GET /api/admin/usuarios?rol=ESTUDIANTE
2026-01-14T18:10:50.192-05:00 DEBUG 102707 --- [Main] [http-nio-8080-exec-7] o.s.security.web.FilterChainProxy        : Secured GET /api/admin/usuarios?rol=ESTUDIANTE
2026-01-14T18:10:50.192-05:00  INFO 102707 --- [Main] [http-nio-8080-exec-7] com.rep.config.SecurityDebugFilter       : === SECURITY DEBUG ===
2026-01-14T18:10:50.192-05:00  INFO 102707 --- [Main] [http-nio-8080-exec-7] com.rep.config.SecurityDebugFilter       : Endpoint: GET /api/admin/usuarios
2026-01-14T18:10:50.192-05:00  INFO 102707 --- [Main] [http-nio-8080-exec-7] com.rep.config.SecurityDebugFilter       : Authenticated: true
2026-01-14T18:10:50.193-05:00  INFO 102707 --- [Main] [http-nio-8080-exec-7] com.rep.config.SecurityDebugFilter       : Principal: 22
2026-01-14T18:10:50.193-05:00  INFO 102707 --- [Main] [http-nio-8080-exec-7] com.rep.config.SecurityDebugFilter       : Authorities: [ADMIN]
2026-01-14T18:10:50.193-05:00 DEBUG 102707 --- [Main] [http-nio-8080-exec-7] o.s.web.servlet.DispatcherServlet        : GET "/api/admin/usuarios?rol=ESTUDIANTE", parameters={masked}
2026-01-14T18:10:50.193-05:00 DEBUG 102707 --- [Main] [http-nio-8080-exec-7] s.w.s.m.m.a.RequestMappingHandlerMapping : Mapped to com.rep.controller.apis.AdminApi#listarUsuariosPorRol(String)
2026-01-14T18:10:50.200-05:00 DEBUG 102707 --- [Main] [http-nio-8080-exec-7] o.s.w.s.m.m.a.HttpEntityMethodProcessor  : Using 'application/json', given [application/json, application/*+json] and supported [application/json, application/*+json]
2026-01-14T18:10:50.419-05:00 DEBUG 102707 --- [Main] [http-nio-8080-exec-7] o.s.w.s.m.m.a.HttpEntityMethodProcessor  : Writing [java.lang.StackOverflowError]
2026-01-14T18:10:50.438-05:00 DEBUG 102707 --- [Main] [http-nio-8080-exec-7] o.s.web.servlet.DispatcherServlet        : Completed 200 OK
2026-01-14T18:11:11.198-05:00 DEBUG 102707 --- [Main] [http-nio-8080-exec-8] o.s.security.web.FilterChainProxy        : Securing POST /api/admin/cursos
2026-01-14T18:11:11.210-05:00 DEBUG 102707 --- [Main] [http-nio-8080-exec-8] o.s.security.web.FilterChainProxy        : Secured POST /api/admin/cursos
2026-01-14T18:11:11.210-05:00  INFO 102707 --- [Main] [http-nio-8080-exec-8] com.rep.config.SecurityDebugFilter       : === SECURITY DEBUG ===
2026-01-14T18:11:11.210-05:00  INFO 102707 --- [Main] [http-nio-8080-exec-8] com.rep.config.SecurityDebugFilter       : Endpoint: POST /api/admin/cursos
2026-01-14T18:11:11.210-05:00  INFO 102707 --- [Main] [http-nio-8080-exec-8] com.rep.config.SecurityDebugFilter       : Authenticated: true
2026-01-14T18:11:11.210-05:00  INFO 102707 --- [Main] [http-nio-8080-exec-8] com.rep.config.SecurityDebugFilter       : Principal: 22
2026-01-14T18:11:11.210-05:00  INFO 102707 --- [Main] [http-nio-8080-exec-8] com.rep.config.SecurityDebugFilter       : Authorities: [ADMIN]
2026-01-14T18:11:11.210-05:00 DEBUG 102707 --- [Main] [http-nio-8080-exec-8] o.s.web.servlet.DispatcherServlet        : POST "/api/admin/cursos", parameters={}
2026-01-14T18:11:11.210-05:00 DEBUG 102707 --- [Main] [http-nio-8080-exec-8] s.w.s.m.m.a.RequestMappingHandlerMapping : Mapped to com.rep.controller.apis.AdminApi#registrarCurso(Curso)
2026-01-14T18:11:11.371-05:00 DEBUG 102707 --- [Main] [http-nio-8080-exec-8] m.m.a.RequestResponseBodyMethodProcessor : Read "application/json;charset=UTF-8" to [Curso(id=null, grado=7, grupo=E, estudiantes=[])]
2026-01-14T18:11:11.639-05:00 DEBUG 102707 --- [Main] [http-nio-8080-exec-8] o.s.w.s.m.m.a.HttpEntityMethodProcessor  : Using 'application/json', given [application/json, application/*+json] and supported [application/json, application/*+json]
2026-01-14T18:11:11.640-05:00 DEBUG 102707 --- [Main] [http-nio-8080-exec-8] o.s.w.s.m.m.a.HttpEntityMethodProcessor  : Writing [Curso(id=2, grado=7, grupo=E, estudiantes=[])]
2026-01-14T18:11:11.642-05:00 DEBUG 102707 --- [Main] [http-nio-8080-exec-8] o.s.web.servlet.DispatcherServlet        : Completed 200 OK
2026-01-14T18:11:11.654-05:00 DEBUG 102707 --- [Main] [http-nio-8080-exec-9] o.s.security.web.FilterChainProxy        : Securing GET /api/admin/materias
2026-01-14T18:11:11.669-05:00 DEBUG 102707 --- [Main] [http-nio-8080-exec-9] o.s.security.web.FilterChainProxy        : Secured GET /api/admin/materias
2026-01-14T18:11:11.669-05:00  INFO 102707 --- [Main] [http-nio-8080-exec-9] com.rep.config.SecurityDebugFilter       : === SECURITY DEBUG ===
2026-01-14T18:11:11.669-05:00  INFO 102707 --- [Main] [http-nio-8080-exec-9] com.rep.config.SecurityDebugFilter       : Endpoint: GET /api/admin/materias
2026-01-14T18:11:11.669-05:00  INFO 102707 --- [Main] [http-nio-8080-exec-9] com.rep.config.SecurityDebugFilter       : Authenticated: true
2026-01-14T18:11:11.669-05:00  INFO 102707 --- [Main] [http-nio-8080-exec-9] com.rep.config.SecurityDebugFilter       : Principal: 22
2026-01-14T18:11:11.669-05:00  INFO 102707 --- [Main] [http-nio-8080-exec-9] com.rep.config.SecurityDebugFilter       : Authorities: [ADMIN]
2026-01-14T18:11:11.669-05:00 DEBUG 102707 --- [Main] [http-nio-8080-exec-9] o.s.web.servlet.DispatcherServlet        : GET "/api/admin/materias", parameters={}
2026-01-14T18:11:11.670-05:00 DEBUG 102707 --- [Main] [http-nio-8080-exec-9] s.w.s.m.m.a.RequestMappingHandlerMapping : Mapped to com.rep.controller.apis.AdminApi#listarMaterias()
2026-01-14T18:11:11.678-05:00 DEBUG 102707 --- [Main] [http-nio-8080-exec-9] o.s.w.s.m.m.a.HttpEntityMethodProcessor  : Using 'application/json', given [application/json, application/*+json] and supported [application/json, application/*+json]
2026-01-14T18:11:11.678-05:00 DEBUG 102707 --- [Main] [http-nio-8080-exec-9] o.s.w.s.m.m.a.HttpEntityMethodProcessor  : Writing [[Materia{id=1, nombre='Prueba'}]]
2026-01-14T18:11:11.680-05:00 DEBUG 102707 --- [Main] [http-nio-8080-exec-9] o.s.web.servlet.DispatcherServlet        : Completed 200 OK
2026-01-14T18:11:11.688-05:00 DEBUG 102707 --- [Main] [http-nio-8080-exec-10] o.s.security.web.FilterChainProxy        : Securing GET /api/admin/cursos
2026-01-14T18:11:11.711-05:00 DEBUG 102707 --- [Main] [http-nio-8080-exec-10] o.s.security.web.FilterChainProxy        : Secured GET /api/admin/cursos
2026-01-14T18:11:11.711-05:00  INFO 102707 --- [Main] [http-nio-8080-exec-10] com.rep.config.SecurityDebugFilter       : === SECURITY DEBUG ===
2026-01-14T18:11:11.711-05:00  INFO 102707 --- [Main] [http-nio-8080-exec-10] com.rep.config.SecurityDebugFilter       : Endpoint: GET /api/admin/cursos
2026-01-14T18:11:11.711-05:00  INFO 102707 --- [Main] [http-nio-8080-exec-10] com.rep.config.SecurityDebugFilter       : Authenticated: true
2026-01-14T18:11:11.711-05:00  INFO 102707 --- [Main] [http-nio-8080-exec-10] com.rep.config.SecurityDebugFilter       : Principal: 22
2026-01-14T18:11:11.711-05:00  INFO 102707 --- [Main] [http-nio-8080-exec-10] com.rep.config.SecurityDebugFilter       : Authorities: [ADMIN]
2026-01-14T18:11:11.712-05:00 DEBUG 102707 --- [Main] [http-nio-8080-exec-10] o.s.web.servlet.DispatcherServlet        : GET "/api/admin/cursos", parameters={}
2026-01-14T18:11:11.712-05:00 DEBUG 102707 --- [Main] [http-nio-8080-exec-10] s.w.s.m.m.a.RequestMappingHandlerMapping : Mapped to com.rep.controller.apis.AdminApi#listarCursos()
2026-01-14T18:11:11.716-05:00 DEBUG 102707 --- [Main] [http-nio-8080-exec-10] o.s.w.s.m.m.a.HttpEntityMethodProcessor  : Using 'application/json', given [application/json, application/*+json] and supported [application/json, application/*+json]
2026-01-14T18:11:11.724-05:00 DEBUG 102707 --- [Main] [http-nio-8080-exec-10] o.s.w.s.m.m.a.HttpEntityMethodProcessor  : Writing [java.lang.StackOverflowError]
2026-01-14T18:11:11.725-05:00 DEBUG 102707 --- [Main] [http-nio-8080-exec-10] o.s.web.servlet.DispatcherServlet        : Completed 200 OK
2026-01-14T18:11:11.728-05:00 DEBUG 102707 --- [Main] [http-nio-8080-exec-1] o.s.security.web.FilterChainProxy        : Securing GET /api/admin/usuarios?rol=PROFESOR
2026-01-14T18:11:11.734-05:00 DEBUG 102707 --- [Main] [http-nio-8080-exec-1] o.s.security.web.FilterChainProxy        : Secured GET /api/admin/usuarios?rol=PROFESOR
2026-01-14T18:11:11.734-05:00  INFO 102707 --- [Main] [http-nio-8080-exec-1] com.rep.config.SecurityDebugFilter       : === SECURITY DEBUG ===
2026-01-14T18:11:11.734-05:00  INFO 102707 --- [Main] [http-nio-8080-exec-1] com.rep.config.SecurityDebugFilter       : Endpoint: GET /api/admin/usuarios
2026-01-14T18:11:11.735-05:00  INFO 102707 --- [Main] [http-nio-8080-exec-1] com.rep.config.SecurityDebugFilter       : Authenticated: true
2026-01-14T18:11:11.735-05:00  INFO 102707 --- [Main] [http-nio-8080-exec-1] com.rep.config.SecurityDebugFilter       : Principal: 22
2026-01-14T18:11:11.735-05:00  INFO 102707 --- [Main] [http-nio-8080-exec-1] com.rep.config.SecurityDebugFilter       : Authorities: [ADMIN]
2026-01-14T18:11:11.735-05:00 DEBUG 102707 --- [Main] [http-nio-8080-exec-1] o.s.web.servlet.DispatcherServlet        : GET "/api/admin/usuarios?rol=PROFESOR", parameters={masked}
2026-01-14T18:11:11.735-05:00 DEBUG 102707 --- [Main] [http-nio-8080-exec-1] s.w.s.m.m.a.RequestMappingHandlerMapping : Mapped to com.rep.controller.apis.AdminApi#listarUsuariosPorRol(String)
2026-01-14T18:11:11.739-05:00 DEBUG 102707 --- [Main] [http-nio-8080-exec-1] o.s.w.s.m.m.a.HttpEntityMethodProcessor  : Using 'application/json', given [application/json, application/*+json] and supported [application/json, application/*+json]
2026-01-14T18:11:11.739-05:00 DEBUG 102707 --- [Main] [http-nio-8080-exec-1] o.s.w.s.m.m.a.HttpEntityMethodProcessor  : Writing [[Profesor(edadProfesor=null, fechaIngreso=null, estado=activo)]]
2026-01-14T18:11:11.740-05:00 DEBUG 102707 --- [Main] [http-nio-8080-exec-1] o.s.web.servlet.DispatcherServlet        : Completed 200 OK
2026-01-14T18:11:11.744-05:00 DEBUG 102707 --- [Main] [http-nio-8080-exec-2] o.s.security.web.FilterChainProxy        : Securing GET /api/admin/usuarios?rol=ESTUDIANTE
2026-01-14T18:11:11.752-05:00 DEBUG 102707 --- [Main] [http-nio-8080-exec-2] o.s.security.web.FilterChainProxy        : Secured GET /api/admin/usuarios?rol=ESTUDIANTE
2026-01-14T18:11:11.752-05:00  INFO 102707 --- [Main] [http-nio-8080-exec-2] com.rep.config.SecurityDebugFilter       : === SECURITY DEBUG ===
2026-01-14T18:11:11.752-05:00  INFO 102707 --- [Main] [http-nio-8080-exec-2] com.rep.config.SecurityDebugFilter       : Endpoint: GET /api/admin/usuarios
2026-01-14T18:11:11.752-05:00  INFO 102707 --- [Main] [http-nio-8080-exec-2] com.rep.config.SecurityDebugFilter       : Authenticated: true
2026-01-14T18:11:11.752-05:00  INFO 102707 --- [Main] [http-nio-8080-exec-2] com.rep.config.SecurityDebugFilter       : Principal: 22
2026-01-14T18:11:11.752-05:00  INFO 102707 --- [Main] [http-nio-8080-exec-2] com.rep.config.SecurityDebugFilter       : Authorities: [ADMIN]
2026-01-14T18:11:11.752-05:00 DEBUG 102707 --- [Main] [http-nio-8080-exec-2] o.s.web.servlet.DispatcherServlet        : GET "/api/admin/usuarios?rol=ESTUDIANTE", parameters={masked}
2026-01-14T18:11:11.752-05:00 DEBUG 102707 --- [Main] [http-nio-8080-exec-2] s.w.s.m.m.a.RequestMappingHandlerMapping : Mapped to com.rep.controller.apis.AdminApi#listarUsuariosPorRol(String)
2026-01-14T18:11:11.765-05:00 DEBUG 102707 --- [Main] [http-nio-8080-exec-2] o.s.w.s.m.m.a.HttpEntityMethodProcessor  : Using 'application/json', given [application/json, application/*+json] and supported [application/json, application/*+json]
2026-01-14T18:11:11.924-05:00 DEBUG 102707 --- [Main] [http-nio-8080-exec-2] o.s.w.s.m.m.a.HttpEntityMethodProcessor  : Writing [java.lang.StackOverflowError]
2026-01-14T18:11:11.925-05:00 DEBUG 102707 --- [Main] [http-nio-8080-exec-2] o.s.web.servlet.DispatcherServlet        : Completed 200 OK
2026-01-14T18:14:05.859-05:00 DEBUG 102707 --- [Main] [http-nio-8080-exec-4] o.s.security.web.FilterChainProxy        : Securing POST /api/auth/login
2026-01-14T18:14:05.860-05:00 DEBUG 102707 --- [Main] [http-nio-8080-exec-4] o.s.s.w.a.AnonymousAuthenticationFilter  : Set SecurityContextHolder to anonymous SecurityContext
2026-01-14T18:14:05.861-05:00 DEBUG 102707 --- [Main] [http-nio-8080-exec-4] o.s.security.web.FilterChainProxy        : Secured POST /api/auth/login
2026-01-14T18:14:05.861-05:00  INFO 102707 --- [Main] [http-nio-8080-exec-4] com.rep.config.SecurityDebugFilter       : === SECURITY DEBUG ===
2026-01-14T18:14:05.861-05:00  INFO 102707 --- [Main] [http-nio-8080-exec-4] com.rep.config.SecurityDebugFilter       : Endpoint: POST /api/auth/login
2026-01-14T18:14:05.861-05:00  INFO 102707 --- [Main] [http-nio-8080-exec-4] com.rep.config.SecurityDebugFilter       : Authenticated: true
2026-01-14T18:14:05.861-05:00  INFO 102707 --- [Main] [http-nio-8080-exec-4] com.rep.config.SecurityDebugFilter       : Principal: anonymousUser
2026-01-14T18:14:05.861-05:00  INFO 102707 --- [Main] [http-nio-8080-exec-4] com.rep.config.SecurityDebugFilter       : Authorities: [ROLE_ANONYMOUS]
2026-01-14T18:14:05.861-05:00 DEBUG 102707 --- [Main] [http-nio-8080-exec-4] o.s.web.servlet.DispatcherServlet        : POST "/api/auth/login", parameters={}
2026-01-14T18:14:05.861-05:00 DEBUG 102707 --- [Main] [http-nio-8080-exec-4] s.w.s.m.m.a.RequestMappingHandlerMapping : Mapped to com.rep.controller.apis.AuthController#login(LoginRequest)
2026-01-14T18:14:05.862-05:00 DEBUG 102707 --- [Main] [http-nio-8080-exec-4] m.m.a.RequestResponseBodyMethodProcessor : Read "application/json;charset=UTF-8" to [com.rep.dto.auth.LoginRequest@5c1e48c3]
2026-01-14T18:14:05.946-05:00 DEBUG 102707 --- [Main] [http-nio-8080-exec-4] o.s.w.s.m.m.a.HttpEntityMethodProcessor  : Using 'application/json', given [application/json, application/*+json] and supported [application/json, application/*+json]
2026-01-14T18:14:05.947-05:00 DEBUG 102707 --- [Main] [http-nio-8080-exec-4] o.s.w.s.m.m.a.HttpEntityMethodProcessor  : Writing [LoginResponse(usuario=AuthUsuarioDTO(id=3, nombre=estudiante, correo=estudiante@gmail.com, identific (truncated)...]
2026-01-14T18:14:05.947-05:00 DEBUG 102707 --- [Main] [http-nio-8080-exec-4] o.s.web.servlet.DispatcherServlet        : Completed 200 OK
2026-01-14T18:14:06.064-05:00 DEBUG 102707 --- [Main] [http-nio-8080-exec-5] o.s.security.web.FilterChainProxy        : Securing GET /api/estudiante/3/materias
2026-01-14T18:14:06.084-05:00 DEBUG 102707 --- [Main] [http-nio-8080-exec-5] o.s.security.web.FilterChainProxy        : Secured GET /api/estudiante/3/materias
2026-01-14T18:14:06.085-05:00  INFO 102707 --- [Main] [http-nio-8080-exec-5] com.rep.config.SecurityDebugFilter       : === SECURITY DEBUG ===
2026-01-14T18:14:06.085-05:00  INFO 102707 --- [Main] [http-nio-8080-exec-5] com.rep.config.SecurityDebugFilter       : Endpoint: GET /api/estudiante/3/materias
2026-01-14T18:14:06.085-05:00  INFO 102707 --- [Main] [http-nio-8080-exec-5] com.rep.config.SecurityDebugFilter       : Authenticated: true
2026-01-14T18:14:06.085-05:00  INFO 102707 --- [Main] [http-nio-8080-exec-5] com.rep.config.SecurityDebugFilter       : Principal: 2
2026-01-14T18:14:06.085-05:00  INFO 102707 --- [Main] [http-nio-8080-exec-5] com.rep.config.SecurityDebugFilter       : Authorities: [ESTUDIANTE]
2026-01-14T18:14:06.086-05:00 DEBUG 102707 --- [Main] [http-nio-8080-exec-5] o.s.web.servlet.DispatcherServlet        : GET "/api/estudiante/3/materias", parameters={}
2026-01-14T18:14:06.086-05:00 DEBUG 102707 --- [Main] [http-nio-8080-exec-5] s.w.s.m.m.a.RequestMappingHandlerMapping : Mapped to com.rep.controller.apis.EstudianteApi#getMateriasByEstudiante(Long, String)
2026-01-14T18:14:06.124-05:00  INFO 102707 --- [Main] [http-nio-8080-exec-5] com.rep.controller.apis.EstudianteApi    : Solicitud de materias para estudiante 3
2026-01-14T18:14:06.301-05:00 DEBUG 102707 --- [Main] [http-nio-8080-exec-5] o.s.w.s.m.m.a.HttpEntityMethodProcessor  : Using 'application/json', given [application/json, application/*+json] and supported [application/json, application/*+json]
2026-01-14T18:14:06.303-05:00 DEBUG 102707 --- [Main] [http-nio-8080-exec-5] o.s.w.s.m.m.a.HttpEntityMethodProcessor  : Writing [[MateriaDTO(id=1, nombre=Prueba)]]
2026-01-14T18:14:06.312-05:00 DEBUG 102707 --- [Main] [http-nio-8080-exec-5] o.s.web.servlet.DispatcherServlet        : Completed 200 OK
2026-01-14T18:14:12.981-05:00 DEBUG 102707 --- [Main] [http-nio-8080-exec-6] o.s.security.web.FilterChainProxy        : Securing GET /api/estudiante/3/actividades
2026-01-14T18:14:12.991-05:00 DEBUG 102707 --- [Main] [http-nio-8080-exec-6] o.s.security.web.FilterChainProxy        : Secured GET /api/estudiante/3/actividades
2026-01-14T18:14:12.991-05:00  INFO 102707 --- [Main] [http-nio-8080-exec-6] com.rep.config.SecurityDebugFilter       : === SECURITY DEBUG ===
2026-01-14T18:14:12.991-05:00  INFO 102707 --- [Main] [http-nio-8080-exec-6] com.rep.config.SecurityDebugFilter       : Endpoint: GET /api/estudiante/3/actividades
2026-01-14T18:14:12.991-05:00  INFO 102707 --- [Main] [http-nio-8080-exec-6] com.rep.config.SecurityDebugFilter       : Authenticated: true
2026-01-14T18:14:12.991-05:00  INFO 102707 --- [Main] [http-nio-8080-exec-6] com.rep.config.SecurityDebugFilter       : Principal: 2
2026-01-14T18:14:12.991-05:00  INFO 102707 --- [Main] [http-nio-8080-exec-6] com.rep.config.SecurityDebugFilter       : Authorities: [ESTUDIANTE]
2026-01-14T18:14:12.991-05:00 DEBUG 102707 --- [Main] [http-nio-8080-exec-6] o.s.web.servlet.DispatcherServlet        : GET "/api/estudiante/3/actividades", parameters={}
2026-01-14T18:14:12.992-05:00 DEBUG 102707 --- [Main] [http-nio-8080-exec-6] s.w.s.m.m.a.RequestMappingHandlerMapping : Mapped to com.rep.controller.apis.EstudianteApi#getActividadesByEstudiante(Long, String)
2026-01-14T18:14:12.993-05:00  INFO 102707 --- [Main] [http-nio-8080-exec-6] com.rep.controller.apis.EstudianteApi    : Solicitud de actividades para estudiante 3
2026-01-14T18:14:13.020-05:00 DEBUG 102707 --- [Main] [http-nio-8080-exec-6] o.s.w.s.m.m.a.HttpEntityMethodProcessor  : Using 'application/json', given [application/json, application/*+json] and supported [application/json, application/*+json]
2026-01-14T18:14:13.020-05:00 DEBUG 102707 --- [Main] [http-nio-8080-exec-6] o.s.w.s.m.m.a.HttpEntityMethodProcessor  : Writing [[ActividadDTO(id=1, duracionMinutos=60, titulo=pruebaunitaria, tipo=EXAMEN, descripcion=, fechaEntre (truncated)...]
2026-01-14T18:14:13.022-05:00 DEBUG 102707 --- [Main] [http-nio-8080-exec-6] o.s.web.servlet.DispatcherServlet        : Completed 200 OK
2026-01-14T18:14:15.780-05:00 DEBUG 102707 --- [Main] [http-nio-8080-exec-7] o.s.security.web.FilterChainProxy        : Securing GET /api/preguntas/actividad/5
2026-01-14T18:14:15.805-05:00 DEBUG 102707 --- [Main] [http-nio-8080-exec-7] o.s.s.w.access.AccessDeniedHandlerImpl   : Responding with 403 status code
2026-01-14T18:14:15.812-05:00 DEBUG 102707 --- [Main] [http-nio-8080-exec-7] o.s.security.web.FilterChainProxy        : Securing GET /error
2026-01-14T18:14:15.818-05:00 DEBUG 102707 --- [Main] [http-nio-8080-exec-7] o.s.security.web.FilterChainProxy        : Secured GET /error
2026-01-14T18:14:15.818-05:00 DEBUG 102707 --- [Main] [http-nio-8080-exec-7] o.s.web.servlet.DispatcherServlet        : "ERROR" dispatch for GET "/error", parameters={}
2026-01-14T18:14:15.819-05:00 DEBUG 102707 --- [Main] [http-nio-8080-exec-7] s.w.s.m.m.a.RequestMappingHandlerMapping : Mapped to org.springframework.boot.autoconfigure.web.servlet.error.BasicErrorController#error(HttpServletRequest)
2026-01-14T18:14:15.824-05:00 DEBUG 102707 --- [Main] [http-nio-8080-exec-7] o.s.w.s.m.m.a.HttpEntityMethodProcessor  : Using 'application/json', given [application/json, application/*+json] and supported [application/json, application/*+json]
2026-01-14T18:14:15.826-05:00 DEBUG 102707 --- [Main] [http-nio-8080-exec-7] o.s.w.s.m.m.a.HttpEntityMethodProcessor  : Writing [{timestamp=Wed Jan 14 18:14:15 COT 2026, status=403, error=Forbidden, path=/api/preguntas/actividad/ (truncated)...]
2026-01-14T18:14:15.830-05:00 DEBUG 102707 --- [Main] [http-nio-8080-exec-7] o.s.web.servlet.DispatcherServlet        : Exiting from "ERROR" dispatch, status 403
2026-01-14T18:14:15.830-05:00 DEBUG 102707 --- [Main] [http-nio-8080-exec-7] o.s.s.w.a.AnonymousAuthenticationFilter  : Set SecurityContextHolder to anonymous SecurityContext
2026-01-14T18:14:23.812-05:00 DEBUG 102707 --- [Main] [http-nio-8080-exec-8] o.s.security.web.FilterChainProxy        : Securing POST /api/auth/login
2026-01-14T18:14:23.813-05:00 DEBUG 102707 --- [Main] [http-nio-8080-exec-8] o.s.s.w.a.AnonymousAuthenticationFilter  : Set SecurityContextHolder to anonymous SecurityContext
2026-01-14T18:14:23.813-05:00 DEBUG 102707 --- [Main] [http-nio-8080-exec-8] o.s.security.web.FilterChainProxy        : Secured POST /api/auth/login
2026-01-14T18:14:23.813-05:00  INFO 102707 --- [Main] [http-nio-8080-exec-8] com.rep.config.SecurityDebugFilter       : === SECURITY DEBUG ===
2026-01-14T18:14:23.813-05:00  INFO 102707 --- [Main] [http-nio-8080-exec-8] com.rep.config.SecurityDebugFilter       : Endpoint: POST /api/auth/login
2026-01-14T18:14:23.813-05:00  INFO 102707 --- [Main] [http-nio-8080-exec-8] com.rep.config.SecurityDebugFilter       : Authenticated: true
2026-01-14T18:14:23.813-05:00  INFO 102707 --- [Main] [http-nio-8080-exec-8] com.rep.config.SecurityDebugFilter       : Principal: anonymousUser
2026-01-14T18:14:23.813-05:00  INFO 102707 --- [Main] [http-nio-8080-exec-8] com.rep.config.SecurityDebugFilter       : Authorities: [ROLE_ANONYMOUS]
2026-01-14T18:14:23.813-05:00 DEBUG 102707 --- [Main] [http-nio-8080-exec-8] o.s.web.servlet.DispatcherServlet        : POST "/api/auth/login", parameters={}
2026-01-14T18:14:23.814-05:00 DEBUG 102707 --- [Main] [http-nio-8080-exec-8] s.w.s.m.m.a.RequestMappingHandlerMapping : Mapped to com.rep.controller.apis.AuthController#login(LoginRequest)
2026-01-14T18:14:23.814-05:00 DEBUG 102707 --- [Main] [http-nio-8080-exec-8] m.m.a.RequestResponseBodyMethodProcessor : Read "application/json;charset=UTF-8" to [com.rep.dto.auth.LoginRequest@347bffdd]
2026-01-14T18:14:23.910-05:00 DEBUG 102707 --- [Main] [http-nio-8080-exec-8] o.s.w.s.m.m.a.HttpEntityMethodProcessor  : Using 'application/json', given [application/json, application/*+json] and supported [application/json, application/*+json]
2026-01-14T18:14:23.910-05:00 DEBUG 102707 --- [Main] [http-nio-8080-exec-8] o.s.w.s.m.m.a.HttpEntityMethodProcessor  : Writing [LoginResponse(usuario=AuthUsuarioDTO(id=2, nombre=PROFE, correo=Profe@gmail.com, identificacion=1, r (truncated)...]
2026-01-14T18:14:23.911-05:00 DEBUG 102707 --- [Main] [http-nio-8080-exec-8] o.s.web.servlet.DispatcherServlet        : Completed 200 OK
2026-01-14T18:14:23.946-05:00 DEBUG 102707 --- [Main] [http-nio-8080-exec-9] o.s.security.web.FilterChainProxy        : Securing GET /api/profesor/cursos
2026-01-14T18:14:23.954-05:00 DEBUG 102707 --- [Main] [http-nio-8080-exec-9] o.s.security.web.FilterChainProxy        : Secured GET /api/profesor/cursos
2026-01-14T18:14:23.955-05:00  INFO 102707 --- [Main] [http-nio-8080-exec-9] com.rep.config.SecurityDebugFilter       : === SECURITY DEBUG ===
2026-01-14T18:14:23.955-05:00  INFO 102707 --- [Main] [http-nio-8080-exec-9] com.rep.config.SecurityDebugFilter       : Endpoint: GET /api/profesor/cursos
2026-01-14T18:14:23.955-05:00  INFO 102707 --- [Main] [http-nio-8080-exec-9] com.rep.config.SecurityDebugFilter       : Authenticated: true
2026-01-14T18:14:23.955-05:00  INFO 102707 --- [Main] [http-nio-8080-exec-9] com.rep.config.SecurityDebugFilter       : Principal: 1
2026-01-14T18:14:23.955-05:00  INFO 102707 --- [Main] [http-nio-8080-exec-9] com.rep.config.SecurityDebugFilter       : Authorities: [PROFESOR]
2026-01-14T18:14:23.955-05:00 DEBUG 102707 --- [Main] [http-nio-8080-exec-9] o.s.web.servlet.DispatcherServlet        : GET "/api/profesor/cursos", parameters={}
2026-01-14T18:14:23.955-05:00 DEBUG 102707 --- [Main] [http-nio-8080-exec-9] s.w.s.m.m.a.RequestMappingHandlerMapping : Mapped to com.rep.controller.apis.ProfesorApi#getCursosByProfesor(Usuario)
2026-01-14T18:14:23.982-05:00 DEBUG 102707 --- [Main] [http-nio-8080-exec-9] o.s.w.s.m.m.a.HttpEntityMethodProcessor  : Using 'application/json', given [application/json, application/*+json] and supported [application/json, application/*+json]
2026-01-14T18:14:23.983-05:00 DEBUG 102707 --- [Main] [http-nio-8080-exec-9] o.s.w.s.m.m.a.HttpEntityMethodProcessor  : Writing [[8 - A]]
2026-01-14T18:14:23.984-05:00 DEBUG 102707 --- [Main] [http-nio-8080-exec-9] o.s.web.servlet.DispatcherServlet        : Completed 200 OK
2026-01-14T18:14:23.996-05:00 DEBUG 102707 --- [Main] [http-nio-8080-exec-10] o.s.security.web.FilterChainProxy        : Securing GET /api/profesor/materias
2026-01-14T18:14:24.003-05:00 DEBUG 102707 --- [Main] [http-nio-8080-exec-10] o.s.security.web.FilterChainProxy        : Secured GET /api/profesor/materias
2026-01-14T18:14:24.004-05:00  INFO 102707 --- [Main] [http-nio-8080-exec-10] com.rep.config.SecurityDebugFilter       : === SECURITY DEBUG ===
2026-01-14T18:14:24.004-05:00  INFO 102707 --- [Main] [http-nio-8080-exec-10] com.rep.config.SecurityDebugFilter       : Endpoint: GET /api/profesor/materias
2026-01-14T18:14:24.004-05:00  INFO 102707 --- [Main] [http-nio-8080-exec-10] com.rep.config.SecurityDebugFilter       : Authenticated: true
2026-01-14T18:14:24.004-05:00  INFO 102707 --- [Main] [http-nio-8080-exec-10] com.rep.config.SecurityDebugFilter       : Principal: 1
2026-01-14T18:14:24.004-05:00  INFO 102707 --- [Main] [http-nio-8080-exec-10] com.rep.config.SecurityDebugFilter       : Authorities: [PROFESOR]
2026-01-14T18:14:24.004-05:00 DEBUG 102707 --- [Main] [http-nio-8080-exec-10] o.s.web.servlet.DispatcherServlet        : GET "/api/profesor/materias", parameters={}
2026-01-14T18:14:24.004-05:00 DEBUG 102707 --- [Main] [http-nio-8080-exec-10] s.w.s.m.m.a.RequestMappingHandlerMapping : Mapped to com.rep.controller.apis.ProfesorApi#getMateriasAsignadas(Usuario)
2026-01-14T18:14:24.011-05:00 DEBUG 102707 --- [Main] [http-nio-8080-exec-10] o.s.w.s.m.m.a.HttpEntityMethodProcessor  : Using 'application/json', given [application/json, application/*+json] and supported [application/json, application/*+json]
2026-01-14T18:14:24.011-05:00 DEBUG 102707 --- [Main] [http-nio-8080-exec-10] o.s.w.s.m.m.a.HttpEntityMethodProcessor  : Writing [[Materia{id=1, nombre='Prueba'}]]
2026-01-14T18:14:24.011-05:00 DEBUG 102707 --- [Main] [http-nio-8080-exec-10] o.s.web.servlet.DispatcherServlet        : Completed 200 OK
2026-01-14T18:14:27.460-05:00 DEBUG 102707 --- [Main] [http-nio-8080-exec-1] o.s.security.web.FilterChainProxy        : Securing GET /api/actividades?cursoId=1&materiaId=1
2026-01-14T18:14:27.487-05:00 DEBUG 102707 --- [Main] [http-nio-8080-exec-1] o.s.security.web.FilterChainProxy        : Secured GET /api/actividades?cursoId=1&materiaId=1
2026-01-14T18:14:27.488-05:00  INFO 102707 --- [Main] [http-nio-8080-exec-1] com.rep.config.SecurityDebugFilter       : === SECURITY DEBUG ===
2026-01-14T18:14:27.488-05:00  INFO 102707 --- [Main] [http-nio-8080-exec-1] com.rep.config.SecurityDebugFilter       : Endpoint: GET /api/actividades
2026-01-14T18:14:27.488-05:00  INFO 102707 --- [Main] [http-nio-8080-exec-1] com.rep.config.SecurityDebugFilter       : Authenticated: true
2026-01-14T18:14:27.488-05:00  INFO 102707 --- [Main] [http-nio-8080-exec-1] com.rep.config.SecurityDebugFilter       : Principal: 1
2026-01-14T18:14:27.488-05:00  INFO 102707 --- [Main] [http-nio-8080-exec-1] com.rep.config.SecurityDebugFilter       : Authorities: [PROFESOR]
2026-01-14T18:14:27.489-05:00 DEBUG 102707 --- [Main] [http-nio-8080-exec-1] o.s.web.servlet.DispatcherServlet        : GET "/api/actividades?cursoId=1&materiaId=1", parameters={masked}
2026-01-14T18:14:27.490-05:00 DEBUG 102707 --- [Main] [http-nio-8080-exec-1] s.w.s.m.m.a.RequestMappingHandlerMapping : Mapped to com.rep.controller.apis.ActividadApi#listarActividades(Long, Long, Usuario)
2026-01-14T18:14:27.516-05:00 DEBUG 102707 --- [Main] [http-nio-8080-exec-1] o.s.w.s.m.m.a.HttpEntityMethodProcessor  : Using 'application/json', given [application/json, application/*+json] and supported [application/json, application/*+json]
2026-01-14T18:14:27.516-05:00 DEBUG 102707 --- [Main] [http-nio-8080-exec-1] o.s.w.s.m.m.a.HttpEntityMethodProcessor  : Writing [[ActividadDTO(id=1, duracionMinutos=60, titulo=pruebaunitaria, tipo=EXAMEN, descripcion=, fechaEntre (truncated)...]
2026-01-14T18:14:27.518-05:00 DEBUG 102707 --- [Main] [http-nio-8080-exec-1] o.s.web.servlet.DispatcherServlet        : Completed 200 OK
2026-01-14T18:14:32.326-05:00 DEBUG 102707 --- [Main] [http-nio-8080-exec-2] o.s.security.web.FilterChainProxy        : Securing GET /api/preguntas/actividad/5
2026-01-14T18:14:32.343-05:00 DEBUG 102707 --- [Main] [http-nio-8080-exec-2] o.s.security.web.FilterChainProxy        : Secured GET /api/preguntas/actividad/5
2026-01-14T18:14:32.343-05:00  INFO 102707 --- [Main] [http-nio-8080-exec-2] com.rep.config.SecurityDebugFilter       : === SECURITY DEBUG ===
2026-01-14T18:14:32.343-05:00  INFO 102707 --- [Main] [http-nio-8080-exec-2] com.rep.config.SecurityDebugFilter       : Endpoint: GET /api/preguntas/actividad/5
2026-01-14T18:14:32.343-05:00  INFO 102707 --- [Main] [http-nio-8080-exec-2] com.rep.config.SecurityDebugFilter       : Authenticated: true
2026-01-14T18:14:32.343-05:00  INFO 102707 --- [Main] [http-nio-8080-exec-2] com.rep.config.SecurityDebugFilter       : Principal: 1
2026-01-14T18:14:32.343-05:00  INFO 102707 --- [Main] [http-nio-8080-exec-2] com.rep.config.SecurityDebugFilter       : Authorities: [PROFESOR]
2026-01-14T18:14:32.345-05:00 DEBUG 102707 --- [Main] [http-nio-8080-exec-2] o.s.web.servlet.DispatcherServlet        : GET "/api/preguntas/actividad/5", parameters={}
2026-01-14T18:14:32.347-05:00 DEBUG 102707 --- [Main] [http-nio-8080-exec-2] s.w.s.m.m.a.RequestMappingHandlerMapping : Mapped to com.rep.controller.apis.PreguntaApi#getPreguntasByActividad(Long, Usuario)
2026-01-14T18:14:32.585-05:00 DEBUG 102707 --- [Main] [http-nio-8080-exec-2] o.s.w.s.m.m.a.HttpEntityMethodProcessor  : Using 'application/json', given [application/json, application/*+json] and supported [application/json, application/*+json]
2026-01-14T18:14:32.643-05:00 DEBUG 102707 --- [Main] [http-nio-8080-exec-2] o.s.w.s.m.m.a.HttpEntityMethodProcessor  : Writing [[PreguntaResponse(id=5, enunciado=n, tipo=OPCION_MULTIPLE, opciones=[OpcionResponse(id=16, texto=hol (truncated)...]
2026-01-14T18:14:32.691-05:00 DEBUG 102707 --- [Main] [http-nio-8080-exec-2] o.s.web.servlet.DispatcherServlet        : Completed 200 OK
2026-01-14T18:18:07.440-05:00 DEBUG 102707 --- [Main] [http-nio-8080-exec-4] o.s.security.web.FilterChainProxy        : Securing POST /api/auth/login
2026-01-14T18:18:07.441-05:00 DEBUG 102707 --- [Main] [http-nio-8080-exec-4] o.s.s.w.a.AnonymousAuthenticationFilter  : Set SecurityContextHolder to anonymous SecurityContext
2026-01-14T18:18:07.442-05:00 DEBUG 102707 --- [Main] [http-nio-8080-exec-4] o.s.security.web.FilterChainProxy        : Secured POST /api/auth/login
2026-01-14T18:18:07.442-05:00  INFO 102707 --- [Main] [http-nio-8080-exec-4] com.rep.config.SecurityDebugFilter       : === SECURITY DEBUG ===
2026-01-14T18:18:07.442-05:00  INFO 102707 --- [Main] [http-nio-8080-exec-4] com.rep.config.SecurityDebugFilter       : Endpoint: POST /api/auth/login
2026-01-14T18:18:07.442-05:00  INFO 102707 --- [Main] [http-nio-8080-exec-4] com.rep.config.SecurityDebugFilter       : Authenticated: true
2026-01-14T18:18:07.442-05:00  INFO 102707 --- [Main] [http-nio-8080-exec-4] com.rep.config.SecurityDebugFilter       : Principal: anonymousUser
2026-01-14T18:18:07.442-05:00  INFO 102707 --- [Main] [http-nio-8080-exec-4] com.rep.config.SecurityDebugFilter       : Authorities: [ROLE_ANONYMOUS]
2026-01-14T18:18:07.442-05:00 DEBUG 102707 --- [Main] [http-nio-8080-exec-4] o.s.web.servlet.DispatcherServlet        : POST "/api/auth/login", parameters={}
2026-01-14T18:18:07.442-05:00 DEBUG 102707 --- [Main] [http-nio-8080-exec-4] s.w.s.m.m.a.RequestMappingHandlerMapping : Mapped to com.rep.controller.apis.AuthController#login(LoginRequest)
2026-01-14T18:18:07.449-05:00 DEBUG 102707 --- [Main] [http-nio-8080-exec-4] m.m.a.RequestResponseBodyMethodProcessor : Read "application/json;charset=UTF-8" to [com.rep.dto.auth.LoginRequest@3e077ef0]
2026-01-14T18:18:07.535-05:00 DEBUG 102707 --- [Main] [http-nio-8080-exec-4] o.s.w.s.m.m.a.HttpEntityMethodProcessor  : Using 'application/json', given [application/json, application/*+json] and supported [application/json, application/*+json]
2026-01-14T18:18:07.536-05:00 DEBUG 102707 --- [Main] [http-nio-8080-exec-4] o.s.w.s.m.m.a.HttpEntityMethodProcessor  : Writing [LoginResponse(usuario=AuthUsuarioDTO(id=2, nombre=PROFE, correo=Profe@gmail.com, identificacion=1, r (truncated)...]
2026-01-14T18:18:07.538-05:00 DEBUG 102707 --- [Main] [http-nio-8080-exec-4] o.s.web.servlet.DispatcherServlet        : Completed 200 OK
2026-01-14T18:18:07.742-05:00 DEBUG 102707 --- [Main] [http-nio-8080-exec-5] o.s.security.web.FilterChainProxy        : Securing GET /api/profesor/cursos
2026-01-14T18:18:07.758-05:00 DEBUG 102707 --- [Main] [http-nio-8080-exec-5] o.s.security.web.FilterChainProxy        : Secured GET /api/profesor/cursos
2026-01-14T18:18:07.758-05:00  INFO 102707 --- [Main] [http-nio-8080-exec-5] com.rep.config.SecurityDebugFilter       : === SECURITY DEBUG ===
2026-01-14T18:18:07.759-05:00  INFO 102707 --- [Main] [http-nio-8080-exec-5] com.rep.config.SecurityDebugFilter       : Endpoint: GET /api/profesor/cursos
2026-01-14T18:18:07.765-05:00  INFO 102707 --- [Main] [http-nio-8080-exec-5] com.rep.config.SecurityDebugFilter       : Authenticated: true
2026-01-14T18:18:07.765-05:00  INFO 102707 --- [Main] [http-nio-8080-exec-5] com.rep.config.SecurityDebugFilter       : Principal: 1
2026-01-14T18:18:07.765-05:00  INFO 102707 --- [Main] [http-nio-8080-exec-5] com.rep.config.SecurityDebugFilter       : Authorities: [PROFESOR]
2026-01-14T18:18:07.765-05:00 DEBUG 102707 --- [Main] [http-nio-8080-exec-5] o.s.web.servlet.DispatcherServlet        : GET "/api/profesor/cursos", parameters={}
2026-01-14T18:18:07.766-05:00 DEBUG 102707 --- [Main] [http-nio-8080-exec-5] s.w.s.m.m.a.RequestMappingHandlerMapping : Mapped to com.rep.controller.apis.ProfesorApi#getCursosByProfesor(Usuario)
2026-01-14T18:18:07.784-05:00 DEBUG 102707 --- [Main] [http-nio-8080-exec-5] o.s.w.s.m.m.a.HttpEntityMethodProcessor  : Using 'application/json', given [application/json, application/*+json] and supported [application/json, application/*+json]
2026-01-14T18:18:07.786-05:00 DEBUG 102707 --- [Main] [http-nio-8080-exec-5] o.s.w.s.m.m.a.HttpEntityMethodProcessor  : Writing [[8 - A]]
2026-01-14T18:18:07.788-05:00 DEBUG 102707 --- [Main] [http-nio-8080-exec-5] o.s.web.servlet.DispatcherServlet        : Completed 200 OK
2026-01-14T18:18:07.811-05:00 DEBUG 102707 --- [Main] [http-nio-8080-exec-6] o.s.security.web.FilterChainProxy        : Securing GET /api/profesor/materias
2026-01-14T18:18:07.818-05:00 DEBUG 102707 --- [Main] [http-nio-8080-exec-6] o.s.security.web.FilterChainProxy        : Secured GET /api/profesor/materias
2026-01-14T18:18:07.819-05:00  INFO 102707 --- [Main] [http-nio-8080-exec-6] com.rep.config.SecurityDebugFilter       : === SECURITY DEBUG ===
2026-01-14T18:18:07.819-05:00  INFO 102707 --- [Main] [http-nio-8080-exec-6] com.rep.config.SecurityDebugFilter       : Endpoint: GET /api/profesor/materias
2026-01-14T18:18:07.819-05:00  INFO 102707 --- [Main] [http-nio-8080-exec-6] com.rep.config.SecurityDebugFilter       : Authenticated: true
2026-01-14T18:18:07.820-05:00  INFO 102707 --- [Main] [http-nio-8080-exec-6] com.rep.config.SecurityDebugFilter       : Principal: 1
2026-01-14T18:18:07.820-05:00  INFO 102707 --- [Main] [http-nio-8080-exec-6] com.rep.config.SecurityDebugFilter       : Authorities: [PROFESOR]
2026-01-14T18:18:07.820-05:00 DEBUG 102707 --- [Main] [http-nio-8080-exec-6] o.s.web.servlet.DispatcherServlet        : GET "/api/profesor/materias", parameters={}
2026-01-14T18:18:07.820-05:00 DEBUG 102707 --- [Main] [http-nio-8080-exec-6] s.w.s.m.m.a.RequestMappingHandlerMapping : Mapped to com.rep.controller.apis.ProfesorApi#getMateriasAsignadas(Usuario)
2026-01-14T18:18:07.836-05:00 DEBUG 102707 --- [Main] [http-nio-8080-exec-6] o.s.w.s.m.m.a.HttpEntityMethodProcessor  : Using 'application/json', given [application/json, application/*+json] and supported [application/json, application/*+json]
2026-01-14T18:18:07.836-05:00 DEBUG 102707 --- [Main] [http-nio-8080-exec-6] o.s.w.s.m.m.a.HttpEntityMethodProcessor  : Writing [[Materia{id=1, nombre='Prueba'}]]
2026-01-14T18:18:07.837-05:00 DEBUG 102707 --- [Main] [http-nio-8080-exec-6] o.s.web.servlet.DispatcherServlet        : Completed 200 OK
2026-01-14T18:18:10.490-05:00 DEBUG 102707 --- [Main] [http-nio-8080-exec-7] o.s.security.web.FilterChainProxy        : Securing GET /api/actividades?cursoId=1&materiaId=1
2026-01-14T18:18:10.509-05:00 DEBUG 102707 --- [Main] [http-nio-8080-exec-7] o.s.security.web.FilterChainProxy        : Secured GET /api/actividades?cursoId=1&materiaId=1
2026-01-14T18:18:10.509-05:00  INFO 102707 --- [Main] [http-nio-8080-exec-7] com.rep.config.SecurityDebugFilter       : === SECURITY DEBUG ===
2026-01-14T18:18:10.509-05:00  INFO 102707 --- [Main] [http-nio-8080-exec-7] com.rep.config.SecurityDebugFilter       : Endpoint: GET /api/actividades
2026-01-14T18:18:10.510-05:00  INFO 102707 --- [Main] [http-nio-8080-exec-7] com.rep.config.SecurityDebugFilter       : Authenticated: true
2026-01-14T18:18:10.510-05:00  INFO 102707 --- [Main] [http-nio-8080-exec-7] com.rep.config.SecurityDebugFilter       : Principal: 1
2026-01-14T18:18:10.510-05:00  INFO 102707 --- [Main] [http-nio-8080-exec-7] com.rep.config.SecurityDebugFilter       : Authorities: [PROFESOR]
2026-01-14T18:18:10.510-05:00 DEBUG 102707 --- [Main] [http-nio-8080-exec-7] o.s.web.servlet.DispatcherServlet        : GET "/api/actividades?cursoId=1&materiaId=1", parameters={masked}
2026-01-14T18:18:10.511-05:00 DEBUG 102707 --- [Main] [http-nio-8080-exec-7] s.w.s.m.m.a.RequestMappingHandlerMapping : Mapped to com.rep.controller.apis.ActividadApi#listarActividades(Long, Long, Usuario)
2026-01-14T18:18:10.533-05:00 DEBUG 102707 --- [Main] [http-nio-8080-exec-7] o.s.w.s.m.m.a.HttpEntityMethodProcessor  : Using 'application/json', given [application/json, application/*+json] and supported [application/json, application/*+json]
2026-01-14T18:18:10.534-05:00 DEBUG 102707 --- [Main] [http-nio-8080-exec-7] o.s.w.s.m.m.a.HttpEntityMethodProcessor  : Writing [[ActividadDTO(id=1, duracionMinutos=60, titulo=pruebaunitaria, tipo=EXAMEN, descripcion=, fechaEntre (truncated)...]
2026-01-14T18:18:10.537-05:00 DEBUG 102707 --- [Main] [http-nio-8080-exec-7] o.s.web.servlet.DispatcherServlet        : Completed 200 OK
2026-01-14T18:18:12.149-05:00 DEBUG 102707 --- [Main] [http-nio-8080-exec-8] o.s.security.web.FilterChainProxy        : Securing GET /api/preguntas/actividad/5
2026-01-14T18:18:12.158-05:00 DEBUG 102707 --- [Main] [http-nio-8080-exec-8] o.s.security.web.FilterChainProxy        : Secured GET /api/preguntas/actividad/5
2026-01-14T18:18:12.158-05:00  INFO 102707 --- [Main] [http-nio-8080-exec-8] com.rep.config.SecurityDebugFilter       : === SECURITY DEBUG ===
2026-01-14T18:18:12.158-05:00  INFO 102707 --- [Main] [http-nio-8080-exec-8] com.rep.config.SecurityDebugFilter       : Endpoint: GET /api/preguntas/actividad/5
2026-01-14T18:18:12.158-05:00  INFO 102707 --- [Main] [http-nio-8080-exec-8] com.rep.config.SecurityDebugFilter       : Authenticated: true
2026-01-14T18:18:12.158-05:00  INFO 102707 --- [Main] [http-nio-8080-exec-8] com.rep.config.SecurityDebugFilter       : Principal: 1
2026-01-14T18:18:12.158-05:00  INFO 102707 --- [Main] [http-nio-8080-exec-8] com.rep.config.SecurityDebugFilter       : Authorities: [PROFESOR]
2026-01-14T18:18:12.158-05:00 DEBUG 102707 --- [Main] [http-nio-8080-exec-8] o.s.web.servlet.DispatcherServlet        : GET "/api/preguntas/actividad/5", parameters={}
2026-01-14T18:18:12.159-05:00 DEBUG 102707 --- [Main] [http-nio-8080-exec-8] s.w.s.m.m.a.RequestMappingHandlerMapping : Mapped to com.rep.controller.apis.PreguntaApi#getPreguntasByActividad(Long, Usuario)
2026-01-14T18:18:12.169-05:00 DEBUG 102707 --- [Main] [http-nio-8080-exec-8] o.s.w.s.m.m.a.HttpEntityMethodProcessor  : Using 'application/json', given [application/json, application/*+json] and supported [application/json, application/*+json]
2026-01-14T18:18:12.169-05:00 DEBUG 102707 --- [Main] [http-nio-8080-exec-8] o.s.w.s.m.m.a.HttpEntityMethodProcessor  : Writing [[PreguntaResponse(id=5, enunciado=n, tipo=OPCION_MULTIPLE, opciones=[OpcionResponse(id=16, texto=hol (truncated)...]
2026-01-14T18:18:12.170-05:00 DEBUG 102707 --- [Main] [http-nio-8080-exec-8] o.s.web.servlet.DispatcherServlet        : Completed 200 OK
2026-01-14T18:18:24.372-05:00 DEBUG 102707 --- [Main] [http-nio-8080-exec-9] o.s.security.web.FilterChainProxy        : Securing POST /api/preguntas
2026-01-14T18:18:24.381-05:00 DEBUG 102707 --- [Main] [http-nio-8080-exec-9] o.s.security.web.FilterChainProxy        : Secured POST /api/preguntas
2026-01-14T18:18:24.381-05:00  INFO 102707 --- [Main] [http-nio-8080-exec-9] com.rep.config.SecurityDebugFilter       : === SECURITY DEBUG ===
2026-01-14T18:18:24.381-05:00  INFO 102707 --- [Main] [http-nio-8080-exec-9] com.rep.config.SecurityDebugFilter       : Endpoint: POST /api/preguntas
2026-01-14T18:18:24.381-05:00  INFO 102707 --- [Main] [http-nio-8080-exec-9] com.rep.config.SecurityDebugFilter       : Authenticated: true
2026-01-14T18:18:24.381-05:00  INFO 102707 --- [Main] [http-nio-8080-exec-9] com.rep.config.SecurityDebugFilter       : Principal: 1
2026-01-14T18:18:24.382-05:00  INFO 102707 --- [Main] [http-nio-8080-exec-9] com.rep.config.SecurityDebugFilter       : Authorities: [PROFESOR]
2026-01-14T18:18:24.382-05:00 DEBUG 102707 --- [Main] [http-nio-8080-exec-9] o.s.web.servlet.DispatcherServlet        : POST "/api/preguntas", parameters={}
2026-01-14T18:18:24.382-05:00 DEBUG 102707 --- [Main] [http-nio-8080-exec-9] s.w.s.m.m.a.RequestMappingHandlerMapping : Mapped to com.rep.controller.apis.PreguntaApi#crearPregunta(PreguntaRequest, Usuario)
2026-01-14T18:18:24.464-05:00 DEBUG 102707 --- [Main] [http-nio-8080-exec-9] m.m.a.RequestResponseBodyMethodProcessor : Read "application/json;charset=UTF-8" to [PreguntaRequest(actividadId=5, enunciado=hols, tipo=RESPUESTA_ABIERTA, opciones=[])]
2026-01-14T18:18:24.493-05:00 DEBUG 102707 --- [Main] [http-nio-8080-exec-9] o.s.w.s.m.m.a.HttpEntityMethodProcessor  : Using 'application/json', given [application/json, application/*+json] and supported [application/json, application/*+json]
2026-01-14T18:18:24.494-05:00 DEBUG 102707 --- [Main] [http-nio-8080-exec-9] o.s.w.s.m.m.a.HttpEntityMethodProcessor  : Writing [PreguntaResponse(id=7, enunciado=hols, tipo=RESPUESTA_ABIERTA, opciones=[], archivoUrl=null, archivo (truncated)...]
2026-01-14T18:18:24.496-05:00 DEBUG 102707 --- [Main] [http-nio-8080-exec-9] o.s.web.servlet.DispatcherServlet        : Completed 200 OK
2026-01-14T18:18:24.502-05:00 DEBUG 102707 --- [Main] [http-nio-8080-exec-10] o.s.security.web.FilterChainProxy        : Securing GET /api/preguntas/actividad/5
2026-01-14T18:18:24.516-05:00 DEBUG 102707 --- [Main] [http-nio-8080-exec-10] o.s.security.web.FilterChainProxy        : Secured GET /api/preguntas/actividad/5
2026-01-14T18:18:24.516-05:00  INFO 102707 --- [Main] [http-nio-8080-exec-10] com.rep.config.SecurityDebugFilter       : === SECURITY DEBUG ===
2026-01-14T18:18:24.516-05:00  INFO 102707 --- [Main] [http-nio-8080-exec-10] com.rep.config.SecurityDebugFilter       : Endpoint: GET /api/preguntas/actividad/5
2026-01-14T18:18:24.516-05:00  INFO 102707 --- [Main] [http-nio-8080-exec-10] com.rep.config.SecurityDebugFilter       : Authenticated: true
2026-01-14T18:18:24.516-05:00  INFO 102707 --- [Main] [http-nio-8080-exec-10] com.rep.config.SecurityDebugFilter       : Principal: 1
2026-01-14T18:18:24.516-05:00  INFO 102707 --- [Main] [http-nio-8080-exec-10] com.rep.config.SecurityDebugFilter       : Authorities: [PROFESOR]
2026-01-14T18:18:24.516-05:00 DEBUG 102707 --- [Main] [http-nio-8080-exec-10] o.s.web.servlet.DispatcherServlet        : GET "/api/preguntas/actividad/5", parameters={}
2026-01-14T18:18:24.517-05:00 DEBUG 102707 --- [Main] [http-nio-8080-exec-10] s.w.s.m.m.a.RequestMappingHandlerMapping : Mapped to com.rep.controller.apis.PreguntaApi#getPreguntasByActividad(Long, Usuario)
2026-01-14T18:18:24.530-05:00 DEBUG 102707 --- [Main] [http-nio-8080-exec-10] o.s.w.s.m.m.a.HttpEntityMethodProcessor  : Using 'application/json', given [application/json, application/*+json] and supported [application/json, application/*+json]
2026-01-14T18:18:24.531-05:00 DEBUG 102707 --- [Main] [http-nio-8080-exec-10] o.s.w.s.m.m.a.HttpEntityMethodProcessor  : Writing [[PreguntaResponse(id=5, enunciado=n, tipo=OPCION_MULTIPLE, opciones=[OpcionResponse(id=16, texto=hol (truncated)...]
2026-01-14T18:18:24.533-05:00 DEBUG 102707 --- [Main] [http-nio-8080-exec-10] o.s.web.servlet.DispatcherServlet        : Completed 200 OK
2026-01-14T18:18:54.762-05:00  INFO 102707 --- [Main] [SpringApplicationShutdownHook] j.LocalContainerEntityManagerFactoryBean : Closing JPA EntityManagerFactory for persistence unit 'default'
2026-01-14T18:18:54.813-05:00  INFO 102707 --- [Main] [SpringApplicationShutdownHook] com.zaxxer.hikari.HikariDataSource       : HikariPool-1 - Shutdown initiated...
2026-01-14T18:18:54.823-05:00  INFO 102707 --- [Main] [SpringApplicationShutdownHook] com.zaxxer.hikari.HikariDataSource       : HikariPool-1 - Shutdown completed.
2026-01-14T18:19:01.140-05:00  INFO 141075 --- [Main] [JavaFX-Launcher] o.s.boot.SpringApplication               : Starting application using Java 21.0.9 with PID 141075 (started by carlos in /home/carlos/Proyectos/REP)
2026-01-14T18:19:01.141-05:00  INFO 141075 --- [Main] [JavaFX-Launcher] o.s.boot.SpringApplication               : No active profile set, falling back to 1 default profile: "default"
2026-01-14T18:19:02.306-05:00  INFO 141075 --- [Main] [JavaFX-Launcher] .s.d.r.c.RepositoryConfigurationDelegate : Bootstrapping Spring Data JPA repositories in DEFAULT mode.
2026-01-14T18:19:02.335-05:00 DEBUG 141075 --- [Main] [JavaFX-Launcher] o.s.b.a.AutoConfigurationPackages        : @EnableAutoConfiguration was declared on a class in the package 'com.rep'. Automatic @Repository and @Entity scanning is enabled.
2026-01-14T18:19:02.467-05:00  INFO 141075 --- [Main] [JavaFX-Launcher] .s.d.r.c.RepositoryConfigurationDelegate : Finished Spring Data repository scanning in 145 ms. Found 15 JPA repository interfaces.
2026-01-14T18:19:02.681-05:00  INFO 141075 --- [Main] [JavaFX-Launcher] o.s.cloud.context.scope.GenericScope     : BeanFactory id=dce50521-50e1-39ca-8ff2-1f2a86c43d5a
2026-01-14T18:19:03.236-05:00  INFO 141075 --- [Main] [JavaFX-Launcher] o.s.b.w.embedded.tomcat.TomcatWebServer  : Tomcat initialized with port 8080 (http)
2026-01-14T18:19:03.243-05:00  INFO 141075 --- [Main] [JavaFX-Launcher] o.apache.catalina.core.StandardService   : Starting service [Tomcat]
2026-01-14T18:19:03.244-05:00  INFO 141075 --- [Main] [JavaFX-Launcher] o.apache.catalina.core.StandardEngine    : Starting Servlet engine: [Apache Tomcat/10.1.16]
2026-01-14T18:19:03.286-05:00  INFO 141075 --- [Main] [JavaFX-Launcher] o.a.c.c.C.[Tomcat].[localhost].[/]       : Initializing Spring embedded WebApplicationContext
2026-01-14T18:19:03.286-05:00  INFO 141075 --- [Main] [JavaFX-Launcher] w.s.c.ServletWebServerApplicationContext : Root WebApplicationContext: initialization completed in 2113 ms
2026-01-14T18:19:03.667-05:00  INFO 141075 --- [Main] [JavaFX-Launcher] o.hibernate.jpa.internal.util.LogHelper  : HHH000204: Processing PersistenceUnitInfo [name: default]
2026-01-14T18:19:03.725-05:00  INFO 141075 --- [Main] [JavaFX-Launcher] org.hibernate.Version                    : HHH000412: Hibernate ORM core version 6.3.1.Final
2026-01-14T18:19:03.780-05:00  INFO 141075 --- [Main] [JavaFX-Launcher] o.h.c.internal.RegionFactoryInitiator    : HHH000026: Second-level cache disabled
2026-01-14T18:19:04.097-05:00  INFO 141075 --- [Main] [JavaFX-Launcher] o.s.o.j.p.SpringPersistenceUnitInfo      : No LoadTimeWeaver setup: ignoring JPA class transformer
2026-01-14T18:19:04.125-05:00  INFO 141075 --- [Main] [JavaFX-Launcher] com.zaxxer.hikari.HikariDataSource       : HikariPool-1 - Starting...
2026-01-14T18:19:04.315-05:00  INFO 141075 --- [Main] [JavaFX-Launcher] com.zaxxer.hikari.pool.HikariPool        : HikariPool-1 - Added connection com.mysql.cj.jdbc.ConnectionImpl@314aa8a3
2026-01-14T18:19:04.316-05:00  INFO 141075 --- [Main] [JavaFX-Launcher] com.zaxxer.hikari.HikariDataSource       : HikariPool-1 - Start completed.
2026-01-14T18:19:04.345-05:00  WARN 141075 --- [Main] [JavaFX-Launcher] o.h.e.j.e.i.JdbcEnvironmentInitiator     : HHH000339: Could not obtain connection metadata: java.sql.SQLSyntaxErrorException: Unknown column 'RESERVED' in 'WHERE'
2026-01-14T18:19:04.364-05:00  WARN 141075 --- [Main] [JavaFX-Launcher] org.hibernate.orm.deprecation            : HHH90000025: MySQL8Dialect does not need to be specified explicitly using 'hibernate.dialect' (remove the property setting and it will be selected by default)
2026-01-14T18:19:04.365-05:00  WARN 141075 --- [Main] [JavaFX-Launcher] org.hibernate.orm.deprecation            : HHH90000026: MySQL8Dialect has been deprecated; use org.hibernate.dialect.MySQLDialect instead
2026-01-14T18:19:05.404-05:00  INFO 141075 --- [Main] [JavaFX-Launcher] o.h.e.t.j.p.i.JtaPlatformInitiator       : HHH000489: No JTA platform available (set 'hibernate.transaction.jta.platform' to enable JTA platform integration)
2026-01-14T18:19:05.827-05:00  INFO 141075 --- [Main] [JavaFX-Launcher] j.LocalContainerEntityManagerFactoryBean : Initialized JPA EntityManagerFactory for persistence unit 'default'
2026-01-14T18:19:06.203-05:00  INFO 141075 --- [Main] [JavaFX-Launcher] o.s.d.j.r.query.QueryEnhancerFactory     : Hibernate is in classpath; If applicable, HQL parser will be used.
2026-01-14T18:19:06.706-05:00 DEBUG 141075 --- [Main] [JavaFX-Launcher] c.rep.security.JwtAuthenticationFilter   : Filter 'jwtAuthenticationFilter' configured for use
2026-01-14T18:19:06.707-05:00 DEBUG 141075 --- [Main] [JavaFX-Launcher] o.s.w.f.ServerHttpObservationFilter      : Filter 'webMvcObservationFilter' configured for use
2026-01-14T18:19:07.927-05:00  INFO 141075 --- [Main] [JavaFX-Launcher] c.r.s.impl.EstudianteApiServiceImpl      : EstudianteApiServiceImpl inicializado con URL base: http://localhost:8080
2026-01-14T18:19:08.215-05:00  WARN 141075 --- [Main] [JavaFX-Launcher] JpaBaseConfiguration$JpaWebConfiguration : spring.jpa.open-in-view is enabled by default. Therefore, database queries may be performed during view rendering. Explicitly configure spring.jpa.open-in-view to disable this warning
2026-01-14T18:19:08.529-05:00 DEBUG 141075 --- [Main] [JavaFX-Launcher] s.w.s.m.m.a.RequestMappingHandlerMapping : 79 mappings in 'requestMappingHandlerMapping'
2026-01-14T18:19:08.607-05:00 DEBUG 141075 --- [Main] [JavaFX-Launcher] o.s.w.s.handler.SimpleUrlHandlerMapping  : Patterns [/webjars/**, /**, /swagger-ui*/*swagger-initializer.js, /swagger-ui*/**] in 'resourceHandlerMapping'
2026-01-14T18:19:08.699-05:00  INFO 141075 --- [Main] [JavaFX-Launcher] o.s.b.a.e.web.EndpointLinksResolver      : Exposing 1 endpoint(s) beneath base path '/actuator'
2026-01-14T18:19:08.787-05:00  INFO 141075 --- [Main] [JavaFX-Launcher] o.s.s.web.DefaultSecurityFilterChain     : Will secure any request with [org.springframework.security.web.session.DisableEncodeUrlFilter@4a31d3d6, org.springframework.security.web.context.request.async.WebAsyncManagerIntegrationFilter@7cfdc9ee, org.springframework.security.web.context.SecurityContextHolderFilter@2f4f3cd8, org.springframework.security.web.header.HeaderWriterFilter@335525f2, org.springframework.web.filter.CorsFilter@74c0027a, org.springframework.security.web.authentication.logout.LogoutFilter@9a5a613, com.rep.security.JwtAuthenticationFilter@3af9b290, org.springframework.security.web.savedrequest.RequestCacheAwareFilter@51861349, org.springframework.security.web.servletapi.SecurityContextHolderAwareRequestFilter@6747fb99, org.springframework.security.web.authentication.AnonymousAuthenticationFilter@4a697b53, org.springframework.security.web.session.SessionManagementFilter@66d7ace, org.springframework.security.web.access.ExceptionTranslationFilter@130be85f, org.springframework.security.web.access.intercept.AuthorizationFilter@321de192]
2026-01-14T18:19:08.883-05:00 DEBUG 141075 --- [Main] [JavaFX-Launcher] s.w.s.m.m.a.RequestMappingHandlerAdapter : ControllerAdvice beans: 0 @ModelAttribute, 0 @InitBinder, 1 RequestBodyAdvice, 1 ResponseBodyAdvice
2026-01-14T18:19:08.911-05:00 DEBUG 141075 --- [Main] [JavaFX-Launcher] .m.m.a.ExceptionHandlerExceptionResolver : ControllerAdvice beans: 2 @ExceptionHandler, 1 ResponseBodyAdvice
2026-01-14T18:19:09.396-05:00  INFO 141075 --- [Main] [JavaFX-Launcher] o.s.b.w.embedded.tomcat.TomcatWebServer  : Tomcat started on port 8080 (http) with context path ''
2026-01-14T18:19:09.417-05:00 DEBUG 141075 --- [Main] [JavaFX-Launcher] .s.b.a.l.ConditionEvaluationReportLogger : 


============================
CONDITIONS EVALUATION REPORT
============================


Positive matches:
-----------------

   AopAutoConfiguration matched:
      - @ConditionalOnProperty (spring.aop.auto=true) matched (OnPropertyCondition)

   AopAutoConfiguration.AspectJAutoProxyingConfiguration matched:
      - @ConditionalOnClass found required class 'org.aspectj.weaver.Advice' (OnClassCondition)

   AopAutoConfiguration.AspectJAutoProxyingConfiguration.CglibAutoProxyConfiguration matched:
      - @ConditionalOnProperty (spring.aop.proxy-target-class=true) matched (OnPropertyCondition)

   ApplicationAvailabilityAutoConfiguration#applicationAvailability matched:
      - @ConditionalOnMissingBean (types: org.springframework.boot.availability.ApplicationAvailability; SearchStrategy: all) did not find any beans (OnBeanCondition)

   AutoServiceRegistrationAutoConfiguration matched:
      - @ConditionalOnProperty (spring.cloud.service-registry.auto-registration.enabled) matched (OnPropertyCondition)

   AutoServiceRegistrationConfiguration matched:
      - @ConditionalOnProperty (spring.cloud.service-registry.auto-registration.enabled) matched (OnPropertyCondition)

   CacheMeterBinderProvidersConfiguration matched:
      - @ConditionalOnClass found required class 'io.micrometer.core.instrument.binder.MeterBinder' (OnClassCondition)

   CommonsClientAutoConfiguration.ActuatorConfiguration matched:
      - @ConditionalOnClass found required class 'org.springframework.boot.actuate.endpoint.annotation.Endpoint' (OnClassCondition)
      - @ConditionalOnProperty (spring.cloud.features.enabled) matched (OnPropertyCondition)

   CommonsClientAutoConfiguration.DiscoveryLoadBalancerConfiguration matched:
      - @ConditionalOnClass found required class 'org.springframework.boot.actuate.health.HealthIndicator' (OnClassCondition)
      - @ConditionalOnProperty (spring.cloud.discovery.enabled) matched; @ConditionalOnProperty (spring.cloud.discovery.blocking.enabled) matched (OnPropertyCondition)
      - @ConditionalOnBean (types: org.springframework.cloud.client.discovery.DiscoveryClient; SearchStrategy: all) found beans 'simpleDiscoveryClient', 'compositeDiscoveryClient' (OnBeanCondition)

   CommonsClientAutoConfiguration.DiscoveryLoadBalancerConfiguration#discoveryClientHealthIndicator matched:
      - @ConditionalOnProperty (spring.cloud.discovery.client.health-indicator.enabled) matched (OnPropertyCondition)

   CommonsClientAutoConfiguration.DiscoveryLoadBalancerConfiguration#discoveryCompositeHealthContributor matched:
      - @ConditionalOnProperty (spring.cloud.discovery.client.composite-indicator.enabled) matched (OnPropertyCondition)
      - @ConditionalOnBean (types: org.springframework.cloud.client.discovery.health.DiscoveryHealthIndicator; SearchStrategy: all) found bean 'discoveryClientHealthIndicator' (OnBeanCondition)

   CompatibilityVerifierAutoConfiguration matched:
      - @ConditionalOnProperty (spring.cloud.compatibility-verifier.enabled) matched (OnPropertyCondition)

   CompositeMeterRegistryAutoConfiguration matched:
      - @ConditionalOnClass found required class 'io.micrometer.core.instrument.composite.CompositeMeterRegistry' (OnClassCondition)

   ConfigurationPropertiesRebinderAutoConfiguration matched:
      - @ConditionalOnBean (types: org.springframework.boot.context.properties.ConfigurationPropertiesBindingPostProcessor; SearchStrategy: all) found bean 'org.springframework.boot.context.properties.ConfigurationPropertiesBindingPostProcessor' (OnBeanCondition)

   ConfigurationPropertiesRebinderAutoConfiguration#configurationPropertiesBeans matched:
      - @ConditionalOnMissingBean (types: org.springframework.cloud.context.properties.ConfigurationPropertiesBeans; SearchStrategy: current) did not find any beans (OnBeanCondition)

   ConfigurationPropertiesRebinderAutoConfiguration#configurationPropertiesRebinder matched:
      - @ConditionalOnMissingBean (types: org.springframework.cloud.context.properties.ConfigurationPropertiesRebinder; SearchStrategy: current) did not find any beans (OnBeanCondition)

   DataSourceAutoConfiguration matched:
      - @ConditionalOnClass found required classes 'javax.sql.DataSource', 'org.springframework.jdbc.datasource.embedded.EmbeddedDatabaseType' (OnClassCondition)
      - @ConditionalOnMissingBean (types: io.r2dbc.spi.ConnectionFactory; SearchStrategy: all) did not find any beans (OnBeanCondition)

   DataSourceAutoConfiguration.PooledDataSourceConfiguration matched:
      - AnyNestedCondition 1 matched 1 did not; NestedCondition on DataSourceAutoConfiguration.PooledDataSourceCondition.PooledDataSourceAvailable PooledDataSource found supported DataSource; NestedCondition on DataSourceAutoConfiguration.PooledDataSourceCondition.ExplicitType @ConditionalOnProperty (spring.datasource.type) did not find property 'type' (DataSourceAutoConfiguration.PooledDataSourceCondition)
      - @ConditionalOnMissingBean (types: javax.sql.DataSource,javax.sql.XADataSource; SearchStrategy: all) did not find any beans (OnBeanCondition)

   DataSourceAutoConfiguration.PooledDataSourceConfiguration#jdbcConnectionDetails matched:
      - @ConditionalOnMissingBean (types: org.springframework.boot.autoconfigure.jdbc.JdbcConnectionDetails; SearchStrategy: all) did not find any beans (OnBeanCondition)

   DataSourceConfiguration.Hikari matched:
      - @ConditionalOnClass found required class 'com.zaxxer.hikari.HikariDataSource' (OnClassCondition)
      - @ConditionalOnProperty (spring.datasource.type=com.zaxxer.hikari.HikariDataSource) matched (OnPropertyCondition)
      - @ConditionalOnMissingBean (types: javax.sql.DataSource; SearchStrategy: all) did not find any beans (OnBeanCondition)

   DataSourceHealthContributorAutoConfiguration matched:
      - @ConditionalOnClass found required classes 'org.springframework.jdbc.core.JdbcTemplate', 'org.springframework.jdbc.datasource.lookup.AbstractRoutingDataSource' (OnClassCondition)
      - @ConditionalOnEnabledHealthIndicator management.health.defaults.enabled is considered true (OnEnabledHealthIndicatorCondition)
      - @ConditionalOnBean (types: javax.sql.DataSource; SearchStrategy: all) found bean 'dataSource' (OnBeanCondition)

   DataSourceHealthContributorAutoConfiguration#dbHealthContributor matched:
      - @ConditionalOnMissingBean (names: dbHealthIndicator,dbHealthContributor; SearchStrategy: all) did not find any beans (OnBeanCondition)

   DataSourceInitializationConfiguration matched:
      - @ConditionalOnClass found required class 'org.springframework.jdbc.datasource.init.DatabasePopulator' (OnClassCondition)
      - @ConditionalOnSingleCandidate (types: javax.sql.DataSource; SearchStrategy: all) found a single bean 'dataSource'; @ConditionalOnMissingBean (types: org.springframework.boot.autoconfigure.sql.init.SqlDataSourceScriptDatabaseInitializer,org.springframework.boot.autoconfigure.sql.init.SqlR2dbcScriptDatabaseInitializer; SearchStrategy: all) did not find any beans (OnBeanCondition)

   DataSourceJmxConfiguration matched:
      - @ConditionalOnProperty (spring.jmx.enabled=true) matched (OnPropertyCondition)

   DataSourceJmxConfiguration.Hikari matched:
      - @ConditionalOnClass found required class 'com.zaxxer.hikari.HikariDataSource' (OnClassCondition)
      - @ConditionalOnSingleCandidate (types: javax.sql.DataSource; SearchStrategy: all) found a single bean 'dataSource' (OnBeanCondition)

   DataSourcePoolMetadataProvidersConfiguration.HikariPoolDataSourceMetadataProviderConfiguration matched:
      - @ConditionalOnClass found required class 'com.zaxxer.hikari.HikariDataSource' (OnClassCondition)

   DataSourcePoolMetricsAutoConfiguration matched:
      - @ConditionalOnClass found required classes 'javax.sql.DataSource', 'io.micrometer.core.instrument.MeterRegistry' (OnClassCondition)
      - @ConditionalOnBean (types: javax.sql.DataSource,io.micrometer.core.instrument.MeterRegistry; SearchStrategy: all) found beans 'simpleMeterRegistry', 'dataSource' (OnBeanCondition)

   DataSourcePoolMetricsAutoConfiguration.DataSourcePoolMetadataMetricsConfiguration matched:
      - @ConditionalOnBean (types: org.springframework.boot.jdbc.metadata.DataSourcePoolMetadataProvider; SearchStrategy: all) found bean 'hikariPoolDataSourceMetadataProvider' (OnBeanCondition)

   DataSourcePoolMetricsAutoConfiguration.HikariDataSourceMetricsConfiguration matched:
      - @ConditionalOnClass found required class 'com.zaxxer.hikari.HikariDataSource' (OnClassCondition)

   DataSourceTransactionManagerAutoConfiguration matched:
      - @ConditionalOnClass found required classes 'org.springframework.jdbc.core.JdbcTemplate', 'org.springframework.transaction.TransactionManager' (OnClassCondition)

   DataSourceTransactionManagerAutoConfiguration.JdbcTransactionManagerConfiguration matched:
      - @ConditionalOnSingleCandidate (types: javax.sql.DataSource; SearchStrategy: all) found a single bean 'dataSource' (OnBeanCondition)

   DiskSpaceHealthContributorAutoConfiguration matched:
      - @ConditionalOnEnabledHealthIndicator management.health.defaults.enabled is considered true (OnEnabledHealthIndicatorCondition)

   DiskSpaceHealthContributorAutoConfiguration#diskSpaceHealthIndicator matched:
      - @ConditionalOnMissingBean (names: diskSpaceHealthIndicator; SearchStrategy: all) did not find any beans (OnBeanCondition)

   DispatcherServletAutoConfiguration matched:
      - @ConditionalOnClass found required class 'org.springframework.web.servlet.DispatcherServlet' (OnClassCondition)
      - found 'session' scope (OnWebApplicationCondition)

   DispatcherServletAutoConfiguration.DispatcherServletConfiguration matched:
      - @ConditionalOnClass found required class 'jakarta.servlet.ServletRegistration' (OnClassCondition)
      - Default DispatcherServlet did not find dispatcher servlet beans (DispatcherServletAutoConfiguration.DefaultDispatcherServletCondition)

   DispatcherServletAutoConfiguration.DispatcherServletRegistrationConfiguration matched:
      - @ConditionalOnClass found required class 'jakarta.servlet.ServletRegistration' (OnClassCondition)
      - DispatcherServlet Registration did not find servlet registration bean (DispatcherServletAutoConfiguration.DispatcherServletRegistrationCondition)

   DispatcherServletAutoConfiguration.DispatcherServletRegistrationConfiguration#dispatcherServletRegistration matched:
      - @ConditionalOnBean (names: dispatcherServlet types: org.springframework.web.servlet.DispatcherServlet; SearchStrategy: all) found bean 'dispatcherServlet' (OnBeanCondition)

   EmbeddedWebServerFactoryCustomizerAutoConfiguration matched:
      - @ConditionalOnWebApplication (required) found 'session' scope (OnWebApplicationCondition)
      - @ConditionalOnWarDeployment the application is not deployed as a WAR file. (OnWarDeploymentCondition)

   EmbeddedWebServerFactoryCustomizerAutoConfiguration.TomcatWebServerFactoryCustomizerConfiguration matched:
      - @ConditionalOnClass found required classes 'org.apache.catalina.startup.Tomcat', 'org.apache.coyote.UpgradeProtocol' (OnClassCondition)

   EndpointAutoConfiguration#endpointCachingOperationInvokerAdvisor matched:
      - @ConditionalOnMissingBean (types: org.springframework.boot.actuate.endpoint.invoker.cache.CachingOperationInvokerAdvisor; SearchStrategy: all) did not find any beans (OnBeanCondition)

   EndpointAutoConfiguration#endpointOperationParameterMapper matched:
      - @ConditionalOnMissingBean (types: org.springframework.boot.actuate.endpoint.invoke.ParameterValueMapper; SearchStrategy: all) did not find any beans (OnBeanCondition)

   ErrorMvcAutoConfiguration matched:
      - @ConditionalOnClass found required classes 'jakarta.servlet.Servlet', 'org.springframework.web.servlet.DispatcherServlet' (OnClassCondition)
      - found 'session' scope (OnWebApplicationCondition)

   ErrorMvcAutoConfiguration#basicErrorController matched:
      - @ConditionalOnMissingBean (types: org.springframework.boot.web.servlet.error.ErrorController; SearchStrategy: current) did not find any beans (OnBeanCondition)

   ErrorMvcAutoConfiguration#errorAttributes matched:
      - @ConditionalOnMissingBean (types: org.springframework.boot.web.servlet.error.ErrorAttributes; SearchStrategy: current) did not find any beans (OnBeanCondition)

   ErrorMvcAutoConfiguration.DefaultErrorViewResolverConfiguration#conventionErrorViewResolver matched:
      - @ConditionalOnBean (types: org.springframework.web.servlet.DispatcherServlet; SearchStrategy: all) found bean 'dispatcherServlet'; @ConditionalOnMissingBean (types: org.springframework.boot.autoconfigure.web.servlet.error.ErrorViewResolver; SearchStrategy: all) did not find any beans (OnBeanCondition)

   ErrorMvcAutoConfiguration.WhitelabelErrorViewConfiguration matched:
      - @ConditionalOnProperty (server.error.whitelabel.enabled) matched (OnPropertyCondition)
      - ErrorTemplate Missing did not find error template view (ErrorMvcAutoConfiguration.ErrorTemplateMissingCondition)

   ErrorMvcAutoConfiguration.WhitelabelErrorViewConfiguration#beanNameViewResolver matched:
      - @ConditionalOnMissingBean (types: org.springframework.web.servlet.view.BeanNameViewResolver; SearchStrategy: all) did not find any beans (OnBeanCondition)

   ErrorMvcAutoConfiguration.WhitelabelErrorViewConfiguration#defaultErrorView matched:
      - @ConditionalOnMissingBean (names: error; SearchStrategy: all) did not find any beans (OnBeanCondition)

   FeignAutoConfiguration matched:
      - @ConditionalOnClass found required class 'feign.Feign' (OnClassCondition)

   FeignAutoConfiguration.DefaultFeignTargeterConfiguration matched:
      - AnyNestedCondition 1 matched 1 did not; NestedCondition on FeignCircuitBreakerDisabledConditions.CircuitBreakerDisabled @ConditionalOnProperty (spring.cloud.openfeign.circuitbreaker.enabled=false) matched; NestedCondition on FeignCircuitBreakerDisabledConditions.CircuitBreakerClassMissing @ConditionalOnMissingClass found unwanted class 'org.springframework.cloud.client.circuitbreaker.CircuitBreaker' (FeignCircuitBreakerDisabledConditions)

   FeignAutoConfiguration.DefaultFeignTargeterConfiguration#feignTargeter matched:
      - @ConditionalOnMissingBean (types: org.springframework.cloud.openfeign.Targeter; SearchStrategy: all) did not find any beans (OnBeanCondition)

   FeignAutoConfiguration.FeignJacksonConfiguration matched:
      - @ConditionalOnClass found required classes 'com.fasterxml.jackson.databind.Module', 'org.springframework.data.domain.Page', 'org.springframework.data.domain.Sort' (OnClassCondition)
      - @ConditionalOnProperty (spring.cloud.openfeign.autoconfiguration.jackson.enabled=true) matched (OnPropertyCondition)

   FeignAutoConfiguration.FeignJacksonConfiguration#pageJacksonModule matched:
      - @ConditionalOnMissingBean (types: org.springframework.cloud.openfeign.support.PageJacksonModule; SearchStrategy: all) did not find any beans (OnBeanCondition)

   FeignAutoConfiguration.FeignJacksonConfiguration#sortModule matched:
      - @ConditionalOnMissingBean (types: org.springframework.cloud.openfeign.support.SortJacksonModule; SearchStrategy: all) did not find any beans (OnBeanCondition)

   GenericCacheConfiguration matched:
      - Cache org.springframework.boot.autoconfigure.cache.GenericCacheConfiguration automatic cache type (CacheCondition)

   HealthContributorAutoConfiguration#pingHealthContributor matched:
      - @ConditionalOnEnabledHealthIndicator management.health.defaults.enabled is considered true (OnEnabledHealthIndicatorCondition)

   HealthEndpointAutoConfiguration matched:
      - @ConditionalOnAvailableEndpoint marked as exposed by a 'management.endpoints.web.exposure' property (OnAvailableEndpointCondition)

   HealthEndpointConfiguration#healthContributorRegistry matched:
      - @ConditionalOnMissingBean (types: org.springframework.boot.actuate.health.HealthContributorRegistry; SearchStrategy: all) did not find any beans (OnBeanCondition)

   HealthEndpointConfiguration#healthEndpoint matched:
      - @ConditionalOnMissingBean (types: org.springframework.boot.actuate.health.HealthEndpoint; SearchStrategy: all) did not find any beans (OnBeanCondition)

   HealthEndpointConfiguration#healthEndpointGroupMembershipValidator matched:
      - @ConditionalOnProperty (management.endpoint.health.validate-group-membership=true) matched (OnPropertyCondition)

   HealthEndpointConfiguration#healthEndpointGroups matched:
      - @ConditionalOnMissingBean (types: org.springframework.boot.actuate.health.HealthEndpointGroups; SearchStrategy: all) did not find any beans (OnBeanCondition)

   HealthEndpointConfiguration#healthHttpCodeStatusMapper matched:
      - @ConditionalOnMissingBean (types: org.springframework.boot.actuate.health.HttpCodeStatusMapper; SearchStrategy: all) did not find any beans (OnBeanCondition)

   HealthEndpointConfiguration#healthStatusAggregator matched:
      - @ConditionalOnMissingBean (types: org.springframework.boot.actuate.health.StatusAggregator; SearchStrategy: all) did not find any beans (OnBeanCondition)

   HealthEndpointWebExtensionConfiguration matched:
      - found 'session' scope (OnWebApplicationCondition)
      - @ConditionalOnAvailableEndpoint marked as exposed by a 'management.endpoints.web.exposure' property (OnAvailableEndpointCondition)
      - @ConditionalOnBean (types: org.springframework.boot.actuate.health.HealthEndpoint; SearchStrategy: all) found bean 'healthEndpoint' (OnBeanCondition)

   HealthEndpointWebExtensionConfiguration#healthEndpointWebExtension matched:
      - @ConditionalOnMissingBean (types: org.springframework.boot.actuate.health.HealthEndpointWebExtension; SearchStrategy: all) did not find any beans (OnBeanCondition)

   HealthEndpointWebExtensionConfiguration.MvcAdditionalHealthEndpointPathsConfiguration matched:
      - @ConditionalOnAvailableEndpoint marked as exposed by a 'management.endpoints.web.exposure' property (OnAvailableEndpointCondition)
      - @ConditionalOnBean (types: org.springframework.web.servlet.DispatcherServlet; SearchStrategy: all) found bean 'dispatcherServlet' (OnBeanCondition)

   HibernateJpaAutoConfiguration matched:
      - @ConditionalOnClass found required classes 'org.springframework.orm.jpa.LocalContainerEntityManagerFactoryBean', 'jakarta.persistence.EntityManager', 'org.hibernate.engine.spi.SessionImplementor' (OnClassCondition)

   HibernateJpaConfiguration matched:
      - @ConditionalOnSingleCandidate (types: javax.sql.DataSource; SearchStrategy: all) found a single bean 'dataSource' (OnBeanCondition)

   HttpClientObservationsAutoConfiguration matched:
      - @ConditionalOnClass found required class 'io.micrometer.observation.Observation' (OnClassCondition)
      - @ConditionalOnBean (types: io.micrometer.observation.ObservationRegistry; SearchStrategy: all) found bean 'observationRegistry' (OnBeanCondition)

   HttpClientObservationsAutoConfiguration.MeterFilterConfiguration matched:
      - @ConditionalOnClass found required class 'io.micrometer.core.instrument.MeterRegistry' (OnClassCondition)
      - @ConditionalOnBean (types: io.micrometer.core.instrument.MeterRegistry; SearchStrategy: all) found bean 'simpleMeterRegistry' (OnBeanCondition)

   HttpEncodingAutoConfiguration matched:
      - @ConditionalOnClass found required class 'org.springframework.web.filter.CharacterEncodingFilter' (OnClassCondition)
      - found 'session' scope (OnWebApplicationCondition)
      - @ConditionalOnProperty (server.servlet.encoding.enabled) matched (OnPropertyCondition)

   HttpEncodingAutoConfiguration#characterEncodingFilter matched:
      - @ConditionalOnMissingBean (types: org.springframework.web.filter.CharacterEncodingFilter; SearchStrategy: all) did not find any beans (OnBeanCondition)

   HttpMessageConvertersAutoConfiguration matched:
      - @ConditionalOnClass found required class 'org.springframework.http.converter.HttpMessageConverter' (OnClassCondition)
      - NoneNestedConditions 0 matched 1 did not; NestedCondition on HttpMessageConvertersAutoConfiguration.NotReactiveWebApplicationCondition.ReactiveWebApplication did not find reactive web application classes (HttpMessageConvertersAutoConfiguration.NotReactiveWebApplicationCondition)

   HttpMessageConvertersAutoConfiguration#messageConverters matched:
      - @ConditionalOnMissingBean (types: org.springframework.boot.autoconfigure.http.HttpMessageConverters; SearchStrategy: all) did not find any beans (OnBeanCondition)

   HttpMessageConvertersAutoConfiguration.StringHttpMessageConverterConfiguration matched:
      - @ConditionalOnClass found required class 'org.springframework.http.converter.StringHttpMessageConverter' (OnClassCondition)

   HttpMessageConvertersAutoConfiguration.StringHttpMessageConverterConfiguration#stringHttpMessageConverter matched:
      - @ConditionalOnMissingBean (types: org.springframework.http.converter.StringHttpMessageConverter; SearchStrategy: all) did not find any beans (OnBeanCondition)

   JacksonAutoConfiguration matched:
      - @ConditionalOnClass found required class 'com.fasterxml.jackson.databind.ObjectMapper' (OnClassCondition)

   JacksonAutoConfiguration.Jackson2ObjectMapperBuilderCustomizerConfiguration matched:
      - @ConditionalOnClass found required class 'org.springframework.http.converter.json.Jackson2ObjectMapperBuilder' (OnClassCondition)

   JacksonAutoConfiguration.JacksonObjectMapperBuilderConfiguration matched:
      - @ConditionalOnClass found required class 'org.springframework.http.converter.json.Jackson2ObjectMapperBuilder' (OnClassCondition)

   JacksonAutoConfiguration.JacksonObjectMapperBuilderConfiguration#jacksonObjectMapperBuilder matched:
      - @ConditionalOnMissingBean (types: org.springframework.http.converter.json.Jackson2ObjectMapperBuilder; SearchStrategy: all) did not find any beans (OnBeanCondition)

   JacksonAutoConfiguration.JacksonObjectMapperConfiguration matched:
      - @ConditionalOnClass found required class 'org.springframework.http.converter.json.Jackson2ObjectMapperBuilder' (OnClassCondition)

   JacksonAutoConfiguration.JacksonObjectMapperConfiguration#jacksonObjectMapper matched:
      - @ConditionalOnMissingBean (types: com.fasterxml.jackson.databind.ObjectMapper; SearchStrategy: all) did not find any beans (OnBeanCondition)

   JacksonAutoConfiguration.ParameterNamesModuleConfiguration matched:
      - @ConditionalOnClass found required class 'com.fasterxml.jackson.module.paramnames.ParameterNamesModule' (OnClassCondition)

   JacksonAutoConfiguration.ParameterNamesModuleConfiguration#parameterNamesModule matched:
      - @ConditionalOnMissingBean (types: com.fasterxml.jackson.module.paramnames.ParameterNamesModule; SearchStrategy: all) did not find any beans (OnBeanCondition)

   JacksonEndpointAutoConfiguration#endpointObjectMapper matched:
      - @ConditionalOnClass found required classes 'com.fasterxml.jackson.databind.ObjectMapper', 'org.springframework.http.converter.json.Jackson2ObjectMapperBuilder' (OnClassCondition)
      - @ConditionalOnProperty (management.endpoints.jackson.isolated-object-mapper) matched (OnPropertyCondition)

   JacksonHttpMessageConvertersConfiguration.MappingJackson2HttpMessageConverterConfiguration matched:
      - @ConditionalOnClass found required class 'com.fasterxml.jackson.databind.ObjectMapper' (OnClassCondition)
      - @ConditionalOnProperty (spring.mvc.converters.preferred-json-mapper=jackson) matched (OnPropertyCondition)
      - @ConditionalOnBean (types: com.fasterxml.jackson.databind.ObjectMapper; SearchStrategy: all) found bean 'jacksonObjectMapper' (OnBeanCondition)

   JacksonHttpMessageConvertersConfiguration.MappingJackson2HttpMessageConverterConfiguration#mappingJackson2HttpMessageConverter matched:
      - @ConditionalOnMissingBean (types: org.springframework.http.converter.json.MappingJackson2HttpMessageConverter ignored: org.springframework.hateoas.server.mvc.TypeConstrainedMappingJackson2HttpMessageConverter,org.springframework.data.rest.webmvc.alps.AlpsJsonHttpMessageConverter; SearchStrategy: all) did not find any beans (OnBeanCondition)

   JdbcClientAutoConfiguration matched:
      - @ConditionalOnSingleCandidate (types: org.springframework.jdbc.core.namedparam.NamedParameterJdbcTemplate; SearchStrategy: all) found a single bean 'namedParameterJdbcTemplate'; @ConditionalOnMissingBean (types: org.springframework.jdbc.core.simple.JdbcClient; SearchStrategy: all) did not find any beans (OnBeanCondition)

   JdbcTemplateAutoConfiguration matched:
      - @ConditionalOnClass found required classes 'javax.sql.DataSource', 'org.springframework.jdbc.core.JdbcTemplate' (OnClassCondition)
      - @ConditionalOnSingleCandidate (types: javax.sql.DataSource; SearchStrategy: all) found a single bean 'dataSource' (OnBeanCondition)

   JdbcTemplateConfiguration matched:
      - @ConditionalOnMissingBean (types: org.springframework.jdbc.core.JdbcOperations; SearchStrategy: all) did not find any beans (OnBeanCondition)

   JpaBaseConfiguration#entityManagerFactory matched:
      - @ConditionalOnMissingBean (types: org.springframework.orm.jpa.LocalContainerEntityManagerFactoryBean,jakarta.persistence.EntityManagerFactory; SearchStrategy: all) did not find any beans (OnBeanCondition)

   JpaBaseConfiguration#entityManagerFactoryBuilder matched:
      - @ConditionalOnMissingBean (types: org.springframework.boot.orm.jpa.EntityManagerFactoryBuilder; SearchStrategy: all) did not find any beans (OnBeanCondition)

   JpaBaseConfiguration#jpaVendorAdapter matched:
      - @ConditionalOnMissingBean (types: org.springframework.orm.jpa.JpaVendorAdapter; SearchStrategy: all) did not find any beans (OnBeanCondition)

   JpaBaseConfiguration#transactionManager matched:
      - @ConditionalOnMissingBean (types: org.springframework.transaction.TransactionManager; SearchStrategy: all) did not find any beans (OnBeanCondition)

   JpaBaseConfiguration.JpaWebConfiguration matched:
      - @ConditionalOnClass found required class 'org.springframework.web.servlet.config.annotation.WebMvcConfigurer' (OnClassCondition)
      - found 'session' scope (OnWebApplicationCondition)
      - @ConditionalOnProperty (spring.jpa.open-in-view=true) matched (OnPropertyCondition)
      - @ConditionalOnMissingBean (types: org.springframework.orm.jpa.support.OpenEntityManagerInViewInterceptor,org.springframework.orm.jpa.support.OpenEntityManagerInViewFilter; SearchStrategy: all) did not find any beans (OnBeanCondition)

   JpaBaseConfiguration.PersistenceManagedTypesConfiguration matched:
      - @ConditionalOnMissingBean (types: org.springframework.orm.jpa.LocalContainerEntityManagerFactoryBean,jakarta.persistence.EntityManagerFactory; SearchStrategy: all) did not find any beans (OnBeanCondition)

   JpaBaseConfiguration.PersistenceManagedTypesConfiguration#persistenceManagedTypes matched:
      - @ConditionalOnMissingBean (types: org.springframework.orm.jpa.persistenceunit.PersistenceManagedTypes; SearchStrategy: all) did not find any beans (OnBeanCondition)

   JpaRepositoriesAutoConfiguration matched:
      - @ConditionalOnClass found required class 'org.springframework.data.jpa.repository.JpaRepository' (OnClassCondition)
      - @ConditionalOnProperty (spring.data.jpa.repositories.enabled=true) matched (OnPropertyCondition)
      - @ConditionalOnBean (types: javax.sql.DataSource; SearchStrategy: all) found bean 'dataSource'; @ConditionalOnMissingBean (types: org.springframework.data.jpa.repository.support.JpaRepositoryFactoryBean,org.springframework.data.jpa.repository.config.JpaRepositoryConfigExtension; SearchStrategy: all) did not find any beans (OnBeanCondition)

   JtaAutoConfiguration matched:
      - @ConditionalOnClass found required class 'jakarta.transaction.Transaction' (OnClassCondition)
      - @ConditionalOnProperty (spring.jta.enabled) matched (OnPropertyCondition)

   JvmMetricsAutoConfiguration matched:
      - @ConditionalOnClass found required class 'io.micrometer.core.instrument.MeterRegistry' (OnClassCondition)
      - @ConditionalOnBean (types: io.micrometer.core.instrument.MeterRegistry; SearchStrategy: all) found bean 'simpleMeterRegistry' (OnBeanCondition)

   JvmMetricsAutoConfiguration#classLoaderMetrics matched:
      - @ConditionalOnMissingBean (types: io.micrometer.core.instrument.binder.jvm.ClassLoaderMetrics; SearchStrategy: all) did not find any beans (OnBeanCondition)

   JvmMetricsAutoConfiguration#jvmCompilationMetrics matched:
      - @ConditionalOnMissingBean (types: io.micrometer.core.instrument.binder.jvm.JvmCompilationMetrics; SearchStrategy: all) did not find any beans (OnBeanCondition)

   JvmMetricsAutoConfiguration#jvmGcMetrics matched:
      - @ConditionalOnMissingBean (types: io.micrometer.core.instrument.binder.jvm.JvmGcMetrics; SearchStrategy: all) did not find any beans (OnBeanCondition)

   JvmMetricsAutoConfiguration#jvmHeapPressureMetrics matched:
      - @ConditionalOnMissingBean (types: io.micrometer.core.instrument.binder.jvm.JvmHeapPressureMetrics; SearchStrategy: all) did not find any beans (OnBeanCondition)

   JvmMetricsAutoConfiguration#jvmInfoMetrics matched:
      - @ConditionalOnMissingBean (types: io.micrometer.core.instrument.binder.jvm.JvmInfoMetrics; SearchStrategy: all) did not find any beans (OnBeanCondition)

   JvmMetricsAutoConfiguration#jvmMemoryMetrics matched:
      - @ConditionalOnMissingBean (types: io.micrometer.core.instrument.binder.jvm.JvmMemoryMetrics; SearchStrategy: all) did not find any beans (OnBeanCondition)

   JvmMetricsAutoConfiguration#jvmThreadMetrics matched:
      - @ConditionalOnMissingBean (types: io.micrometer.core.instrument.binder.jvm.JvmThreadMetrics; SearchStrategy: all) did not find any beans (OnBeanCondition)

   LifecycleAutoConfiguration#defaultLifecycleProcessor matched:
      - @ConditionalOnMissingBean (names: lifecycleProcessor; SearchStrategy: current) did not find any beans (OnBeanCondition)

   LifecycleMvcEndpointAutoConfiguration#environmentManager matched:
      - @ConditionalOnMissingBean (types: org.springframework.cloud.context.environment.EnvironmentManager; SearchStrategy: all) did not find any beans (OnBeanCondition)

   LogbackMetricsAutoConfiguration matched:
      - @ConditionalOnClass found required classes 'io.micrometer.core.instrument.MeterRegistry', 'ch.qos.logback.classic.LoggerContext', 'org.slf4j.LoggerFactory' (OnClassCondition)
      - LogbackLoggingCondition ILoggerFactory is a Logback LoggerContext (LogbackMetricsAutoConfiguration.LogbackLoggingCondition)
      - @ConditionalOnBean (types: io.micrometer.core.instrument.MeterRegistry; SearchStrategy: all) found bean 'simpleMeterRegistry' (OnBeanCondition)

   LogbackMetricsAutoConfiguration#logbackMetrics matched:
      - @ConditionalOnMissingBean (types: io.micrometer.core.instrument.binder.logging.LogbackMetrics; SearchStrategy: all) did not find any beans (OnBeanCondition)

   ManagementContextAutoConfiguration.SameManagementContextConfiguration matched:
      - Management Port actual port type (SAME) matched required type (OnManagementPortCondition)

   MetricsAspectsAutoConfiguration matched:
      - @ConditionalOnClass found required classes 'io.micrometer.core.instrument.MeterRegistry', 'org.aspectj.weaver.Advice' (OnClassCondition)
      - @ConditionalOnBean (types: io.micrometer.core.instrument.MeterRegistry; SearchStrategy: all) found bean 'simpleMeterRegistry' (OnBeanCondition)

   MetricsAspectsAutoConfiguration#countedAspect matched:
      - @ConditionalOnMissingBean (types: io.micrometer.core.aop.CountedAspect; SearchStrategy: all) did not find any beans (OnBeanCondition)

   MetricsAspectsAutoConfiguration#timedAspect matched:
      - @ConditionalOnMissingBean (types: io.micrometer.core.aop.TimedAspect; SearchStrategy: all) did not find any beans (OnBeanCondition)

   MetricsAutoConfiguration matched:
      - @ConditionalOnClass found required class 'io.micrometer.core.annotation.Timed' (OnClassCondition)

   MetricsAutoConfiguration#micrometerClock matched:
      - @ConditionalOnMissingBean (types: io.micrometer.core.instrument.Clock; SearchStrategy: all) did not find any beans (OnBeanCondition)

   MultipartAutoConfiguration matched:
      - @ConditionalOnClass found required classes 'jakarta.servlet.Servlet', 'org.springframework.web.multipart.support.StandardServletMultipartResolver', 'jakarta.servlet.MultipartConfigElement' (OnClassCondition)
      - found 'session' scope (OnWebApplicationCondition)
      - @ConditionalOnProperty (spring.servlet.multipart.enabled) matched (OnPropertyCondition)

   MultipartAutoConfiguration#multipartConfigElement matched:
      - @ConditionalOnMissingBean (types: jakarta.servlet.MultipartConfigElement; SearchStrategy: all) did not find any beans (OnBeanCondition)

   MultipartAutoConfiguration#multipartResolver matched:
      - @ConditionalOnMissingBean (types: org.springframework.web.multipart.MultipartResolver; SearchStrategy: all) did not find any beans (OnBeanCondition)

   NamedParameterJdbcTemplateConfiguration matched:
      - @ConditionalOnSingleCandidate (types: org.springframework.jdbc.core.JdbcTemplate; SearchStrategy: all) found a single bean 'jdbcTemplate'; @ConditionalOnMissingBean (types: org.springframework.jdbc.core.namedparam.NamedParameterJdbcOperations; SearchStrategy: all) did not find any beans (OnBeanCondition)

   NoOpCacheConfiguration matched:
      - Cache org.springframework.boot.autoconfigure.cache.NoOpCacheConfiguration automatic cache type (CacheCondition)

   ObservationAutoConfiguration matched:
      - @ConditionalOnClass found required class 'io.micrometer.observation.ObservationRegistry' (OnClassCondition)

   ObservationAutoConfiguration#observationRegistry matched:
      - @ConditionalOnMissingBean (types: io.micrometer.observation.ObservationRegistry; SearchStrategy: all) did not find any beans (OnBeanCondition)

   ObservationAutoConfiguration.MeterObservationHandlerConfiguration matched:
      - @ConditionalOnBean (types: io.micrometer.core.instrument.MeterRegistry; SearchStrategy: all) found bean 'simpleMeterRegistry'; @ConditionalOnMissingBean (types: io.micrometer.core.instrument.observation.MeterObservationHandler; SearchStrategy: all) did not find any beans (OnBeanCondition)

   ObservationAutoConfiguration.MeterObservationHandlerConfiguration.OnlyMetricsMeterObservationHandlerConfiguration matched:
      - @ConditionalOnMissingBean (types: io.micrometer.tracing.Tracer; SearchStrategy: all) did not find any beans (OnBeanCondition)

   ObservationAutoConfiguration.ObservedAspectConfiguration matched:
      - @ConditionalOnClass found required class 'org.aspectj.weaver.Advice' (OnClassCondition)

   ObservationAutoConfiguration.ObservedAspectConfiguration#observedAspect matched:
      - @ConditionalOnMissingBean (types: io.micrometer.observation.aop.ObservedAspect; SearchStrategy: all) did not find any beans (OnBeanCondition)

   ObservationAutoConfiguration.OnlyMetricsConfiguration matched:
      - @ConditionalOnClass found required class 'io.micrometer.core.instrument.MeterRegistry'; @ConditionalOnMissingClass did not find unwanted class 'io.micrometer.tracing.Tracer' (OnClassCondition)

   PersistenceExceptionTranslationAutoConfiguration matched:
      - @ConditionalOnClass found required class 'org.springframework.dao.annotation.PersistenceExceptionTranslationPostProcessor' (OnClassCondition)

   PersistenceExceptionTranslationAutoConfiguration#persistenceExceptionTranslationPostProcessor matched:
      - @ConditionalOnProperty (spring.dao.exceptiontranslation.enabled) matched (OnPropertyCondition)
      - @ConditionalOnMissingBean (types: org.springframework.dao.annotation.PersistenceExceptionTranslationPostProcessor; SearchStrategy: all) did not find any beans (OnBeanCondition)

   PropertyPlaceholderAutoConfiguration#propertySourcesPlaceholderConfigurer matched:
      - @ConditionalOnMissingBean (types: org.springframework.context.support.PropertySourcesPlaceholderConfigurer; SearchStrategy: current) did not find any beans (OnBeanCondition)

   RefreshAutoConfiguration matched:
      - @ConditionalOnClass found required class 'org.springframework.cloud.context.scope.refresh.RefreshScope' (OnClassCondition)
      - @ConditionalOnProperty (spring.cloud.refresh.enabled) matched (OnPropertyCondition)

   RefreshAutoConfiguration#configDataContextRefresher matched:
      - @ConditionalOnMissingBean (types: org.springframework.cloud.context.refresh.ConfigDataContextRefresher; SearchStrategy: all) did not find any beans (OnBeanCondition)
      - NoneNestedConditions 0 matched 3 did not; NestedCondition on ConditionalOnBootstrapDisabled.OnBootstrapDisabledCondition.OnBootstrapEnabled @ConditionalOnProperty (spring.cloud.bootstrap.enabled) did not find property 'spring.cloud.bootstrap.enabled'; NestedCondition on ConditionalOnBootstrapDisabled.OnBootstrapDisabledCondition.OnUseLegacyProcessingEnabled @ConditionalOnProperty (spring.config.use-legacy-processing) did not find property 'spring.config.use-legacy-processing'; NestedCondition on ConditionalOnBootstrapDisabled.OnBootstrapDisabledCondition.OnBootstrapMarkerClassPresent @ConditionalOnClass did not find required class 'org.springframework.cloud.bootstrap.marker.Marker' (ConditionalOnBootstrapDisabled.OnBootstrapDisabledCondition)

   RefreshAutoConfiguration#loggingRebinder matched:
      - @ConditionalOnMissingBean (types: org.springframework.cloud.logging.LoggingRebinder; SearchStrategy: all) did not find any beans (OnBeanCondition)

   RefreshAutoConfiguration#refreshScope matched:
      - @ConditionalOnMissingBean (types: org.springframework.cloud.context.scope.refresh.RefreshScope; SearchStrategy: all) did not find any beans (OnBeanCondition)

   RefreshAutoConfiguration#refreshScopeLifecycle matched:
      - @ConditionalOnProperty (spring.cloud.refresh.on-restart.enabled) matched (OnPropertyCondition)

   RefreshEndpointAutoConfiguration matched:
      - @ConditionalOnClass found required classes 'org.springframework.boot.actuate.autoconfigure.endpoint.EndpointAutoConfiguration', 'org.springframework.boot.actuate.health.Health' (OnClassCondition)

   RefreshEndpointAutoConfiguration#refreshScopeHealthIndicator matched:
      - @ConditionalOnMissingBean (types: org.springframework.cloud.health.RefreshScopeHealthIndicator; SearchStrategy: all) did not find any beans (OnBeanCondition)
      - @ConditionalOnEnabledHealthIndicator management.health.defaults.enabled is considered true (OnEnabledHealthIndicatorCondition)

   RepositoryMetricsAutoConfiguration matched:
      - @ConditionalOnClass found required class 'org.springframework.data.repository.Repository' (OnClassCondition)
      - @ConditionalOnBean (types: io.micrometer.core.instrument.MeterRegistry; SearchStrategy: all) found bean 'simpleMeterRegistry' (OnBeanCondition)

   RepositoryMetricsAutoConfiguration#metricsRepositoryMethodInvocationListener matched:
      - @ConditionalOnMissingBean (types: org.springframework.boot.actuate.metrics.data.MetricsRepositoryMethodInvocationListener; SearchStrategy: all) did not find any beans (OnBeanCondition)

   RepositoryMetricsAutoConfiguration#repositoryTagsProvider matched:
      - @ConditionalOnMissingBean (types: org.springframework.boot.actuate.metrics.data.RepositoryTagsProvider; SearchStrategy: all) did not find any beans (OnBeanCondition)

   ResourceServerTokenRelayAutoConfiguration matched:
      - @ConditionalOnClass found required class 'org.springframework.web.servlet.config.annotation.WebMvcConfigurer' (OnClassCondition)
      - found 'session' scope (OnWebApplicationCondition)
      - @ConditionalOnProperty (spring.cloud.mvc.token-relay.enabled) matched (OnPropertyCondition)

   RestClientAutoConfiguration matched:
      - @ConditionalOnClass found required class 'org.springframework.web.client.RestClient' (OnClassCondition)
      - NoneNestedConditions 0 matched 1 did not; NestedCondition on NotReactiveWebApplicationCondition.ReactiveWebApplication did not find reactive web application classes (NotReactiveWebApplicationCondition)

   RestClientAutoConfiguration#httpMessageConvertersRestClientCustomizer matched:
      - @ConditionalOnMissingBean (types: org.springframework.boot.autoconfigure.web.client.HttpMessageConvertersRestClientCustomizer; SearchStrategy: all) did not find any beans (OnBeanCondition)

   RestClientAutoConfiguration#restClientBuilder matched:
      - @ConditionalOnMissingBean (types: org.springframework.web.client.RestClient$Builder; SearchStrategy: all) did not find any beans (OnBeanCondition)

   RestClientAutoConfiguration#restClientBuilderConfigurer matched:
      - @ConditionalOnMissingBean (types: org.springframework.boot.autoconfigure.web.client.RestClientBuilderConfigurer; SearchStrategy: all) did not find any beans (OnBeanCondition)

   RestClientAutoConfiguration#restClientSsl matched:
      - @ConditionalOnBean (types: org.springframework.boot.ssl.SslBundles; SearchStrategy: all) found bean 'sslBundleRegistry'; @ConditionalOnMissingBean (types: org.springframework.boot.autoconfigure.web.client.RestClientSsl; SearchStrategy: all) did not find any beans (OnBeanCondition)

   RestClientObservationConfiguration matched:
      - @ConditionalOnClass found required class 'org.springframework.web.client.RestClient' (OnClassCondition)
      - @ConditionalOnBean (types: org.springframework.web.client.RestClient$Builder; SearchStrategy: all) found bean 'restClientBuilder' (OnBeanCondition)

   RestTemplateAutoConfiguration matched:
      - @ConditionalOnClass found required class 'org.springframework.web.client.RestTemplate' (OnClassCondition)
      - NoneNestedConditions 0 matched 1 did not; NestedCondition on NotReactiveWebApplicationCondition.ReactiveWebApplication did not find reactive web application classes (NotReactiveWebApplicationCondition)

   RestTemplateAutoConfiguration#restTemplateBuilder matched:
      - @ConditionalOnMissingBean (types: org.springframework.boot.web.client.RestTemplateBuilder; SearchStrategy: all) did not find any beans (OnBeanCondition)

   RestTemplateObservationConfiguration matched:
      - @ConditionalOnClass found required class 'org.springframework.web.client.RestTemplate' (OnClassCondition)
      - @ConditionalOnBean (types: org.springframework.boot.web.client.RestTemplateBuilder; SearchStrategy: all) found bean 'restTemplateBuilder' (OnBeanCondition)

   RestartEndpointWithoutIntegrationConfiguration matched:
      - @ConditionalOnMissingClass did not find unwanted class 'org.springframework.integration.monitor.IntegrationMBeanExporter' (OnClassCondition)

   ScheduledTasksObservabilityAutoConfiguration matched:
      - @ConditionalOnClass found required class 'org.springframework.scheduling.concurrent.ThreadPoolTaskScheduler' (OnClassCondition)
      - @ConditionalOnBean (types: io.micrometer.observation.ObservationRegistry; SearchStrategy: all) found bean 'observationRegistry' (OnBeanCondition)

   SecurityAutoConfiguration matched:
      - @ConditionalOnClass found required class 'org.springframework.security.authentication.DefaultAuthenticationEventPublisher' (OnClassCondition)

   SecurityAutoConfiguration#authenticationEventPublisher matched:
      - @ConditionalOnMissingBean (types: org.springframework.security.authentication.AuthenticationEventPublisher; SearchStrategy: all) did not find any beans (OnBeanCondition)

   SecurityFilterAutoConfiguration matched:
      - @ConditionalOnClass found required classes 'org.springframework.security.web.context.AbstractSecurityWebApplicationInitializer', 'org.springframework.security.config.http.SessionCreationPolicy' (OnClassCondition)
      - found 'session' scope (OnWebApplicationCondition)

   SecurityFilterAutoConfiguration#securityFilterChainRegistration matched:
      - @ConditionalOnBean (names: springSecurityFilterChain; SearchStrategy: all) found bean 'springSecurityFilterChain' (OnBeanCondition)

   SecurityRequestMatchersManagementContextConfiguration matched:
      - @ConditionalOnClass found required class 'org.springframework.security.web.util.matcher.RequestMatcher' (OnClassCondition)
      - found 'session' scope (OnWebApplicationCondition)

   SecurityRequestMatchersManagementContextConfiguration.MvcRequestMatcherConfiguration matched:
      - @ConditionalOnClass found required class 'org.springframework.web.servlet.DispatcherServlet' (OnClassCondition)
      - @ConditionalOnBean (types: org.springframework.boot.autoconfigure.web.servlet.DispatcherServletPath; SearchStrategy: all) found bean 'dispatcherServletRegistration' (OnBeanCondition)

   SecurityRequestMatchersManagementContextConfiguration.MvcRequestMatcherConfiguration#requestMatcherProvider matched:
      - @ConditionalOnClass found required class 'org.springframework.web.servlet.DispatcherServlet' (OnClassCondition)
      - @ConditionalOnMissingBean (types: org.springframework.boot.autoconfigure.security.servlet.RequestMatcherProvider; SearchStrategy: all) did not find any beans (OnBeanCondition)

   ServletEndpointManagementContextConfiguration matched:
      - found 'session' scope (OnWebApplicationCondition)

   ServletEndpointManagementContextConfiguration.WebMvcServletEndpointManagementContextConfiguration matched:
      - @ConditionalOnClass found required class 'org.springframework.web.servlet.DispatcherServlet' (OnClassCondition)

   ServletManagementContextAutoConfiguration matched:
      - @ConditionalOnClass found required class 'jakarta.servlet.Servlet' (OnClassCondition)
      - found 'session' scope (OnWebApplicationCondition)

   ServletWebServerFactoryAutoConfiguration matched:
      - @ConditionalOnClass found required class 'jakarta.servlet.ServletRequest' (OnClassCondition)
      - found 'session' scope (OnWebApplicationCondition)

   ServletWebServerFactoryAutoConfiguration#tomcatServletWebServerFactoryCustomizer matched:
      - @ConditionalOnClass found required class 'org.apache.catalina.startup.Tomcat' (OnClassCondition)

   ServletWebServerFactoryConfiguration.EmbeddedTomcat matched:
      - @ConditionalOnClass found required classes 'jakarta.servlet.Servlet', 'org.apache.catalina.startup.Tomcat', 'org.apache.coyote.UpgradeProtocol' (OnClassCondition)
      - @ConditionalOnMissingBean (types: org.springframework.boot.web.servlet.server.ServletWebServerFactory; SearchStrategy: current) did not find any beans (OnBeanCondition)

   SimpleCacheConfiguration matched:
      - Cache org.springframework.boot.autoconfigure.cache.SimpleCacheConfiguration automatic cache type (CacheCondition)

   SimpleDiscoveryClientAutoConfiguration#simpleDiscoveryProperties matched:
      - @ConditionalOnMissingBean (types: org.springframework.cloud.client.discovery.simple.SimpleDiscoveryProperties; SearchStrategy: all) did not find any beans (OnBeanCondition)

   SimpleMetricsExportAutoConfiguration matched:
      - @ConditionalOnEnabledMetricsExport management.defaults.metrics.export.enabled is considered true (OnMetricsExportEnabledCondition)
      - @ConditionalOnBean (types: io.micrometer.core.instrument.Clock; SearchStrategy: all) found bean 'micrometerClock'; @ConditionalOnMissingBean (types: io.micrometer.core.instrument.MeterRegistry; SearchStrategy: all) did not find any beans (OnBeanCondition)

   SimpleMetricsExportAutoConfiguration#simpleConfig matched:
      - @ConditionalOnMissingBean (types: io.micrometer.core.instrument.simple.SimpleConfig; SearchStrategy: all) did not find any beans (OnBeanCondition)

   SpringBootWebSecurityConfiguration matched:
      - found 'session' scope (OnWebApplicationCondition)

   SpringDataWebAutoConfiguration matched:
      - @ConditionalOnClass found required classes 'org.springframework.data.web.PageableHandlerMethodArgumentResolver', 'org.springframework.web.servlet.config.annotation.WebMvcConfigurer' (OnClassCondition)
      - found 'session' scope (OnWebApplicationCondition)
      - @ConditionalOnMissingBean (types: org.springframework.data.web.PageableHandlerMethodArgumentResolver; SearchStrategy: all) did not find any beans (OnBeanCondition)

   SpringDataWebAutoConfiguration#pageableCustomizer matched:
      - @ConditionalOnMissingBean (types: org.springframework.data.web.config.PageableHandlerMethodArgumentResolverCustomizer; SearchStrategy: all) did not find any beans (OnBeanCondition)

   SpringDataWebAutoConfiguration#sortCustomizer matched:
      - @ConditionalOnMissingBean (types: org.springframework.data.web.config.SortHandlerMethodArgumentResolverCustomizer; SearchStrategy: all) did not find any beans (OnBeanCondition)

   SpringDocConfigProperties matched:
      - @ConditionalOnProperty (springdoc.api-docs.enabled) matched (OnPropertyCondition)
      - @ConditionalOnBean (types: org.springdoc.core.configuration.SpringDocConfiguration; SearchStrategy: all) found bean 'org.springdoc.core.configuration.SpringDocConfiguration' (OnBeanCondition)

   SpringDocConfiguration matched:
      - @ConditionalOnWebApplication (required) found 'session' scope (OnWebApplicationCondition)
      - @ConditionalOnProperty (springdoc.api-docs.enabled) matched (OnPropertyCondition)

   SpringDocConfiguration#fileSupportConverter matched:
      - @ConditionalOnMissingBean (types: org.springdoc.core.converters.FileSupportConverter; SearchStrategy: all) did not find any beans (OnBeanCondition)

   SpringDocConfiguration#openAPIBuilder matched:
      - @ConditionalOnMissingBean (types: org.springdoc.core.service.OpenAPIService; SearchStrategy: all) did not find any beans (OnBeanCondition)

   SpringDocConfiguration#operationBuilder matched:
      - @ConditionalOnMissingBean (types: org.springdoc.core.service.OperationService; SearchStrategy: all) did not find any beans (OnBeanCondition)

   SpringDocConfiguration#parameterBuilder matched:
      - @ConditionalOnMissingBean (types: org.springdoc.core.service.GenericParameterService; SearchStrategy: all) did not find any beans (OnBeanCondition)

   SpringDocConfiguration#polymorphicModelConverter matched:
      - @ConditionalOnProperty (springdoc.model-converters.polymorphic-converter.enabled) matched (OnPropertyCondition)
      - @ConditionalOnMissingBean (types: org.springdoc.core.converters.PolymorphicModelConverter; SearchStrategy: all) did not find any beans (OnBeanCondition)

   SpringDocConfiguration#requestBodyBuilder matched:
      - @ConditionalOnMissingBean (types: org.springdoc.core.service.RequestBodyService; SearchStrategy: all) did not find any beans (OnBeanCondition)

   SpringDocConfiguration#responseSupportConverter matched:
      - @ConditionalOnMissingBean (types: org.springdoc.core.converters.ResponseSupportConverter; SearchStrategy: all) did not find any beans (OnBeanCondition)

   SpringDocConfiguration#schemaPropertyDeprecatingConverter matched:
      - @ConditionalOnProperty (springdoc.model-converters.deprecating-converter.enabled) matched (OnPropertyCondition)
      - @ConditionalOnMissingBean (types: org.springdoc.core.converters.SchemaPropertyDeprecatingConverter; SearchStrategy: all) did not find any beans (OnBeanCondition)

   SpringDocConfiguration#securityParser matched:
      - @ConditionalOnMissingBean (types: org.springdoc.core.service.SecurityService; SearchStrategy: all) did not find any beans (OnBeanCondition)

   SpringDocConfiguration#springDocCustomizers matched:
      - @ConditionalOnMissingBean (types: org.springdoc.core.customizers.SpringDocCustomizers; SearchStrategy: all) did not find any beans (OnBeanCondition)

   SpringDocConfiguration#springDocProviders matched:
      - @ConditionalOnMissingBean (types: org.springdoc.core.providers.SpringDocProviders; SearchStrategy: all) did not find any beans (OnBeanCondition)

   SpringDocConfiguration#springdocObjectMapperProvider matched:
      - @ConditionalOnMissingBean (types: org.springdoc.core.providers.ObjectMapperProvider; SearchStrategy: all) did not find any beans (OnBeanCondition)

   SpringDocConfiguration.QuerydslProvider matched:
      - @ConditionalOnClass found required class 'org.springframework.data.querydsl.binding.QuerydslBindingsFactory' (OnClassCondition)

   SpringDocConfiguration.QuerydslProvider#queryDslQuerydslPredicateOperationCustomizer matched:
      - @ConditionalOnMissingBean (types: org.springdoc.core.customizers.QuerydslPredicateOperationCustomizer; SearchStrategy: all) did not find any beans (OnBeanCondition)

   SpringDocConfiguration.SpringDocSpringDataWebPropertiesProvider matched:
      - @ConditionalOnClass found required class 'org.springframework.boot.autoconfigure.data.web.SpringDataWebProperties' (OnClassCondition)

   SpringDocConfiguration.SpringDocSpringDataWebPropertiesProvider#springDataWebPropertiesProvider matched:
      - @ConditionalOnMissingBean (types: org.springdoc.core.providers.SpringDataWebPropertiesProvider; SearchStrategy: all) did not find any beans (OnBeanCondition)

   SpringDocConfiguration.WebConversionServiceConfiguration matched:
      - @ConditionalOnClass found required class 'org.springframework.boot.autoconfigure.web.format.WebConversionService' (OnClassCondition)

   SpringDocPageableConfiguration matched:
      - @ConditionalOnClass found required class 'org.springframework.data.domain.Pageable' (OnClassCondition)
      - @ConditionalOnWebApplication (required) found 'session' scope (OnWebApplicationCondition)
      - @ConditionalOnProperty (springdoc.api-docs.enabled) matched (OnPropertyCondition)
      - @ConditionalOnBean (types: org.springdoc.core.configuration.SpringDocConfiguration; SearchStrategy: all) found bean 'org.springdoc.core.configuration.SpringDocConfiguration' (OnBeanCondition)

   SpringDocPageableConfiguration#delegatingMethodParameterCustomizer matched:
      - @ConditionalOnMissingBean (types: org.springdoc.core.customizers.DelegatingMethodParameterCustomizer; SearchStrategy: all) did not find any beans (OnBeanCondition)

   SpringDocPageableConfiguration#pageableOpenAPIConverter matched:
      - @ConditionalOnProperty (springdoc.model-converters.pageable-converter.enabled) matched (OnPropertyCondition)
      - @ConditionalOnMissingBean (types: org.springdoc.core.converters.PageableOpenAPIConverter; SearchStrategy: all) did not find any beans (OnBeanCondition)

   SpringDocSecurityConfiguration matched:
      - @ConditionalOnClass found required class 'org.springframework.security.web.SecurityFilterChain' (OnClassCondition)
      - @ConditionalOnWebApplication (required) found 'session' scope (OnWebApplicationCondition)
      - @ConditionalOnExpression (#{${springdoc.api-docs.enabled:true} and ${springdoc.enable-spring-security:true}}) resulted in true (OnExpressionCondition)
      - @ConditionalOnBean (types: org.springdoc.core.configuration.SpringDocConfiguration; SearchStrategy: all) found bean 'org.springdoc.core.configuration.SpringDocConfiguration' (OnBeanCondition)

   SpringDocSecurityConfiguration.SpringSecurityLoginEndpointConfiguration matched:
      - @ConditionalOnClass found required class 'jakarta.servlet.Filter' (OnClassCondition)

   SpringDocSortConfiguration matched:
      - @ConditionalOnClass found required class 'org.springframework.data.domain.Sort' (OnClassCondition)
      - @ConditionalOnWebApplication (required) found 'session' scope (OnWebApplicationCondition)
      - @ConditionalOnProperty (springdoc.api-docs.enabled) matched (OnPropertyCondition)
      - @ConditionalOnBean (types: org.springdoc.core.configuration.SpringDocConfiguration; SearchStrategy: all) found bean 'org.springdoc.core.configuration.SpringDocConfiguration' (OnBeanCondition)

   SpringDocSortConfiguration#sortOpenAPIConverter matched:
      - @ConditionalOnProperty (springdoc.sort-converter.enabled) matched (OnPropertyCondition)
      - @ConditionalOnMissingBean (types: org.springdoc.core.converters.SortOpenAPIConverter; SearchStrategy: all) did not find any beans (OnBeanCondition)

   SpringDocUIConfiguration matched:
      - @ConditionalOnWebApplication (required) found 'session' scope (OnWebApplicationCondition)
      - @ConditionalOnBean (types: org.springdoc.core.configuration.SpringDocConfiguration; SearchStrategy: all) found bean 'org.springdoc.core.configuration.SpringDocConfiguration' (OnBeanCondition)

   SpringDocWebMvcConfiguration matched:
      - found 'session' scope (OnWebApplicationCondition)
      - @ConditionalOnProperty (springdoc.api-docs.enabled) matched (OnPropertyCondition)
      - @ConditionalOnBean (types: org.springdoc.core.configuration.SpringDocConfiguration; SearchStrategy: all) found bean 'org.springdoc.core.configuration.SpringDocConfiguration' (OnBeanCondition)

   SpringDocWebMvcConfiguration#openApiResource matched:
      - @ConditionalOnExpression (#{(${springdoc.use-management-port:false} == false ) and ${springdoc.enable-default-api-docs:true}}) resulted in true (OnExpressionCondition)
      - @ConditionalOnMissingBean (types: org.springdoc.webmvc.api.OpenApiWebMvcResource; SearchStrategy: all) did not find any beans (OnBeanCondition)

   SpringDocWebMvcConfiguration#requestBuilder matched:
      - @ConditionalOnMissingBean (types: org.springdoc.webmvc.core.service.RequestService; SearchStrategy: all) did not find any beans (OnBeanCondition)

   SpringDocWebMvcConfiguration#responseBuilder matched:
      - @ConditionalOnMissingBean (types: org.springdoc.core.service.GenericResponseService; SearchStrategy: all) did not find any beans (OnBeanCondition)

   SpringDocWebMvcConfiguration#springWebProvider matched:
      - @ConditionalOnMissingBean (types: org.springdoc.core.providers.SpringWebProvider; SearchStrategy: all) did not find any beans (OnBeanCondition)

   SpringDocWebMvcConfiguration.SpringDocWebMvcActuatorConfiguration matched:
      - @ConditionalOnClass found required class 'org.springframework.boot.actuate.endpoint.web.servlet.WebMvcEndpointHandlerMapping' (OnClassCondition)

   SpringDocWebMvcConfiguration.SpringDocWebMvcRouterConfiguration matched:
      - @ConditionalOnClass found required class 'org.springframework.web.servlet.function.RouterFunction' (OnClassCondition)

   SpringDocWebMvcConfiguration.SpringDocWebMvcRouterConfiguration#routerFunctionProvider matched:
      - @ConditionalOnMissingBean (types: org.springdoc.webmvc.core.providers.RouterFunctionWebMvcProvider; SearchStrategy: all) did not find any beans (OnBeanCondition)

   SqlInitializationAutoConfiguration matched:
      - @ConditionalOnProperty (spring.sql.init.enabled) matched (OnPropertyCondition)
      - NoneNestedConditions 0 matched 1 did not; NestedCondition on SqlInitializationAutoConfiguration.SqlInitializationModeCondition.ModeIsNever @ConditionalOnProperty (spring.sql.init.mode=never) did not find property 'mode' (SqlInitializationAutoConfiguration.SqlInitializationModeCondition)

   SslAutoConfiguration#sslBundleRegistry matched:
      - @ConditionalOnMissingBean (types: org.springframework.boot.ssl.SslBundleRegistry,org.springframework.boot.ssl.SslBundles; SearchStrategy: all) did not find any beans (OnBeanCondition)

   StartupTimeMetricsListenerAutoConfiguration matched:
      - @ConditionalOnClass found required class 'io.micrometer.core.instrument.MeterRegistry' (OnClassCondition)
      - @ConditionalOnBean (types: io.micrometer.core.instrument.MeterRegistry; SearchStrategy: all) found bean 'simpleMeterRegistry' (OnBeanCondition)

   StartupTimeMetricsListenerAutoConfiguration#startupTimeMetrics matched:
      - @ConditionalOnMissingBean (types: org.springframework.boot.actuate.metrics.startup.StartupTimeMetricsListener; SearchStrategy: all) did not find any beans (OnBeanCondition)

   SwaggerConfig matched:
      - found 'session' scope (OnWebApplicationCondition)
      - @ConditionalOnProperty (springdoc.swagger-ui.enabled) matched (OnPropertyCondition)
      - @ConditionalOnBean (types: org.springdoc.core.configuration.SpringDocConfiguration; SearchStrategy: all) found bean 'org.springdoc.core.configuration.SpringDocConfiguration' (OnBeanCondition)

   SwaggerConfig#indexPageTransformer matched:
      - @ConditionalOnMissingBean (types: org.springdoc.webmvc.ui.SwaggerIndexTransformer; SearchStrategy: all) did not find any beans (OnBeanCondition)

   SwaggerConfig#swaggerConfigResource matched:
      - @ConditionalOnProperty (springdoc.use-management-port=false) matched (OnPropertyCondition)
      - @ConditionalOnMissingBean (types: org.springdoc.webmvc.ui.SwaggerConfigResource; SearchStrategy: all) did not find any beans (OnBeanCondition)

   SwaggerConfig#swaggerResourceResolver matched:
      - @ConditionalOnMissingBean (types: org.springdoc.webmvc.ui.SwaggerResourceResolver; SearchStrategy: all) did not find any beans (OnBeanCondition)

   SwaggerConfig#swaggerWebMvcConfigurer matched:
      - @ConditionalOnMissingBean (types: org.springdoc.webmvc.ui.SwaggerWebMvcConfigurer; SearchStrategy: all) did not find any beans (OnBeanCondition)

   SwaggerConfig#swaggerWelcome matched:
      - @ConditionalOnProperty (springdoc.use-management-port=false) matched (OnPropertyCondition)
      - @ConditionalOnMissingBean (types: org.springdoc.webmvc.ui.SwaggerWelcomeWebMvc; SearchStrategy: all) did not find any beans (OnBeanCondition)

   SwaggerUiConfigParameters matched:
      - @ConditionalOnProperty (springdoc.swagger-ui.enabled) matched (OnPropertyCondition)
      - @ConditionalOnBean (types: org.springdoc.core.configuration.SpringDocConfiguration; SearchStrategy: all) found bean 'org.springdoc.core.configuration.SpringDocConfiguration' (OnBeanCondition)

   SwaggerUiConfigProperties matched:
      - @ConditionalOnProperty (springdoc.swagger-ui.enabled) matched (OnPropertyCondition)
      - @ConditionalOnBean (types: org.springdoc.core.configuration.SpringDocConfiguration; SearchStrategy: all) found bean 'org.springdoc.core.configuration.SpringDocConfiguration' (OnBeanCondition)

   SwaggerUiOAuthProperties matched:
      - @ConditionalOnProperty (springdoc.swagger-ui.enabled) matched (OnPropertyCondition)
      - @ConditionalOnBean (types: org.springdoc.core.configuration.SpringDocConfiguration; SearchStrategy: all) found bean 'org.springdoc.core.configuration.SpringDocConfiguration' (OnBeanCondition)

   SystemMetricsAutoConfiguration matched:
      - @ConditionalOnClass found required class 'io.micrometer.core.instrument.MeterRegistry' (OnClassCondition)
      - @ConditionalOnBean (types: io.micrometer.core.instrument.MeterRegistry; SearchStrategy: all) found bean 'simpleMeterRegistry' (OnBeanCondition)

   SystemMetricsAutoConfiguration#diskSpaceMetrics matched:
      - @ConditionalOnMissingBean (types: org.springframework.boot.actuate.metrics.system.DiskSpaceMetricsBinder; SearchStrategy: all) did not find any beans (OnBeanCondition)

   SystemMetricsAutoConfiguration#fileDescriptorMetrics matched:
      - @ConditionalOnMissingBean (types: io.micrometer.core.instrument.binder.system.FileDescriptorMetrics; SearchStrategy: all) did not find any beans (OnBeanCondition)

   SystemMetricsAutoConfiguration#processorMetrics matched:
      - @ConditionalOnMissingBean (types: io.micrometer.core.instrument.binder.system.ProcessorMetrics; SearchStrategy: all) did not find any beans (OnBeanCondition)

   SystemMetricsAutoConfiguration#uptimeMetrics matched:
      - @ConditionalOnMissingBean (types: io.micrometer.core.instrument.binder.system.UptimeMetrics; SearchStrategy: all) did not find any beans (OnBeanCondition)

   TaskExecutionAutoConfiguration matched:
      - @ConditionalOnClass found required class 'org.springframework.scheduling.concurrent.ThreadPoolTaskExecutor' (OnClassCondition)

   TaskExecutorConfigurations.SimpleAsyncTaskExecutorBuilderConfiguration#simpleAsyncTaskExecutorBuilder matched:
      - @ConditionalOnMissingBean (types: org.springframework.boot.task.SimpleAsyncTaskExecutorBuilder; SearchStrategy: all) did not find any beans (OnBeanCondition)
      - @ConditionalOnThreading found PLATFORM (OnThreadingCondition)

   TaskExecutorConfigurations.TaskExecutorBuilderConfiguration#taskExecutorBuilder matched:
      - @ConditionalOnMissingBean (types: org.springframework.boot.task.TaskExecutorBuilder; SearchStrategy: all) did not find any beans (OnBeanCondition)

   TaskExecutorConfigurations.TaskExecutorConfiguration matched:
      - @ConditionalOnMissingBean (types: java.util.concurrent.Executor; SearchStrategy: all) did not find any beans (OnBeanCondition)

   TaskExecutorConfigurations.TaskExecutorConfiguration#applicationTaskExecutor matched:
      - @ConditionalOnThreading found PLATFORM (OnThreadingCondition)

   TaskExecutorConfigurations.ThreadPoolTaskExecutorBuilderConfiguration#threadPoolTaskExecutorBuilder matched:
      - @ConditionalOnMissingBean (types: org.springframework.boot.task.TaskExecutorBuilder,org.springframework.boot.task.ThreadPoolTaskExecutorBuilder; SearchStrategy: all) did not find any beans (OnBeanCondition)

   TaskExecutorMetricsAutoConfiguration matched:
      - @ConditionalOnClass found required class 'io.micrometer.core.instrument.binder.jvm.ExecutorServiceMetrics' (OnClassCondition)
      - @ConditionalOnBean (types: java.util.concurrent.Executor,io.micrometer.core.instrument.MeterRegistry; SearchStrategy: all) found beans 'applicationTaskExecutor', 'simpleMeterRegistry' (OnBeanCondition)

   TaskSchedulingAutoConfiguration matched:
      - @ConditionalOnClass found required class 'org.springframework.scheduling.concurrent.ThreadPoolTaskScheduler' (OnClassCondition)

   TaskSchedulingConfigurations.SimpleAsyncTaskSchedulerBuilderConfiguration#simpleAsyncTaskSchedulerBuilder matched:
      - @ConditionalOnMissingBean (types: org.springframework.boot.task.SimpleAsyncTaskSchedulerBuilder; SearchStrategy: all) did not find any beans (OnBeanCondition)
      - @ConditionalOnThreading found PLATFORM (OnThreadingCondition)

   TaskSchedulingConfigurations.TaskSchedulerBuilderConfiguration#taskSchedulerBuilder matched:
      - @ConditionalOnMissingBean (types: org.springframework.boot.task.TaskSchedulerBuilder; SearchStrategy: all) did not find any beans (OnBeanCondition)

   TaskSchedulingConfigurations.ThreadPoolTaskSchedulerBuilderConfiguration#threadPoolTaskSchedulerBuilder matched:
      - @ConditionalOnMissingBean (types: org.springframework.boot.task.TaskSchedulerBuilder,org.springframework.boot.task.ThreadPoolTaskSchedulerBuilder; SearchStrategy: all) did not find any beans (OnBeanCondition)

   TomcatMetricsAutoConfiguration matched:
      - @ConditionalOnClass found required classes 'io.micrometer.core.instrument.binder.tomcat.TomcatMetrics', 'org.apache.catalina.Manager' (OnClassCondition)
      - @ConditionalOnWebApplication (required) found 'session' scope (OnWebApplicationCondition)

   TomcatMetricsAutoConfiguration#tomcatMetricsBinder matched:
      - @ConditionalOnBean (types: io.micrometer.core.instrument.MeterRegistry; SearchStrategy: all) found bean 'simpleMeterRegistry'; @ConditionalOnMissingBean (types: io.micrometer.core.instrument.binder.tomcat.TomcatMetrics,org.springframework.boot.actuate.metrics.web.tomcat.TomcatMetricsBinder; SearchStrategy: all) did not find any beans (OnBeanCondition)

   TransactionAutoConfiguration matched:
      - @ConditionalOnClass found required class 'org.springframework.transaction.PlatformTransactionManager' (OnClassCondition)

   TransactionAutoConfiguration.EnableTransactionManagementConfiguration matched:
      - @ConditionalOnBean (types: org.springframework.transaction.TransactionManager; SearchStrategy: all) found bean 'transactionManager'; @ConditionalOnMissingBean (types: org.springframework.transaction.annotation.AbstractTransactionManagementConfiguration; SearchStrategy: all) did not find any beans (OnBeanCondition)

   TransactionAutoConfiguration.EnableTransactionManagementConfiguration.CglibAutoProxyConfiguration matched:
      - @ConditionalOnProperty (spring.aop.proxy-target-class=true) matched (OnPropertyCondition)

   TransactionAutoConfiguration.TransactionTemplateConfiguration matched:
      - @ConditionalOnSingleCandidate (types: org.springframework.transaction.PlatformTransactionManager; SearchStrategy: all) found a single bean 'transactionManager' (OnBeanCondition)

   TransactionAutoConfiguration.TransactionTemplateConfiguration#transactionTemplate matched:
      - @ConditionalOnMissingBean (types: org.springframework.transaction.support.TransactionOperations; SearchStrategy: all) did not find any beans (OnBeanCondition)

   TransactionManagerCustomizationAutoConfiguration matched:
      - @ConditionalOnClass found required class 'org.springframework.transaction.PlatformTransactionManager' (OnClassCondition)

   TransactionManagerCustomizationAutoConfiguration#platformTransactionManagerCustomizers matched:
      - @ConditionalOnMissingBean (types: org.springframework.boot.autoconfigure.transaction.TransactionManagerCustomizers; SearchStrategy: all) did not find any beans (OnBeanCondition)

   UtilAutoConfiguration matched:
      - @ConditionalOnProperty (spring.cloud.util.enabled) matched (OnPropertyCondition)

   UtilAutoConfiguration#inetUtils matched:
      - @ConditionalOnMissingBean (types: org.springframework.cloud.commons.util.InetUtils; SearchStrategy: all) did not find any beans (OnBeanCondition)

   WebEndpointAutoConfiguration matched:
      - @ConditionalOnWebApplication (required) found 'session' scope (OnWebApplicationCondition)

   WebEndpointAutoConfiguration#controllerEndpointDiscoverer matched:
      - @ConditionalOnMissingBean (types: org.springframework.boot.actuate.endpoint.web.annotation.ControllerEndpointsSupplier; SearchStrategy: all) did not find any beans (OnBeanCondition)

   WebEndpointAutoConfiguration#endpointMediaTypes matched:
      - @ConditionalOnMissingBean (types: org.springframework.boot.actuate.endpoint.web.EndpointMediaTypes; SearchStrategy: all) did not find any beans (OnBeanCondition)

   WebEndpointAutoConfiguration#pathMappedEndpoints matched:
      - @ConditionalOnMissingBean (types: org.springframework.boot.actuate.endpoint.web.PathMappedEndpoints; SearchStrategy: all) did not find any beans (OnBeanCondition)

   WebEndpointAutoConfiguration#webEndpointDiscoverer matched:
      - @ConditionalOnMissingBean (types: org.springframework.boot.actuate.endpoint.web.WebEndpointsSupplier; SearchStrategy: all) did not find any beans (OnBeanCondition)

   WebEndpointAutoConfiguration.WebEndpointServletConfiguration matched:
      - found 'session' scope (OnWebApplicationCondition)

   WebEndpointAutoConfiguration.WebEndpointServletConfiguration#servletEndpointDiscoverer matched:
      - @ConditionalOnMissingBean (types: org.springframework.boot.actuate.endpoint.web.annotation.ServletEndpointsSupplier; SearchStrategy: all) did not find any beans (OnBeanCondition)

   WebMvcAutoConfiguration matched:
      - @ConditionalOnClass found required classes 'jakarta.servlet.Servlet', 'org.springframework.web.servlet.DispatcherServlet', 'org.springframework.web.servlet.config.annotation.WebMvcConfigurer' (OnClassCondition)
      - found 'session' scope (OnWebApplicationCondition)
      - @ConditionalOnMissingBean (types: org.springframework.web.servlet.config.annotation.WebMvcConfigurationSupport; SearchStrategy: all) did not find any beans (OnBeanCondition)

   WebMvcAutoConfiguration#formContentFilter matched:
      - @ConditionalOnProperty (spring.mvc.formcontent.filter.enabled) matched (OnPropertyCondition)
      - @ConditionalOnMissingBean (types: org.springframework.web.filter.FormContentFilter; SearchStrategy: all) did not find any beans (OnBeanCondition)

   WebMvcAutoConfiguration.EnableWebMvcConfiguration#flashMapManager matched:
      - @ConditionalOnMissingBean (names: flashMapManager; SearchStrategy: all) did not find any beans (OnBeanCondition)

   WebMvcAutoConfiguration.EnableWebMvcConfiguration#localeResolver matched:
      - @ConditionalOnMissingBean (names: localeResolver; SearchStrategy: all) did not find any beans (OnBeanCondition)

   WebMvcAutoConfiguration.EnableWebMvcConfiguration#themeResolver matched:
      - @ConditionalOnMissingBean (names: themeResolver; SearchStrategy: all) did not find any beans (OnBeanCondition)

   WebMvcAutoConfiguration.WebMvcAutoConfigurationAdapter#defaultViewResolver matched:
      - @ConditionalOnMissingBean (types: org.springframework.web.servlet.view.InternalResourceViewResolver; SearchStrategy: all) did not find any beans (OnBeanCondition)

   WebMvcAutoConfiguration.WebMvcAutoConfigurationAdapter#requestContextFilter matched:
      - @ConditionalOnMissingBean (types: org.springframework.web.context.request.RequestContextListener,org.springframework.web.filter.RequestContextFilter; SearchStrategy: all) did not find any beans (OnBeanCondition)

   WebMvcAutoConfiguration.WebMvcAutoConfigurationAdapter#viewResolver matched:
      - @ConditionalOnBean (types: org.springframework.web.servlet.ViewResolver; SearchStrategy: all) found beans 'defaultViewResolver', 'beanNameViewResolver', 'mvcViewResolver'; @ConditionalOnMissingBean (names: viewResolver types: org.springframework.web.servlet.view.ContentNegotiatingViewResolver; SearchStrategy: all) did not find any beans (OnBeanCondition)

   WebMvcEndpointManagementContextConfiguration matched:
      - @ConditionalOnClass found required class 'org.springframework.web.servlet.DispatcherServlet' (OnClassCondition)
      - found 'session' scope (OnWebApplicationCondition)
      - @ConditionalOnBean (types: org.springframework.web.servlet.DispatcherServlet,org.springframework.boot.actuate.endpoint.web.WebEndpointsSupplier; SearchStrategy: all) found beans 'webEndpointDiscoverer', 'dispatcherServlet' (OnBeanCondition)

   WebMvcEndpointManagementContextConfiguration#controllerEndpointHandlerMapping matched:
      - @ConditionalOnMissingBean (types: org.springframework.boot.actuate.endpoint.web.servlet.ControllerEndpointHandlerMapping; SearchStrategy: all) did not find any beans (OnBeanCondition)

   WebMvcEndpointManagementContextConfiguration#endpointObjectMapperWebMvcConfigurer matched:
      - @ConditionalOnBean (types: org.springframework.boot.actuate.endpoint.jackson.EndpointObjectMapper; SearchStrategy: all) found bean 'endpointObjectMapper' (OnBeanCondition)

   WebMvcEndpointManagementContextConfiguration#webEndpointServletHandlerMapping matched:
      - @ConditionalOnMissingBean (types: org.springframework.boot.actuate.endpoint.web.servlet.WebMvcEndpointHandlerMapping; SearchStrategy: all) did not find any beans (OnBeanCondition)

   WebMvcObservationAutoConfiguration matched:
      - @ConditionalOnClass found required classes 'org.springframework.web.servlet.DispatcherServlet', 'io.micrometer.observation.Observation' (OnClassCondition)
      - found 'session' scope (OnWebApplicationCondition)
      - @ConditionalOnBean (types: io.micrometer.observation.ObservationRegistry; SearchStrategy: all) found bean 'observationRegistry' (OnBeanCondition)

   WebMvcObservationAutoConfiguration#webMvcObservationFilter matched:
      - @ConditionalOnMissingBean (types: org.springframework.web.filter.ServerHttpObservationFilter; SearchStrategy: all) did not find any beans (OnBeanCondition)

   WebMvcObservationAutoConfiguration.MeterFilterConfiguration matched:
      - @ConditionalOnClass found required class 'io.micrometer.core.instrument.MeterRegistry' (OnClassCondition)
      - @ConditionalOnBean (types: io.micrometer.core.instrument.MeterRegistry; SearchStrategy: all) found bean 'simpleMeterRegistry' (OnBeanCondition)

   WebSocketServletAutoConfiguration matched:
      - @ConditionalOnClass found required classes 'jakarta.servlet.Servlet', 'jakarta.websocket.server.ServerContainer' (OnClassCondition)
      - found 'session' scope (OnWebApplicationCondition)

   WebSocketServletAutoConfiguration.TomcatWebSocketConfiguration matched:
      - @ConditionalOnClass found required classes 'org.apache.catalina.startup.Tomcat', 'org.apache.tomcat.websocket.server.WsSci' (OnClassCondition)

   WebSocketServletAutoConfiguration.TomcatWebSocketConfiguration#websocketServletWebServerCustomizer matched:
      - @ConditionalOnMissingBean (names: websocketServletWebServerCustomizer; SearchStrategy: all) did not find any beans (OnBeanCondition)


Negative matches:
-----------------

   ActiveMQAutoConfiguration:
      Did not match:
         - @ConditionalOnClass did not find required class 'jakarta.jms.ConnectionFactory' (OnClassCondition)

   AopAutoConfiguration.AspectJAutoProxyingConfiguration.JdkDynamicAutoProxyConfiguration:
      Did not match:
         - @ConditionalOnProperty (spring.aop.proxy-target-class=false) did not find property 'proxy-target-class' (OnPropertyCondition)

   AopAutoConfiguration.ClassProxyingConfiguration:
      Did not match:
         - @ConditionalOnMissingClass found unwanted class 'org.aspectj.weaver.Advice' (OnClassCondition)

   AppOpticsMetricsExportAutoConfiguration:
      Did not match:
         - @ConditionalOnClass did not find required class 'io.micrometer.appoptics.AppOpticsMeterRegistry' (OnClassCondition)

   ArtemisAutoConfiguration:
      Did not match:
         - @ConditionalOnClass did not find required class 'jakarta.jms.ConnectionFactory' (OnClassCondition)

   AtlasMetricsExportAutoConfiguration:
      Did not match:
         - @ConditionalOnClass did not find required class 'io.micrometer.atlas.AtlasMeterRegistry' (OnClassCondition)

   AuditAutoConfiguration:
      Did not match:
         - @ConditionalOnBean (types: org.springframework.boot.actuate.audit.AuditEventRepository; SearchStrategy: all) did not find any beans of type org.springframework.boot.actuate.audit.AuditEventRepository (OnBeanCondition)
      Matched:
         - @ConditionalOnProperty (management.auditevents.enabled) matched (OnPropertyCondition)

   AuditEventsEndpointAutoConfiguration:
      Did not match:
         - @ConditionalOnAvailableEndpoint no 'management.endpoints' property marked it as exposed (OnAvailableEndpointCondition)

   AvailabilityHealthContributorAutoConfiguration#livenessStateHealthIndicator:
      Did not match:
         - @ConditionalOnProperty (management.health.livenessstate.enabled=true) did not find property 'enabled' (OnPropertyCondition)

   AvailabilityHealthContributorAutoConfiguration#readinessStateHealthIndicator:
      Did not match:
         - @ConditionalOnProperty (management.health.readinessstate.enabled=true) did not find property 'enabled' (OnPropertyCondition)

   AvailabilityProbesAutoConfiguration:
      Did not match:
         - Probes availability not running on a supported cloud platform (AvailabilityProbesAutoConfiguration.ProbesCondition)

   BatchAutoConfiguration:
      Did not match:
         - @ConditionalOnClass did not find required class 'org.springframework.batch.core.launch.JobLauncher' (OnClassCondition)

   BatchObservationAutoConfiguration:
      Did not match:
         - @ConditionalOnClass did not find required class 'org.springframework.batch.core.configuration.annotation.BatchObservabilityBeanPostProcessor' (OnClassCondition)

   BeansEndpointAutoConfiguration:
      Did not match:
         - @ConditionalOnAvailableEndpoint no 'management.endpoints' property marked it as exposed (OnAvailableEndpointCondition)

   BraveAutoConfiguration:
      Did not match:
         - @ConditionalOnClass did not find required class 'brave.Tracer' (OnClassCondition)

   Cache2kCacheConfiguration:
      Did not match:
         - @ConditionalOnClass did not find required class 'org.cache2k.Cache2kBuilder' (OnClassCondition)

   CacheAutoConfiguration:
      Did not match:
         - @ConditionalOnBean (types: org.springframework.cache.interceptor.CacheAspectSupport; SearchStrategy: all) did not find any beans of type org.springframework.cache.interceptor.CacheAspectSupport (OnBeanCondition)
      Matched:
         - @ConditionalOnClass found required class 'org.springframework.cache.CacheManager' (OnClassCondition)

   CacheAutoConfiguration.CacheManagerEntityManagerFactoryDependsOnPostProcessor:
      Did not match:
         - Ancestor org.springframework.boot.autoconfigure.cache.CacheAutoConfiguration did not match (ConditionEvaluationReport.AncestorsMatchedCondition)
      Matched:
         - @ConditionalOnClass found required class 'org.springframework.orm.jpa.LocalContainerEntityManagerFactoryBean' (OnClassCondition)

   CacheMeterBinderProvidersConfiguration.Cache2kCacheMeterBinderProviderConfiguration:
      Did not match:
         - @ConditionalOnClass did not find required classes 'org.cache2k.Cache2kBuilder', 'org.cache2k.extra.spring.SpringCache2kCache', 'org.cache2k.extra.micrometer.Cache2kCacheMetrics' (OnClassCondition)

   CacheMeterBinderProvidersConfiguration.CaffeineCacheMeterBinderProviderConfiguration:
      Did not match:
         - @ConditionalOnClass did not find required classes 'org.springframework.cache.caffeine.CaffeineCache', 'com.github.benmanes.caffeine.cache.Cache' (OnClassCondition)

   CacheMeterBinderProvidersConfiguration.HazelcastCacheMeterBinderProviderConfiguration:
      Did not match:
         - @ConditionalOnClass did not find required classes 'com.hazelcast.spring.cache.HazelcastCache', 'com.hazelcast.core.Hazelcast' (OnClassCondition)

   CacheMeterBinderProvidersConfiguration.JCacheCacheMeterBinderProviderConfiguration:
      Did not match:
         - @ConditionalOnClass did not find required classes 'org.springframework.cache.jcache.JCacheCache', 'javax.cache.CacheManager' (OnClassCondition)

   CacheMeterBinderProvidersConfiguration.RedisCacheMeterBinderProviderConfiguration:
      Did not match:
         - @ConditionalOnClass did not find required class 'org.springframework.data.redis.cache.RedisCache' (OnClassCondition)

   CacheMetricsAutoConfiguration:
      Did not match:
         - @ConditionalOnBean (types: org.springframework.cache.CacheManager; SearchStrategy: all) did not find any beans of type org.springframework.cache.CacheManager (OnBeanCondition)

   CachesEndpointAutoConfiguration:
      Did not match:
         - @ConditionalOnAvailableEndpoint no 'management.endpoints' property marked it as exposed (OnAvailableEndpointCondition)
      Matched:
         - @ConditionalOnClass found required class 'org.springframework.cache.CacheManager' (OnClassCondition)

   CaffeineCacheConfiguration:
      Did not match:
         - @ConditionalOnClass did not find required class 'com.github.benmanes.caffeine.cache.Caffeine' (OnClassCondition)

   CassandraAutoConfiguration:
      Did not match:
         - @ConditionalOnClass did not find required class 'com.datastax.oss.driver.api.core.CqlSession' (OnClassCondition)

   CassandraDataAutoConfiguration:
      Did not match:
         - @ConditionalOnClass did not find required class 'com.datastax.oss.driver.api.core.CqlSession' (OnClassCondition)

   CassandraHealthContributorAutoConfiguration:
      Did not match:
         - @ConditionalOnClass did not find required class 'com.datastax.oss.driver.api.core.CqlSession' (OnClassCondition)

   CassandraReactiveDataAutoConfiguration:
      Did not match:
         - @ConditionalOnClass did not find required class 'com.datastax.oss.driver.api.core.CqlSession' (OnClassCondition)

   CassandraReactiveHealthContributorAutoConfiguration:
      Did not match:
         - @ConditionalOnClass did not find required class 'com.datastax.oss.driver.api.core.CqlSession' (OnClassCondition)

   CassandraReactiveRepositoriesAutoConfiguration:
      Did not match:
         - @ConditionalOnClass did not find required class 'org.springframework.data.cassandra.ReactiveSession' (OnClassCondition)

   CassandraRepositoriesAutoConfiguration:
      Did not match:
         - @ConditionalOnClass did not find required class 'com.datastax.oss.driver.api.core.CqlSession' (OnClassCondition)

   ClientHttpConnectorAutoConfiguration:
      Did not match:
         - @ConditionalOnClass did not find required class 'org.springframework.web.reactive.function.client.WebClient' (OnClassCondition)

   CloudFoundryActuatorAutoConfiguration:
      Did not match:
         - @ConditionalOnCloudPlatform did not find CLOUD_FOUNDRY (OnCloudPlatformCondition)
      Matched:
         - @ConditionalOnClass found required class 'org.springframework.web.servlet.DispatcherServlet' (OnClassCondition)
         - found 'session' scope (OnWebApplicationCondition)
         - @ConditionalOnProperty (management.cloudfoundry.enabled) matched (OnPropertyCondition)

   CloudHypermediaAutoConfiguration:
      Did not match:
         - @ConditionalOnClass did not find required class 'org.springframework.hateoas.Link' (OnClassCondition)

   CodecsAutoConfiguration:
      Did not match:
         - @ConditionalOnClass did not find required class 'org.springframework.web.reactive.function.client.WebClient' (OnClassCondition)

   CommonsClientAutoConfiguration.ActuatorConfiguration#featuresEndpoint:
      Did not match:
         - @ConditionalOnAvailableEndpoint no 'management.endpoints' property marked it as exposed (OnAvailableEndpointCondition)

   CompositeMeterRegistryConfiguration:
      Did not match:
         - NoneNestedConditions 1 matched 1 did not; NestedCondition on CompositeMeterRegistryConfiguration.MultipleNonPrimaryMeterRegistriesCondition.SingleInjectableMeterRegistry @ConditionalOnSingleCandidate (types: io.micrometer.core.instrument.MeterRegistry; SearchStrategy: all) found a single bean 'simpleMeterRegistry'; NestedCondition on CompositeMeterRegistryConfiguration.MultipleNonPrimaryMeterRegistriesCondition.NoMeterRegistryCondition @ConditionalOnMissingBean (types: io.micrometer.core.instrument.MeterRegistry; SearchStrategy: all) found beans of type 'io.micrometer.core.instrument.MeterRegistry' simpleMeterRegistry (CompositeMeterRegistryConfiguration.MultipleNonPrimaryMeterRegistriesCondition)

   ConditionsReportEndpointAutoConfiguration:
      Did not match:
         - @ConditionalOnAvailableEndpoint no 'management.endpoints' property marked it as exposed (OnAvailableEndpointCondition)

   ConfigurationPropertiesReportEndpointAutoConfiguration:
      Did not match:
         - @ConditionalOnAvailableEndpoint no 'management.endpoints' property marked it as exposed (OnAvailableEndpointCondition)

   ConnectionFactoryHealthContributorAutoConfiguration:
      Did not match:
         - @ConditionalOnClass did not find required class 'io.r2dbc.spi.ConnectionFactory' (OnClassCondition)

   ConnectionPoolMetricsAutoConfiguration:
      Did not match:
         - @ConditionalOnClass did not find required class 'io.r2dbc.pool.ConnectionPool' (OnClassCondition)

   CouchbaseAutoConfiguration:
      Did not match:
         - @ConditionalOnClass did not find required class 'com.couchbase.client.java.Cluster' (OnClassCondition)

   CouchbaseCacheConfiguration:
      Did not match:
         - @ConditionalOnClass did not find required class 'com.couchbase.client.java.Cluster' (OnClassCondition)

   CouchbaseDataAutoConfiguration:
      Did not match:
         - @ConditionalOnClass did not find required class 'com.couchbase.client.java.Bucket' (OnClassCondition)

   CouchbaseHealthContributorAutoConfiguration:
      Did not match:
         - @ConditionalOnClass did not find required class 'com.couchbase.client.java.Cluster' (OnClassCondition)

   CouchbaseReactiveDataAutoConfiguration:
      Did not match:
         - @ConditionalOnClass did not find required class 'com.couchbase.client.java.Cluster' (OnClassCondition)

   CouchbaseReactiveHealthContributorAutoConfiguration:
      Did not match:
         - @ConditionalOnClass did not find required class 'com.couchbase.client.java.Cluster' (OnClassCondition)

   CouchbaseReactiveRepositoriesAutoConfiguration:
      Did not match:
         - @ConditionalOnClass did not find required class 'com.couchbase.client.java.Cluster' (OnClassCondition)

   CouchbaseRepositoriesAutoConfiguration:
      Did not match:
         - @ConditionalOnClass did not find required class 'com.couchbase.client.java.Bucket' (OnClassCondition)

   DataSourceAutoConfiguration.EmbeddedDatabaseConfiguration:
      Did not match:
         - EmbeddedDataSource spring.datasource.url is set (DataSourceAutoConfiguration.EmbeddedDatabaseCondition)

   DataSourceCheckpointRestoreConfiguration:
      Did not match:
         - @ConditionalOnClass did not find required class 'org.crac.Resource' (OnClassCondition)

   DataSourceConfiguration.Dbcp2:
      Did not match:
         - @ConditionalOnClass did not find required class 'org.apache.commons.dbcp2.BasicDataSource' (OnClassCondition)

   DataSourceConfiguration.Generic:
      Did not match:
         - @ConditionalOnProperty (spring.datasource.type) did not find property 'spring.datasource.type' (OnPropertyCondition)

   DataSourceConfiguration.OracleUcp:
      Did not match:
         - @ConditionalOnClass did not find required classes 'oracle.ucp.jdbc.PoolDataSourceImpl', 'oracle.jdbc.OracleConnection' (OnClassCondition)

   DataSourceConfiguration.Tomcat:
      Did not match:
         - @ConditionalOnClass did not find required class 'org.apache.tomcat.jdbc.pool.DataSource' (OnClassCondition)

   DataSourceJmxConfiguration.TomcatDataSourceJmxConfiguration:
      Did not match:
         - @ConditionalOnClass did not find required class 'org.apache.tomcat.jdbc.pool.DataSourceProxy' (OnClassCondition)

   DataSourcePoolMetadataProvidersConfiguration.CommonsDbcp2PoolDataSourceMetadataProviderConfiguration:
      Did not match:
         - @ConditionalOnClass did not find required class 'org.apache.commons.dbcp2.BasicDataSource' (OnClassCondition)

   DataSourcePoolMetadataProvidersConfiguration.OracleUcpPoolDataSourceMetadataProviderConfiguration:
      Did not match:
         - @ConditionalOnClass did not find required classes 'oracle.ucp.jdbc.PoolDataSource', 'oracle.jdbc.OracleConnection' (OnClassCondition)

   DataSourcePoolMetadataProvidersConfiguration.TomcatDataSourcePoolMetadataProviderConfiguration:
      Did not match:
         - @ConditionalOnClass did not find required class 'org.apache.tomcat.jdbc.pool.DataSource' (OnClassCondition)

   DataSourceTransactionManagerAutoConfiguration.JdbcTransactionManagerConfiguration#transactionManager:
      Did not match:
         - @ConditionalOnMissingBean (types: org.springframework.transaction.TransactionManager; SearchStrategy: all) found beans of type 'org.springframework.transaction.TransactionManager' transactionManager (OnBeanCondition)

   DatadogMetricsExportAutoConfiguration:
      Did not match:
         - @ConditionalOnClass did not find required class 'io.micrometer.datadog.DatadogMeterRegistry' (OnClassCondition)

   DispatcherServletAutoConfiguration.DispatcherServletConfiguration#multipartResolver:
      Did not match:
         - @ConditionalOnBean (types: org.springframework.web.multipart.MultipartResolver; SearchStrategy: all) did not find any beans of type org.springframework.web.multipart.MultipartResolver (OnBeanCondition)

   DynatraceMetricsExportAutoConfiguration:
      Did not match:
         - @ConditionalOnClass did not find required class 'io.micrometer.dynatrace.DynatraceMeterRegistry' (OnClassCondition)

   ElasticMetricsExportAutoConfiguration:
      Did not match:
         - @ConditionalOnClass did not find required class 'io.micrometer.elastic.ElasticMeterRegistry' (OnClassCondition)

   ElasticsearchClientAutoConfiguration:
      Did not match:
         - @ConditionalOnClass did not find required class 'co.elastic.clients.elasticsearch.ElasticsearchClient' (OnClassCondition)

   ElasticsearchDataAutoConfiguration:
      Did not match:
         - @ConditionalOnClass did not find required class 'org.springframework.data.elasticsearch.client.elc.ElasticsearchTemplate' (OnClassCondition)

   ElasticsearchReactiveHealthContributorAutoConfiguration:
      Did not match:
         - @ConditionalOnClass did not find required class 'reactor.core.publisher.Flux' (OnClassCondition)

   ElasticsearchRepositoriesAutoConfiguration:
      Did not match:
         - @ConditionalOnClass did not find required class 'org.springframework.data.elasticsearch.repository.ElasticsearchRepository' (OnClassCondition)

   ElasticsearchRestClientAutoConfiguration:
      Did not match:
         - @ConditionalOnClass did not find required class 'org.elasticsearch.client.RestClientBuilder' (OnClassCondition)

   ElasticsearchRestHealthContributorAutoConfiguration:
      Did not match:
         - @ConditionalOnClass did not find required class 'org.elasticsearch.client.RestClient' (OnClassCondition)

   EmbeddedLdapAutoConfiguration:
      Did not match:
         - @ConditionalOnClass did not find required class 'com.unboundid.ldap.listener.InMemoryDirectoryServer' (OnClassCondition)

   EmbeddedWebServerFactoryCustomizerAutoConfiguration.JettyWebServerFactoryCustomizerConfiguration:
      Did not match:
         - @ConditionalOnClass did not find required classes 'org.eclipse.jetty.server.Server', 'org.eclipse.jetty.util.Loader', 'org.eclipse.jetty.ee10.webapp.WebAppContext' (OnClassCondition)

   EmbeddedWebServerFactoryCustomizerAutoConfiguration.NettyWebServerFactoryCustomizerConfiguration:
      Did not match:
         - @ConditionalOnClass did not find required class 'reactor.netty.http.server.HttpServer' (OnClassCondition)

   EmbeddedWebServerFactoryCustomizerAutoConfiguration.TomcatWebServerFactoryCustomizerConfiguration#tomcatVirtualThreadsProtocolHandlerCustomizer:
      Did not match:
         - @ConditionalOnThreading did not find VIRTUAL (OnThreadingCondition)

   EmbeddedWebServerFactoryCustomizerAutoConfiguration.UndertowWebServerFactoryCustomizerConfiguration:
      Did not match:
         - @ConditionalOnClass did not find required classes 'io.undertow.Undertow', 'org.xnio.SslClientAuthMode' (OnClassCondition)

   EnvironmentEndpointAutoConfiguration:
      Did not match:
         - @ConditionalOnAvailableEndpoint no 'management.endpoints' property marked it as exposed (OnAvailableEndpointCondition)

   ErrorWebFluxAutoConfiguration:
      Did not match:
         - @ConditionalOnClass did not find required class 'org.springframework.web.reactive.config.WebFluxConfigurer' (OnClassCondition)

   FeignAcceptGzipEncodingAutoConfiguration:
      Did not match:
         - @ConditionalOnProperty (spring.cloud.openfeign.compression.response.enabled) did not find property 'spring.cloud.openfeign.compression.response.enabled' (OnPropertyCondition)
      Matched:
         - @ConditionalOnClass found required class 'feign.Feign' (OnClassCondition)

   FeignAutoConfiguration#cachingCapability:
      Did not match:
         - @ConditionalOnBean (types: org.springframework.cache.interceptor.CacheInterceptor; SearchStrategy: all) did not find any beans of type org.springframework.cache.interceptor.CacheInterceptor (OnBeanCondition)
      Matched:
         - @ConditionalOnProperty (spring.cloud.openfeign.cache.enabled) matched (OnPropertyCondition)

   FeignAutoConfiguration.CircuitBreakerPresentFeignTargeterConfiguration:
      Did not match:
         - @ConditionalOnProperty (spring.cloud.openfeign.circuitbreaker.enabled=true) did not find property 'spring.cloud.openfeign.circuitbreaker.enabled' (OnPropertyCondition)
      Matched:
         - @ConditionalOnClass found required class 'org.springframework.cloud.client.circuitbreaker.CircuitBreaker' (OnClassCondition)

   FeignAutoConfiguration.Http2ClientFeignConfiguration:
      Did not match:
         - @ConditionalOnClass did not find required class 'feign.http2client.Http2Client' (OnClassCondition)

   FeignAutoConfiguration.HttpClient5FeignConfiguration:
      Did not match:
         - @ConditionalOnClass did not find required class 'feign.hc5.ApacheHttp5Client' (OnClassCondition)

   FeignAutoConfiguration.Oauth2FeignConfiguration:
      Did not match:
         - @ConditionalOnClass did not find required class 'org.springframework.security.oauth2.client.OAuth2AuthorizedClientManager' (OnClassCondition)

   FeignAutoConfiguration.OkHttpFeignConfiguration:
      Did not match:
         - @ConditionalOnClass did not find required class 'feign.okhttp.OkHttpClient' (OnClassCondition)

   FeignContentGzipEncodingAutoConfiguration:
      Did not match:
         - @ConditionalOnProperty (spring.cloud.openfeign.compression.request.enabled) did not find property 'spring.cloud.openfeign.compression.request.enabled' (OnPropertyCondition)
      Matched:
         - @ConditionalOnClass found required class 'feign.Feign' (OnClassCondition)

   FeignHalAutoConfiguration:
      Did not match:
         - @ConditionalOnClass did not find required class 'org.springframework.hateoas.config.WebConverters' (OnClassCondition)

   FeignLoadBalancerAutoConfiguration:
      Did not match:
         - @ConditionalOnBean did not find required type 'org.springframework.cloud.loadbalancer.support.LoadBalancerClientFactory' (OnBeanCondition)

   FlywayAutoConfiguration:
      Did not match:
         - @ConditionalOnClass did not find required class 'org.flywaydb.core.Flyway' (OnClassCondition)

   FlywayEndpointAutoConfiguration:
      Did not match:
         - @ConditionalOnClass did not find required class 'org.flywaydb.core.Flyway' (OnClassCondition)

   FreeMarkerAutoConfiguration:
      Did not match:
         - @ConditionalOnClass did not find required class 'freemarker.template.Configuration' (OnClassCondition)

   GangliaMetricsExportAutoConfiguration:
      Did not match:
         - @ConditionalOnClass did not find required class 'io.micrometer.ganglia.GangliaMeterRegistry' (OnClassCondition)

   GraphQlAutoConfiguration:
      Did not match:
         - @ConditionalOnClass did not find required class 'graphql.GraphQL' (OnClassCondition)

   GraphQlObservationAutoConfiguration:
      Did not match:
         - @ConditionalOnClass did not find required class 'graphql.GraphQL' (OnClassCondition)

   GraphQlQueryByExampleAutoConfiguration:
      Did not match:
         - @ConditionalOnClass did not find required class 'graphql.GraphQL' (OnClassCondition)

   GraphQlQuerydslAutoConfiguration:
      Did not match:
         - @ConditionalOnClass did not find required class 'com.querydsl.core.Query' (OnClassCondition)

   GraphQlRSocketAutoConfiguration:
      Did not match:
         - @ConditionalOnClass did not find required class 'graphql.GraphQL' (OnClassCondition)

   GraphQlReactiveQueryByExampleAutoConfiguration:
      Did not match:
         - @ConditionalOnClass did not find required class 'graphql.GraphQL' (OnClassCondition)

   GraphQlReactiveQuerydslAutoConfiguration:
      Did not match:
         - @ConditionalOnClass did not find required class 'com.querydsl.core.Query' (OnClassCondition)

   GraphQlWebFluxAutoConfiguration:
      Did not match:
         - @ConditionalOnClass did not find required class 'graphql.GraphQL' (OnClassCondition)

   GraphQlWebFluxSecurityAutoConfiguration:
      Did not match:
         - @ConditionalOnClass did not find required class 'graphql.GraphQL' (OnClassCondition)

   GraphQlWebMvcAutoConfiguration:
      Did not match:
         - @ConditionalOnClass did not find required class 'graphql.GraphQL' (OnClassCondition)

   GraphQlWebMvcSecurityAutoConfiguration:
      Did not match:
         - @ConditionalOnClass did not find required class 'graphql.GraphQL' (OnClassCondition)

   GraphiteMetricsExportAutoConfiguration:
      Did not match:
         - @ConditionalOnClass did not find required class 'io.micrometer.graphite.GraphiteMeterRegistry' (OnClassCondition)

   GroovyTemplateAutoConfiguration:
      Did not match:
         - @ConditionalOnClass did not find required class 'groovy.text.markup.MarkupTemplateEngine' (OnClassCondition)

   GsonAutoConfiguration:
      Did not match:
         - @ConditionalOnClass did not find required class 'com.google.gson.Gson' (OnClassCondition)

   GsonHttpMessageConvertersConfiguration:
      Did not match:
         - @ConditionalOnClass did not find required class 'com.google.gson.Gson' (OnClassCondition)

   H2ConsoleAutoConfiguration:
      Did not match:
         - @ConditionalOnClass did not find required class 'org.h2.server.web.JakartaWebServlet' (OnClassCondition)

   HazelcastAutoConfiguration:
      Did not match:
         - @ConditionalOnClass did not find required class 'com.hazelcast.core.HazelcastInstance' (OnClassCondition)

   HazelcastCacheConfiguration:
      Did not match:
         - @ConditionalOnClass did not find required class 'com.hazelcast.core.HazelcastInstance' (OnClassCondition)

   HazelcastHealthContributorAutoConfiguration:
      Did not match:
         - @ConditionalOnClass did not find required class 'com.hazelcast.core.HazelcastInstance' (OnClassCondition)

   HazelcastJpaDependencyAutoConfiguration:
      Did not match:
         - @ConditionalOnClass did not find required class 'com.hazelcast.core.HazelcastInstance' (OnClassCondition)

   HealthEndpointReactiveWebExtensionConfiguration:
      Did not match:
         - did not find reactive web application classes (OnWebApplicationCondition)

   HealthEndpointWebExtensionConfiguration.JerseyAdditionalHealthEndpointPathsConfiguration:
      Did not match:
         - @ConditionalOnClass did not find required class 'org.glassfish.jersey.server.ResourceConfig' (OnClassCondition)

   HeapDumpWebEndpointAutoConfiguration:
      Did not match:
         - @ConditionalOnAvailableEndpoint no 'management.endpoints' property marked it as exposed (OnAvailableEndpointCondition)

   HibernateMetricsAutoConfiguration:
      Did not match:
         - @ConditionalOnClass did not find required class 'org.hibernate.stat.HibernateMetrics' (OnClassCondition)

   HttpExchangesAutoConfiguration:
      Did not match:
         - @ConditionalOnBean (types: org.springframework.boot.actuate.web.exchanges.HttpExchangeRepository; SearchStrategy: all) did not find any beans of type org.springframework.boot.actuate.web.exchanges.HttpExchangeRepository (OnBeanCondition)
      Matched:
         - @ConditionalOnWebApplication (required) found 'session' scope (OnWebApplicationCondition)
         - @ConditionalOnProperty (management.httpexchanges.recording.enabled) matched (OnPropertyCondition)

   HttpExchangesAutoConfiguration.ReactiveHttpExchangesConfiguration:
      Did not match:
         - did not find reactive web application classes (OnWebApplicationCondition)
         - Ancestor org.springframework.boot.actuate.autoconfigure.web.exchanges.HttpExchangesAutoConfiguration did not match (ConditionEvaluationReport.AncestorsMatchedCondition)

   HttpExchangesAutoConfiguration.ServletHttpExchangesConfiguration:
      Did not match:
         - Ancestor org.springframework.boot.actuate.autoconfigure.web.exchanges.HttpExchangesAutoConfiguration did not match (ConditionEvaluationReport.AncestorsMatchedCondition)
      Matched:
         - found 'session' scope (OnWebApplicationCondition)

   HttpExchangesEndpointAutoConfiguration:
      Did not match:
         - @ConditionalOnAvailableEndpoint no 'management.endpoints' property marked it as exposed (OnAvailableEndpointCondition)

   HttpHandlerAutoConfiguration:
      Did not match:
         - @ConditionalOnClass did not find required class 'org.springframework.web.reactive.DispatcherHandler' (OnClassCondition)

   HumioMetricsExportAutoConfiguration:
      Did not match:
         - @ConditionalOnClass did not find required class 'io.micrometer.humio.HumioMeterRegistry' (OnClassCondition)

   HypermediaAutoConfiguration:
      Did not match:
         - @ConditionalOnClass did not find required class 'org.springframework.hateoas.EntityModel' (OnClassCondition)

   InfinispanCacheConfiguration:
      Did not match:
         - @ConditionalOnClass did not find required class 'org.infinispan.spring.embedded.provider.SpringEmbeddedCacheManager' (OnClassCondition)

   InfluxDbAutoConfiguration:
      Did not match:
         - @ConditionalOnClass did not find required class 'org.influxdb.InfluxDB' (OnClassCondition)

   InfluxDbHealthContributorAutoConfiguration:
      Did not match:
         - @ConditionalOnClass did not find required class 'org.influxdb.InfluxDB' (OnClassCondition)

   InfluxMetricsExportAutoConfiguration:
      Did not match:
         - @ConditionalOnClass did not find required class 'io.micrometer.influx.InfluxMeterRegistry' (OnClassCondition)

   InfoContributorAutoConfiguration#buildInfoContributor:
      Did not match:
         - @ConditionalOnSingleCandidate (types: org.springframework.boot.info.BuildProperties; SearchStrategy: all) did not find any beans (OnBeanCondition)
      Matched:
         - @ConditionalOnEnabledInfoContributor management.info.defaults.enabled is considered true (OnEnabledInfoContributorCondition)

   InfoContributorAutoConfiguration#envInfoContributor:
      Did not match:
         - @ConditionalOnEnabledInfoContributor management.info.env.enabled is not true (OnEnabledInfoContributorCondition)

   InfoContributorAutoConfiguration#gitInfoContributor:
      Did not match:
         - @ConditionalOnSingleCandidate (types: org.springframework.boot.info.GitProperties; SearchStrategy: all) did not find any beans (OnBeanCondition)
      Matched:
         - @ConditionalOnEnabledInfoContributor management.info.defaults.enabled is considered true (OnEnabledInfoContributorCondition)

   InfoContributorAutoConfiguration#javaInfoContributor:
      Did not match:
         - @ConditionalOnEnabledInfoContributor management.info.java.enabled is not true (OnEnabledInfoContributorCondition)

   InfoContributorAutoConfiguration#osInfoContributor:
      Did not match:
         - @ConditionalOnEnabledInfoContributor management.info.os.enabled is not true (OnEnabledInfoContributorCondition)

   InfoEndpointAutoConfiguration:
      Did not match:
         - @ConditionalOnAvailableEndpoint no 'management.endpoints' property marked it as exposed (OnAvailableEndpointCondition)

   IntegrationAutoConfiguration:
      Did not match:
         - @ConditionalOnClass did not find required class 'org.springframework.integration.config.EnableIntegration' (OnClassCondition)

   IntegrationGraphEndpointAutoConfiguration:
      Did not match:
         - @ConditionalOnClass did not find required class 'org.springframework.integration.graph.IntegrationGraphServer' (OnClassCondition)

   JCacheCacheConfiguration:
      Did not match:
         - @ConditionalOnClass did not find required class 'javax.cache.Caching' (OnClassCondition)

   JacksonHttpMessageConvertersConfiguration.MappingJackson2XmlHttpMessageConverterConfiguration:
      Did not match:
         - @ConditionalOnClass did not find required class 'com.fasterxml.jackson.dataformat.xml.XmlMapper' (OnClassCondition)

   JdbcRepositoriesAutoConfiguration:
      Did not match:
         - @ConditionalOnClass did not find required class 'org.springframework.data.jdbc.repository.config.AbstractJdbcConfiguration' (OnClassCondition)

   JerseyAutoConfiguration:
      Did not match:
         - @ConditionalOnClass did not find required class 'org.glassfish.jersey.server.spring.SpringComponentProvider' (OnClassCondition)

   JerseySameManagementContextConfiguration:
      Did not match:
         - @ConditionalOnClass did not find required class 'org.glassfish.jersey.server.ResourceConfig' (OnClassCondition)

   JerseyServerMetricsAutoConfiguration:
      Did not match:
         - @ConditionalOnClass did not find required class 'io.micrometer.core.instrument.binder.jersey.server.MetricsApplicationEventListener' (OnClassCondition)

   JerseyWebEndpointManagementContextConfiguration:
      Did not match:
         - @ConditionalOnClass did not find required class 'org.glassfish.jersey.server.ResourceConfig' (OnClassCondition)

   JettyMetricsAutoConfiguration:
      Did not match:
         - @ConditionalOnClass did not find required class 'org.eclipse.jetty.server.Server' (OnClassCondition)

   JmsAutoConfiguration:
      Did not match:
         - @ConditionalOnClass did not find required class 'jakarta.jms.Message' (OnClassCondition)

   JmsHealthContributorAutoConfiguration:
      Did not match:
         - @ConditionalOnClass did not find required class 'jakarta.jms.ConnectionFactory' (OnClassCondition)

   JmsTemplateObservationAutoConfiguration:
      Did not match:
         - @ConditionalOnClass did not find required class 'jakarta.jms.Message' (OnClassCondition)

   JmxAutoConfiguration:
      Did not match:
         - @ConditionalOnProperty (spring.jmx.enabled=true) did not find property 'enabled' (OnPropertyCondition)
      Matched:
         - @ConditionalOnClass found required class 'org.springframework.jmx.export.MBeanExporter' (OnClassCondition)

   JmxEndpointAutoConfiguration:
      Did not match:
         - @ConditionalOnProperty (spring.jmx.enabled=true) did not find property 'enabled' (OnPropertyCondition)

   JmxMetricsExportAutoConfiguration:
      Did not match:
         - @ConditionalOnClass did not find required class 'io.micrometer.jmx.JmxMeterRegistry' (OnClassCondition)

   JndiConnectionFactoryAutoConfiguration:
      Did not match:
         - @ConditionalOnClass did not find required class 'org.springframework.jms.core.JmsTemplate' (OnClassCondition)

   JndiDataSourceAutoConfiguration:
      Did not match:
         - @ConditionalOnProperty (spring.datasource.jndi-name) did not find property 'jndi-name' (OnPropertyCondition)
      Matched:
         - @ConditionalOnClass found required classes 'javax.sql.DataSource', 'org.springframework.jdbc.datasource.embedded.EmbeddedDatabaseType' (OnClassCondition)

   JndiJtaConfiguration:
      Did not match:
         - @ConditionalOnJndi JNDI environment is not available (OnJndiCondition)
      Matched:
         - @ConditionalOnClass found required class 'org.springframework.transaction.jta.JtaTransactionManager' (OnClassCondition)

   JooqAutoConfiguration:
      Did not match:
         - @ConditionalOnClass did not find required class 'org.jooq.DSLContext' (OnClassCondition)

   JpaRepositoriesAutoConfiguration#entityManagerFactoryBootstrapExecutorCustomizer:
      Did not match:
         - AnyNestedCondition 0 matched 2 did not; NestedCondition on JpaRepositoriesAutoConfiguration.BootstrapExecutorCondition.LazyBootstrapMode @ConditionalOnProperty (spring.data.jpa.repositories.bootstrap-mode=lazy) did not find property 'bootstrap-mode'; NestedCondition on JpaRepositoriesAutoConfiguration.BootstrapExecutorCondition.DeferredBootstrapMode @ConditionalOnProperty (spring.data.jpa.repositories.bootstrap-mode=deferred) did not find property 'bootstrap-mode' (JpaRepositoriesAutoConfiguration.BootstrapExecutorCondition)

   JsonbAutoConfiguration:
      Did not match:
         - @ConditionalOnClass did not find required class 'jakarta.json.bind.Jsonb' (OnClassCondition)

   JsonbHttpMessageConvertersConfiguration:
      Did not match:
         - @ConditionalOnClass did not find required class 'jakarta.json.bind.Jsonb' (OnClassCondition)

   KafkaAutoConfiguration:
      Did not match:
         - @ConditionalOnClass did not find required class 'org.springframework.kafka.core.KafkaTemplate' (OnClassCondition)

   KafkaMetricsAutoConfiguration:
      Did not match:
         - @ConditionalOnClass did not find required class 'org.springframework.kafka.core.ProducerFactory' (OnClassCondition)

   KairosMetricsExportAutoConfiguration:
      Did not match:
         - @ConditionalOnClass did not find required class 'io.micrometer.kairos.KairosMeterRegistry' (OnClassCondition)

   LdapAutoConfiguration:
      Did not match:
         - @ConditionalOnClass did not find required class 'org.springframework.ldap.core.ContextSource' (OnClassCondition)

   LdapHealthContributorAutoConfiguration:
      Did not match:
         - @ConditionalOnClass did not find required class 'org.springframework.ldap.core.LdapOperations' (OnClassCondition)

   LdapRepositoriesAutoConfiguration:
      Did not match:
         - @ConditionalOnClass did not find required class 'org.springframework.data.ldap.repository.LdapRepository' (OnClassCondition)

   LettuceMetricsAutoConfiguration:
      Did not match:
         - @ConditionalOnClass did not find required class 'io.lettuce.core.metrics.MicrometerCommandLatencyRecorder' (OnClassCondition)

   LiquibaseAutoConfiguration:
      Did not match:
         - @ConditionalOnClass did not find required class 'liquibase.change.DatabaseChange' (OnClassCondition)

   LiquibaseEndpointAutoConfiguration:
      Did not match:
         - @ConditionalOnClass did not find required class 'liquibase.integration.spring.SpringLiquibase' (OnClassCondition)

   LoadBalancerAutoConfiguration:
      Did not match:
         - @ConditionalOnBean (types: org.springframework.cloud.client.loadbalancer.LoadBalancerClient; SearchStrategy: all) did not find any beans of type org.springframework.cloud.client.loadbalancer.LoadBalancerClient (OnBeanCondition)
      Matched:
         - AnyNestedCondition 2 matched 0 did not; NestedCondition on BlockingRestClassesPresentCondition.RestClientPresent @ConditionalOnClass found required class 'org.springframework.web.client.RestClient'; NestedCondition on BlockingRestClassesPresentCondition.RestTemplatePresent @ConditionalOnClass found required class 'org.springframework.web.client.RestTemplate' (BlockingRestClassesPresentCondition)

   LoadBalancerAutoConfiguration.RetryAutoConfiguration:
      Did not match:
         - @ConditionalOnClass did not find required class 'org.springframework.retry.support.RetryTemplate' (OnClassCondition)
         - Ancestor org.springframework.cloud.client.loadbalancer.LoadBalancerAutoConfiguration did not match (ConditionEvaluationReport.AncestorsMatchedCondition)

   LoadBalancerAutoConfiguration.RetryInterceptorAutoConfiguration:
      Did not match:
         - @ConditionalOnClass did not find required class 'org.springframework.retry.support.RetryTemplate' (OnClassCondition)
         - Ancestor org.springframework.cloud.client.loadbalancer.LoadBalancerAutoConfiguration did not match (ConditionEvaluationReport.AncestorsMatchedCondition)

   LoadBalancerBeanPostProcessorAutoConfiguration:
      Did not match:
         - @ConditionalOnClass did not find required class 'org.springframework.web.reactive.function.client.WebClient' (OnClassCondition)

   Log4J2MetricsAutoConfiguration:
      Did not match:
         - @ConditionalOnClass did not find required class 'org.apache.logging.log4j.core.LoggerContext' (OnClassCondition)

   LogFileWebEndpointAutoConfiguration:
      Did not match:
         - @ConditionalOnAvailableEndpoint no 'management.endpoints' property marked it as exposed (OnAvailableEndpointCondition)

   LoggersEndpointAutoConfiguration:
      Did not match:
         - @ConditionalOnAvailableEndpoint no 'management.endpoints' property marked it as exposed (OnAvailableEndpointCondition)

   MailHealthContributorAutoConfiguration:
      Did not match:
         - @ConditionalOnClass did not find required class 'org.springframework.mail.javamail.JavaMailSenderImpl' (OnClassCondition)

   MailSenderAutoConfiguration:
      Did not match:
         - @ConditionalOnClass did not find required class 'jakarta.mail.internet.MimeMessage' (OnClassCondition)

   MailSenderValidatorAutoConfiguration:
      Did not match:
         - @ConditionalOnSingleCandidate did not find required type 'org.springframework.mail.javamail.JavaMailSenderImpl' (OnBeanCondition)

   ManagementContextAutoConfiguration.DifferentManagementContextConfiguration:
      Did not match:
         - Management Port actual port type (SAME) did not match required type (DIFFERENT) (OnManagementPortCondition)

   ManagementWebSecurityAutoConfiguration:
      Did not match:
         - AllNestedConditions 1 matched 1 did not; NestedCondition on DefaultWebSecurityCondition.Beans @ConditionalOnMissingBean (types: org.springframework.security.web.SecurityFilterChain; SearchStrategy: all) found beans of type 'org.springframework.security.web.SecurityFilterChain' securityFilterChain; NestedCondition on DefaultWebSecurityCondition.Classes @ConditionalOnClass found required classes 'org.springframework.security.web.SecurityFilterChain', 'org.springframework.security.config.annotation.web.builders.HttpSecurity' (DefaultWebSecurityCondition)
      Matched:
         - found 'session' scope (OnWebApplicationCondition)

   MappingsEndpointAutoConfiguration:
      Did not match:
         - @ConditionalOnAvailableEndpoint no 'management.endpoints' property marked it as exposed (OnAvailableEndpointCondition)

   MessageSourceAutoConfiguration:
      Did not match:
         - ResourceBundle did not find bundle with basename messages (MessageSourceAutoConfiguration.ResourceBundleCondition)

   MetricsEndpointAutoConfiguration:
      Did not match:
         - @ConditionalOnAvailableEndpoint no 'management.endpoints' property marked it as exposed (OnAvailableEndpointCondition)
      Matched:
         - @ConditionalOnClass found required class 'io.micrometer.core.annotation.Timed' (OnClassCondition)

   MicrometerTracingAutoConfiguration:
      Did not match:
         - @ConditionalOnClass did not find required class 'io.micrometer.tracing.Tracer' (OnClassCondition)

   MongoAutoConfiguration:
      Did not match:
         - @ConditionalOnClass did not find required class 'com.mongodb.client.MongoClient' (OnClassCondition)

   MongoDataAutoConfiguration:
      Did not match:
         - @ConditionalOnClass did not find required class 'com.mongodb.client.MongoClient' (OnClassCondition)

   MongoHealthContributorAutoConfiguration:
      Did not match:
         - @ConditionalOnClass did not find required class 'org.springframework.data.mongodb.core.MongoTemplate' (OnClassCondition)

   MongoMetricsAutoConfiguration:
      Did not match:
         - @ConditionalOnClass did not find required class 'com.mongodb.MongoClientSettings' (OnClassCondition)

   MongoReactiveAutoConfiguration:
      Did not match:
         - @ConditionalOnClass did not find required class 'com.mongodb.reactivestreams.client.MongoClient' (OnClassCondition)

   MongoReactiveDataAutoConfiguration:
      Did not match:
         - @ConditionalOnClass did not find required class 'com.mongodb.reactivestreams.client.MongoClient' (OnClassCondition)

   MongoReactiveHealthContributorAutoConfiguration:
      Did not match:
         - @ConditionalOnClass did not find required class 'reactor.core.publisher.Flux' (OnClassCondition)

   MongoReactiveRepositoriesAutoConfiguration:
      Did not match:
         - @ConditionalOnClass did not find required class 'com.mongodb.reactivestreams.client.MongoClient' (OnClassCondition)

   MongoRepositoriesAutoConfiguration:
      Did not match:
         - @ConditionalOnClass did not find required class 'com.mongodb.client.MongoClient' (OnClassCondition)

   MultipleOpenApiSupportConfiguration:
      Did not match:
         - AnyNestedCondition 0 matched 2 did not; NestedCondition on MultipleOpenApiSupportCondition.OnActuatorDifferentPort found non-matching nested conditions Management Port actual port type (SAME) did not match required type (DIFFERENT), @ConditionalOnProperty (springdoc.show-actuator) did not find property 'springdoc.show-actuator'; NestedCondition on MultipleOpenApiSupportCondition.OnMultipleOpenApiSupportCondition AnyNestedCondition 0 matched 2 did not; NestedCondition on MultipleOpenApiGroupsCondition.OnGroupConfigProperty @ConditionalOnProperty (springdoc.group-configs[0].group) did not find property 'springdoc.group-configs[0].group'; NestedCondition on MultipleOpenApiGroupsCondition.OnGroupedOpenApiBean @ConditionalOnBean (types: org.springdoc.core.models.GroupedOpenApi; SearchStrategy: all) did not find any beans of type org.springdoc.core.models.GroupedOpenApi (MultipleOpenApiSupportCondition)
      Matched:
         - found 'session' scope (OnWebApplicationCondition)
         - @ConditionalOnProperty (springdoc.api-docs.enabled) matched (OnPropertyCondition)

   MultipleOpenApiSupportConfiguration.SpringDocWebMvcActuatorDifferentConfiguration:
      Did not match:
         - Management Port actual port type (SAME) did not match required type (DIFFERENT) (OnManagementPortCondition)
         - Ancestor org.springdoc.webmvc.core.configuration.MultipleOpenApiSupportConfiguration did not match (ConditionEvaluationReport.AncestorsMatchedCondition)
      Matched:
         - @ConditionalOnClass found required class 'org.springframework.boot.actuate.endpoint.web.servlet.WebMvcEndpointHandlerMapping' (OnClassCondition)

   MustacheAutoConfiguration:
      Did not match:
         - @ConditionalOnClass did not find required class 'com.samskivert.mustache.Mustache' (OnClassCondition)

   Neo4jAutoConfiguration:
      Did not match:
         - @ConditionalOnClass did not find required class 'org.neo4j.driver.Driver' (OnClassCondition)

   Neo4jDataAutoConfiguration:
      Did not match:
         - @ConditionalOnClass did not find required class 'org.neo4j.driver.Driver' (OnClassCondition)

   Neo4jHealthContributorAutoConfiguration:
      Did not match:
         - @ConditionalOnClass did not find required class 'org.neo4j.driver.Driver' (OnClassCondition)

   Neo4jReactiveDataAutoConfiguration:
      Did not match:
         - @ConditionalOnClass did not find required class 'org.neo4j.driver.Driver' (OnClassCondition)

   Neo4jReactiveRepositoriesAutoConfiguration:
      Did not match:
         - @ConditionalOnClass did not find required class 'org.neo4j.driver.Driver' (OnClassCondition)

   Neo4jRepositoriesAutoConfiguration:
      Did not match:
         - @ConditionalOnClass did not find required class 'org.neo4j.driver.Driver' (OnClassCondition)

   NettyAutoConfiguration:
      Did not match:
         - @ConditionalOnClass did not find required class 'io.netty.util.NettyRuntime' (OnClassCondition)

   NewRelicMetricsExportAutoConfiguration:
      Did not match:
         - @ConditionalOnClass did not find required class 'io.micrometer.newrelic.NewRelicMeterRegistry' (OnClassCondition)

   NoOpMeterRegistryConfiguration:
      Did not match:
         - @ConditionalOnMissingBean (types: io.micrometer.core.instrument.MeterRegistry; SearchStrategy: all) found beans of type 'io.micrometer.core.instrument.MeterRegistry' simpleMeterRegistry (OnBeanCondition)

   OAuth2AuthorizationServerAutoConfiguration:
      Did not match:
         - @ConditionalOnClass did not find required class 'org.springframework.security.oauth2.server.authorization.OAuth2Authorization' (OnClassCondition)

   OAuth2AuthorizationServerJwtAutoConfiguration:
      Did not match:
         - @ConditionalOnClass did not find required class 'org.springframework.security.oauth2.server.authorization.OAuth2Authorization' (OnClassCondition)

   OAuth2ClientAutoConfiguration:
      Did not match:
         - @ConditionalOnClass did not find required class 'org.springframework.security.oauth2.client.registration.ClientRegistration' (OnClassCondition)

   OAuth2ResourceServerAutoConfiguration:
      Did not match:
         - @ConditionalOnClass did not find required class 'org.springframework.security.oauth2.server.resource.authentication.BearerTokenAuthenticationToken' (OnClassCondition)

   ObservationAutoConfiguration.MeterObservationHandlerConfiguration.TracingAndMetricsObservationHandlerConfiguration:
      Did not match:
         - @ConditionalOnBean did not find required type 'io.micrometer.tracing.Tracer' (OnBeanCondition)
         - @ConditionalOnBean (types: io.micrometer.tracing.Tracer; SearchStrategy: all) did not find any beans of type io.micrometer.tracing.Tracer (OnBeanCondition)

   ObservationAutoConfiguration.MetricsWithTracingConfiguration:
      Did not match:
         - @ConditionalOnClass did not find required class 'io.micrometer.tracing.Tracer' (OnClassCondition)

   ObservationAutoConfiguration.OnlyTracingConfiguration:
      Did not match:
         - @ConditionalOnClass did not find required class 'io.micrometer.tracing.Tracer' (OnClassCondition)

   org.springframework.boot.actuate.autoconfigure.opentelemetry.OpenTelemetryAutoConfiguration:
      Did not match:
         - @ConditionalOnClass did not find required class 'io.opentelemetry.sdk.OpenTelemetrySdk' (OnClassCondition)

   org.springframework.boot.actuate.autoconfigure.tracing.OpenTelemetryAutoConfiguration:
      Did not match:
         - @ConditionalOnClass did not find required class 'io.micrometer.tracing.otel.bridge.OtelTracer' (OnClassCondition)

   OtlpAutoConfiguration:
      Did not match:
         - @ConditionalOnClass did not find required class 'io.micrometer.tracing.otel.bridge.OtelTracer' (OnClassCondition)

   OtlpMetricsExportAutoConfiguration:
      Did not match:
         - @ConditionalOnClass did not find required class 'io.micrometer.registry.otlp.OtlpMeterRegistry' (OnClassCondition)

   PauseResumeEndpointsConfiguration#pauseEndpoint:
      Did not match:
         - @ConditionalOnBean (types: org.springframework.cloud.context.restart.RestartEndpoint; SearchStrategy: all) did not find any beans of type org.springframework.cloud.context.restart.RestartEndpoint (OnBeanCondition)

   PauseResumeEndpointsConfiguration#resumeEndpoint:
      Did not match:
         - @ConditionalOnBean (types: org.springframework.cloud.context.restart.RestartEndpoint; SearchStrategy: all) did not find any beans of type org.springframework.cloud.context.restart.RestartEndpoint (OnBeanCondition)

   ProjectInfoAutoConfiguration#buildProperties:
      Did not match:
         - @ConditionalOnResource did not find resource '${spring.info.build.location:classpath:META-INF/build-info.properties}' (OnResourceCondition)

   ProjectInfoAutoConfiguration#gitProperties:
      Did not match:
         - GitResource did not find git info at classpath:git.properties (ProjectInfoAutoConfiguration.GitResourceAvailableCondition)

   PrometheusExemplarsAutoConfiguration:
      Did not match:
         - @ConditionalOnClass did not find required class 'io.micrometer.tracing.Tracer' (OnClassCondition)

   PrometheusMetricsExportAutoConfiguration:
      Did not match:
         - @ConditionalOnClass did not find required class 'io.micrometer.prometheus.PrometheusMeterRegistry' (OnClassCondition)

   PulsarAutoConfiguration:
      Did not match:
         - @ConditionalOnClass did not find required class 'org.apache.pulsar.client.api.PulsarClient' (OnClassCondition)

   PulsarReactiveAutoConfiguration:
      Did not match:
         - @ConditionalOnClass did not find required class 'org.apache.pulsar.client.api.PulsarClient' (OnClassCondition)

   QuartzAutoConfiguration:
      Did not match:
         - @ConditionalOnClass did not find required class 'org.quartz.Scheduler' (OnClassCondition)

   QuartzEndpointAutoConfiguration:
      Did not match:
         - @ConditionalOnClass did not find required class 'org.quartz.Scheduler' (OnClassCondition)

   R2dbcAutoConfiguration:
      Did not match:
         - @ConditionalOnClass did not find required class 'io.r2dbc.spi.ConnectionFactory' (OnClassCondition)

   R2dbcDataAutoConfiguration:
      Did not match:
         - @ConditionalOnClass did not find required class 'org.springframework.data.r2dbc.core.R2dbcEntityTemplate' (OnClassCondition)

   R2dbcInitializationConfiguration:
      Did not match:
         - @ConditionalOnClass did not find required classes 'io.r2dbc.spi.ConnectionFactory', 'org.springframework.r2dbc.connection.init.DatabasePopulator' (OnClassCondition)

   R2dbcObservationAutoConfiguration:
      Did not match:
         - @ConditionalOnClass did not find required class 'io.r2dbc.proxy.ProxyConnectionFactory' (OnClassCondition)

   R2dbcRepositoriesAutoConfiguration:
      Did not match:
         - @ConditionalOnClass did not find required class 'io.r2dbc.spi.ConnectionFactory' (OnClassCondition)

   R2dbcTransactionManagerAutoConfiguration:
      Did not match:
         - @ConditionalOnClass did not find required class 'org.springframework.r2dbc.connection.R2dbcTransactionManager' (OnClassCondition)

   RSocketGraphQlClientAutoConfiguration:
      Did not match:
         - @ConditionalOnClass did not find required class 'graphql.GraphQL' (OnClassCondition)

   RSocketMessagingAutoConfiguration:
      Did not match:
         - @ConditionalOnClass did not find required class 'io.rsocket.RSocket' (OnClassCondition)

   RSocketRequesterAutoConfiguration:
      Did not match:
         - @ConditionalOnClass did not find required class 'io.rsocket.RSocket' (OnClassCondition)

   RSocketSecurityAutoConfiguration:
      Did not match:
         - @ConditionalOnClass did not find required class 'org.springframework.security.rsocket.core.SecuritySocketAcceptorInterceptor' (OnClassCondition)

   RSocketServerAutoConfiguration:
      Did not match:
         - @ConditionalOnClass did not find required class 'io.rsocket.core.RSocketServer' (OnClassCondition)

   RSocketStrategiesAutoConfiguration:
      Did not match:
         - @ConditionalOnClass did not find required class 'io.netty.buffer.PooledByteBufAllocator' (OnClassCondition)

   RabbitAutoConfiguration:
      Did not match:
         - @ConditionalOnClass did not find required class 'com.rabbitmq.client.Channel' (OnClassCondition)

   RabbitHealthContributorAutoConfiguration:
      Did not match:
         - @ConditionalOnClass did not find required class 'org.springframework.amqp.rabbit.core.RabbitTemplate' (OnClassCondition)

   RabbitMetricsAutoConfiguration:
      Did not match:
         - @ConditionalOnClass did not find required class 'com.rabbitmq.client.ConnectionFactory' (OnClassCondition)

   ReactiveCloudFoundryActuatorAutoConfiguration:
      Did not match:
         - @ConditionalOnWebApplication did not find reactive web application classes (OnWebApplicationCondition)

   ReactiveCommonsClientAutoConfiguration.ReactiveDiscoveryLoadBalancerConfiguration:
      Did not match:
         - @ConditionalOnClass did not find required class 'org.springframework.web.reactive.function.client.WebClient' (OnClassCondition)

   ReactiveCompositeDiscoveryClientAutoConfiguration:
      Did not match:
         - @ConditionalOnClass did not find required class 'org.springframework.web.reactive.function.client.WebClient' (OnClassCondition)

   ReactiveElasticsearchClientAutoConfiguration:
      Did not match:
         - @ConditionalOnClass did not find required class 'co.elastic.clients.transport.ElasticsearchTransport' (OnClassCondition)

   ReactiveElasticsearchRepositoriesAutoConfiguration:
      Did not match:
         - @ConditionalOnClass did not find required class 'org.springframework.data.elasticsearch.client.elc.ReactiveElasticsearchClient' (OnClassCondition)

   ReactiveHealthEndpointConfiguration:
      Did not match:
         - @ConditionalOnClass did not find required class 'reactor.core.publisher.Flux' (OnClassCondition)

   ReactiveManagementContextAutoConfiguration:
      Did not match:
         - @ConditionalOnClass did not find required class 'reactor.core.publisher.Flux' (OnClassCondition)

   ReactiveManagementWebSecurityAutoConfiguration:
      Did not match:
         - @ConditionalOnWebApplication did not find reactive web application classes (OnWebApplicationCondition)

   ReactiveMultipartAutoConfiguration:
      Did not match:
         - @ConditionalOnClass did not find required class 'org.springframework.web.reactive.config.WebFluxConfigurer' (OnClassCondition)

   ReactiveOAuth2ClientAutoConfiguration:
      Did not match:
         - @ConditionalOnClass did not find required class 'reactor.core.publisher.Flux' (OnClassCondition)

   ReactiveOAuth2ResourceServerAutoConfiguration:
      Did not match:
         - @ConditionalOnWebApplication did not find reactive web application classes (OnWebApplicationCondition)

   ReactiveSecurityAutoConfiguration:
      Did not match:
         - @ConditionalOnClass did not find required class 'reactor.core.publisher.Flux' (OnClassCondition)

   ReactiveUserDetailsServiceAutoConfiguration:
      Did not match:
         - AnyNestedCondition 0 matched 2 did not; NestedCondition on ReactiveUserDetailsServiceAutoConfiguration.ReactiveUserDetailsServiceCondition.ReactiveWebApplicationCondition did not find reactive web application classes; NestedCondition on ReactiveUserDetailsServiceAutoConfiguration.ReactiveUserDetailsServiceCondition.RSocketSecurityEnabledCondition @ConditionalOnBean (types: org.springframework.messaging.rsocket.annotation.support.RSocketMessageHandler; SearchStrategy: all) did not find any beans of type org.springframework.messaging.rsocket.annotation.support.RSocketMessageHandler (ReactiveUserDetailsServiceAutoConfiguration.ReactiveUserDetailsServiceCondition)
      Matched:
         - @ConditionalOnClass found required class 'org.springframework.security.authentication.ReactiveAuthenticationManager'; @ConditionalOnMissingClass did not find unwanted classes 'org.springframework.security.oauth2.client.registration.ClientRegistrationRepository', 'org.springframework.security.oauth2.server.resource.introspection.ReactiveOpaqueTokenIntrospector' (OnClassCondition)

   ReactiveWebServerFactoryAutoConfiguration:
      Did not match:
         - @ConditionalOnWebApplication did not find reactive web application classes (OnWebApplicationCondition)

   ReactorAutoConfiguration:
      Did not match:
         - @ConditionalOnClass did not find required class 'reactor.core.publisher.Hooks' (OnClassCondition)

   ReactorLoadBalancerClientAutoConfiguration:
      Did not match:
         - @ConditionalOnClass did not find required class 'org.springframework.web.reactive.function.client.WebClient' (OnClassCondition)

   RedisAutoConfiguration:
      Did not match:
         - @ConditionalOnClass did not find required class 'org.springframework.data.redis.core.RedisOperations' (OnClassCondition)

   RedisCacheConfiguration:
      Did not match:
         - @ConditionalOnClass did not find required class 'org.springframework.data.redis.connection.RedisConnectionFactory' (OnClassCondition)

   RedisHealthContributorAutoConfiguration:
      Did not match:
         - @ConditionalOnClass did not find required class 'org.springframework.data.redis.connection.RedisConnectionFactory' (OnClassCondition)

   RedisReactiveAutoConfiguration:
      Did not match:
         - @ConditionalOnClass did not find required class 'reactor.core.publisher.Flux' (OnClassCondition)

   RedisReactiveHealthContributorAutoConfiguration:
      Did not match:
         - @ConditionalOnClass did not find required class 'reactor.core.publisher.Flux' (OnClassCondition)

   RedisRepositoriesAutoConfiguration:
      Did not match:
         - @ConditionalOnClass did not find required class 'org.springframework.data.redis.repository.configuration.EnableRedisRepositories' (OnClassCondition)

   RefreshAutoConfiguration#legacyContextRefresher:
      Did not match:
         - AnyNestedCondition 0 matched 3 did not; NestedCondition on ConditionalOnBootstrapEnabled.OnBootstrapEnabledCondition.OnBootstrapEnabled @ConditionalOnProperty (spring.cloud.bootstrap.enabled) did not find property 'spring.cloud.bootstrap.enabled'; NestedCondition on ConditionalOnBootstrapEnabled.OnBootstrapEnabledCondition.OnUseLegacyProcessingEnabled @ConditionalOnProperty (spring.config.use-legacy-processing) did not find property 'spring.config.use-legacy-processing'; NestedCondition on ConditionalOnBootstrapEnabled.OnBootstrapEnabledCondition.OnBootstrapMarkerClassPresent @ConditionalOnClass did not find required class 'org.springframework.cloud.bootstrap.marker.Marker' (ConditionalOnBootstrapEnabled.OnBootstrapEnabledCondition)

   RefreshAutoConfiguration.JpaInvokerConfiguration:
      Did not match:
         - @ConditionalOnClass did not find required class 'javax.persistence.EntityManagerFactory' (OnClassCondition)

   RefreshEndpointAutoConfiguration.RefreshEndpointConfiguration#refreshEndpoint:
      Did not match:
         - @ConditionalOnAvailableEndpoint no 'management.endpoints' property marked it as exposed (OnAvailableEndpointCondition)
      Matched:
         - @ConditionalOnBean (types: org.springframework.cloud.context.refresh.ContextRefresher; SearchStrategy: all) found bean 'configDataContextRefresher'; @ConditionalOnMissingBean (types: org.springframework.cloud.endpoint.RefreshEndpoint; SearchStrategy: all) did not find any beans (OnBeanCondition)

   RepositoryRestMvcAutoConfiguration:
      Did not match:
         - @ConditionalOnClass did not find required class 'org.springframework.data.rest.webmvc.config.RepositoryRestMvcConfiguration' (OnClassCondition)

   RestartEndpointWithIntegrationConfiguration:
      Did not match:
         - @ConditionalOnClass did not find required class 'org.springframework.integration.monitor.IntegrationMBeanExporter' (OnClassCondition)

   RestartEndpointWithoutIntegrationConfiguration#restartEndpointWithoutIntegration:
      Did not match:
         - @ConditionalOnAvailableEndpoint no property management.endpoint.restart.enabled found so using endpoint default of false (OnAvailableEndpointCondition)

   Saml2RelyingPartyAutoConfiguration:
      Did not match:
         - @ConditionalOnClass did not find required class 'org.springframework.security.saml2.provider.service.registration.RelyingPartyRegistrationRepository' (OnClassCondition)

   ScheduledTasksEndpointAutoConfiguration:
      Did not match:
         - @ConditionalOnAvailableEndpoint no 'management.endpoints' property marked it as exposed (OnAvailableEndpointCondition)

   SecurityDataConfiguration:
      Did not match:
         - @ConditionalOnClass did not find required class 'org.springframework.security.data.repository.query.SecurityEvaluationContextExtension' (OnClassCondition)

   SecurityRequestMatchersManagementContextConfiguration.JerseyRequestMatcherConfiguration:
      Did not match:
         - @ConditionalOnClass did not find required class 'org.glassfish.jersey.server.ResourceConfig' (OnClassCondition)

   SendGridAutoConfiguration:
      Did not match:
         - @ConditionalOnClass did not find required class 'com.sendgrid.SendGrid' (OnClassCondition)

   ServiceRegistryAutoConfiguration.ServiceRegistryEndpointConfiguration:
      Did not match:
         - @ConditionalOnBean (types: org.springframework.cloud.client.serviceregistry.ServiceRegistry; SearchStrategy: all) did not find any beans of type org.springframework.cloud.client.serviceregistry.ServiceRegistry (OnBeanCondition)
      Matched:
         - @ConditionalOnClass found required class 'org.springframework.boot.actuate.endpoint.annotation.Endpoint' (OnClassCondition)

   ServletEndpointManagementContextConfiguration.JerseyServletEndpointManagementContextConfiguration:
      Did not match:
         - @ConditionalOnClass did not find required class 'org.glassfish.jersey.server.ResourceConfig' (OnClassCondition)

   ServletManagementContextAutoConfiguration.ApplicationContextFilterConfiguration:
      Did not match:
         - @ConditionalOnProperty (management.server.add-application-context-header=true) did not find property 'add-application-context-header' (OnPropertyCondition)

   ServletWebServerFactoryAutoConfiguration.ForwardedHeaderFilterConfiguration:
      Did not match:
         - @ConditionalOnProperty (server.forward-headers-strategy=framework) did not find property 'server.forward-headers-strategy' (OnPropertyCondition)

   ServletWebServerFactoryConfiguration.EmbeddedJetty:
      Did not match:
         - @ConditionalOnClass did not find required classes 'org.eclipse.jetty.server.Server', 'org.eclipse.jetty.util.Loader', 'org.eclipse.jetty.ee10.webapp.WebAppContext' (OnClassCondition)

   ServletWebServerFactoryConfiguration.EmbeddedUndertow:
      Did not match:
         - @ConditionalOnClass did not find required classes 'io.undertow.Undertow', 'org.xnio.SslClientAuthMode' (OnClassCondition)

   SessionAutoConfiguration:
      Did not match:
         - @ConditionalOnClass did not find required class 'org.springframework.session.Session' (OnClassCondition)

   SessionsEndpointAutoConfiguration:
      Did not match:
         - @ConditionalOnClass did not find required class 'org.springframework.session.FindByIndexNameSessionRepository' (OnClassCondition)

   ShutdownEndpointAutoConfiguration:
      Did not match:
         - @ConditionalOnAvailableEndpoint no property management.endpoint.shutdown.enabled found so using endpoint default of false (OnAvailableEndpointCondition)

   SignalFxMetricsExportAutoConfiguration:
      Did not match:
         - @ConditionalOnClass did not find required class 'io.micrometer.signalfx.SignalFxMeterRegistry' (OnClassCondition)

   SimpleReactiveDiscoveryClientAutoConfiguration:
      Did not match:
         - @ConditionalOnClass did not find required class 'org.springframework.web.reactive.function.client.WebClient' (OnClassCondition)

   SpringApplicationAdminJmxAutoConfiguration:
      Did not match:
         - @ConditionalOnProperty (spring.application.admin.enabled=true) did not find property 'enabled' (OnPropertyCondition)

   SpringBootWebSecurityConfiguration.SecurityFilterChainConfiguration:
      Did not match:
         - AllNestedConditions 1 matched 1 did not; NestedCondition on DefaultWebSecurityCondition.Beans @ConditionalOnMissingBean (types: org.springframework.security.web.SecurityFilterChain; SearchStrategy: all) found beans of type 'org.springframework.security.web.SecurityFilterChain' securityFilterChain; NestedCondition on DefaultWebSecurityCondition.Classes @ConditionalOnClass found required classes 'org.springframework.security.web.SecurityFilterChain', 'org.springframework.security.config.annotation.web.builders.HttpSecurity' (DefaultWebSecurityCondition)

   SpringBootWebSecurityConfiguration.WebSecurityEnablerConfiguration:
      Did not match:
         - @ConditionalOnMissingBean (names: springSecurityFilterChain; SearchStrategy: all) found beans named springSecurityFilterChain (OnBeanCondition)
      Matched:
         - @ConditionalOnClass found required class 'org.springframework.security.config.annotation.web.configuration.EnableWebSecurity' (OnClassCondition)

   SpringDocConfiguration#propertiesResolverForSchema:
      Did not match:
         - @ConditionalOnProperty (springdoc.api-docs.resolve-schema-properties) did not find property 'springdoc.api-docs.resolve-schema-properties' (OnPropertyCondition)

   SpringDocConfiguration#propertyCustomizingConverter:
      Did not match:
         - @ConditionalOnBean (types: org.springdoc.core.customizers.PropertyCustomizer; SearchStrategy: all) did not find any beans of type org.springdoc.core.customizers.PropertyCustomizer (OnBeanCondition)

   SpringDocConfiguration#springdocBeanFactoryPostProcessor:
      Did not match:
         - AnyNestedCondition 0 matched 2 did not; NestedCondition on CacheOrGroupedOpenApiCondition.OnCacheDisabled found non-matching nested conditions @ConditionalOnProperty (springdoc.cache.disabled) did not find property 'springdoc.cache.disabled'; NestedCondition on CacheOrGroupedOpenApiCondition.OnMultipleOpenApiSupportCondition AnyNestedCondition 0 matched 2 did not; NestedCondition on MultipleOpenApiSupportCondition.OnActuatorDifferentPort found non-matching nested conditions Management Port actual port type (SAME) did not match required type (DIFFERENT), @ConditionalOnProperty (springdoc.show-actuator) did not find property 'springdoc.show-actuator'; NestedCondition on MultipleOpenApiSupportCondition.OnMultipleOpenApiSupportCondition AnyNestedCondition 0 matched 2 did not; NestedCondition on MultipleOpenApiGroupsCondition.OnGroupConfigProperty @ConditionalOnProperty (springdoc.group-configs[0].group) did not find property 'springdoc.group-configs[0].group'; NestedCondition on MultipleOpenApiGroupsCondition.OnGroupedOpenApiBean @ConditionalOnBean (types: org.springdoc.core.models.GroupedOpenApi; SearchStrategy: all) did not find any beans of type org.springdoc.core.models.GroupedOpenApi (CacheOrGroupedOpenApiCondition)
      Matched:
         - @ConditionalOnClass found required class 'org.springframework.boot.context.properties.bind.BindResult' (OnClassCondition)

   SpringDocConfiguration#springdocBeanFactoryPostProcessor2:
      Did not match:
         - @ConditionalOnMissingClass found unwanted class 'org.springframework.boot.context.properties.bind.BindResult' (OnClassCondition)

   SpringDocConfiguration.SpringDocActuatorConfiguration:
      Did not match:
         - @ConditionalOnProperty (springdoc.show-actuator) did not find property 'springdoc.show-actuator' (OnPropertyCondition)
      Matched:
         - @ConditionalOnClass found required class 'org.springframework.boot.actuate.autoconfigure.endpoint.web.WebEndpointProperties' (OnClassCondition)

   SpringDocConfiguration.SpringDocRepositoryRestConfiguration:
      Did not match:
         - @ConditionalOnClass did not find required class 'org.springframework.data.rest.core.config.RepositoryRestConfiguration' (OnClassCondition)

   SpringDocConfiguration.SpringDocWebFluxSupportConfiguration:
      Did not match:
         - @ConditionalOnClass did not find required class 'reactor.core.publisher.Flux' (OnClassCondition)

   SpringDocDataRestConfiguration:
      Did not match:
         - @ConditionalOnClass did not find required class 'org.springframework.data.rest.core.config.RepositoryRestConfiguration' (OnClassCondition)

   SpringDocFunctionCatalogConfiguration:
      Did not match:
         - @ConditionalOnClass did not find required class 'org.springframework.cloud.function.web.function.FunctionEndpointInitializer' (OnClassCondition)

   SpringDocGroovyConfiguration:
      Did not match:
         - @ConditionalOnClass did not find required class 'groovy.lang.MetaClass' (OnClassCondition)

   SpringDocHateoasConfiguration:
      Did not match:
         - @ConditionalOnClass did not find required class 'org.springframework.hateoas.server.LinkRelationProvider' (OnClassCondition)

   SpringDocJacksonKotlinModuleConfiguration:
      Did not match:
         - @ConditionalOnClass did not find required class 'com.fasterxml.jackson.module.kotlin.KotlinModule' (OnClassCondition)

   SpringDocJavadocConfiguration:
      Did not match:
         - @ConditionalOnClass did not find required class 'com.github.therapi.runtimejavadoc.CommentFormatter' (OnClassCondition)

   SpringDocKotlinConfiguration:
      Did not match:
         - @ConditionalOnClass did not find required class 'kotlin.coroutines.Continuation' (OnClassCondition)

   SpringDocKotlinxConfiguration:
      Did not match:
         - @ConditionalOnClass did not find required class 'kotlinx.coroutines.flow.Flow' (OnClassCondition)

   SpringDocSecurityConfiguration.SpringDocSecurityOAuth2Configuration:
      Did not match:
         - @ConditionalOnClass did not find required class 'org.springframework.security.oauth2.server.authorization.OAuth2AuthorizationService' (OnClassCondition)

   SpringDocSecurityConfiguration.SpringSecurityLoginEndpointConfiguration#springSecurityLoginEndpointCustomiser:
      Did not match:
         - @ConditionalOnProperty (springdoc.show-login-endpoint) did not find property 'springdoc.show-login-endpoint' (OnPropertyCondition)

   SpringDocSortConfiguration#delegatingMethodParameterCustomizer:
      Did not match:
         - @ConditionalOnMissingBean (types: org.springdoc.core.customizers.DelegatingMethodParameterCustomizer; SearchStrategy: all) found beans of type 'org.springdoc.core.customizers.DelegatingMethodParameterCustomizer' delegatingMethodParameterCustomizer (OnBeanCondition)

   SpringDocWebMvcConfiguration.SpringDocWebMvcActuatorConfiguration#actuatorProvider:
      Did not match:
         - @ConditionalOnExpression (#{${springdoc.show-actuator:false} or ${springdoc.use-management-port:false}}) resulted in false (OnExpressionCondition)

   SpringDocWebMvcConfiguration.SpringDocWebMvcActuatorConfiguration#openApiActuatorResource:
      Did not match:
         - @ConditionalOnExpression (#{${springdoc.use-management-port:false} and ${springdoc.enable-default-api-docs:true}}) resulted in false (OnExpressionCondition)

   StackdriverMetricsExportAutoConfiguration:
      Did not match:
         - @ConditionalOnClass did not find required class 'io.micrometer.stackdriver.StackdriverMeterRegistry' (OnClassCondition)

   StartupEndpointAutoConfiguration:
      Did not match:
         - ApplicationStartup configured applicationStartup is of type class org.springframework.core.metrics.DefaultApplicationStartup, expected BufferingApplicationStartup. (StartupEndpointAutoConfiguration.ApplicationStartupCondition)

   StatsdMetricsExportAutoConfiguration:
      Did not match:
         - @ConditionalOnClass did not find required class 'io.micrometer.statsd.StatsdMeterRegistry' (OnClassCondition)

   SwaggerConfig#springWebProvider:
      Did not match:
         - @ConditionalOnMissingBean (types: org.springdoc.core.providers.SpringWebProvider; SearchStrategy: all) found beans of type 'org.springdoc.core.providers.SpringWebProvider' springWebProvider (OnBeanCondition)

   SwaggerConfig#swaggerUiConfigParameters:
      Did not match:
         - @ConditionalOnMissingBean (types: org.springdoc.core.properties.SwaggerUiConfigParameters; SearchStrategy: all) found beans of type 'org.springdoc.core.properties.SwaggerUiConfigParameters' org.springdoc.core.properties.SwaggerUiConfigParameters (OnBeanCondition)

   SwaggerConfig#swaggerUiHome:
      Did not match:
         - @ConditionalOnProperty (springdoc.swagger-ui.use-root-path=true) did not find property 'springdoc.swagger-ui.use-root-path' (OnPropertyCondition)

   SwaggerConfig.SwaggerActuatorWelcomeConfiguration:
      Did not match:
         - @ConditionalOnProperty (springdoc.use-management-port) did not find property 'springdoc.use-management-port' (OnPropertyCondition)
      Matched:
         - @ConditionalOnClass found required class 'org.springframework.boot.actuate.endpoint.web.servlet.WebMvcEndpointHandlerMapping' (OnClassCondition)

   TaskExecutorConfigurations.SimpleAsyncTaskExecutorBuilderConfiguration#simpleAsyncTaskExecutorBuilderVirtualThreads:
      Did not match:
         - @ConditionalOnMissingBean (types: org.springframework.boot.task.SimpleAsyncTaskExecutorBuilder; SearchStrategy: all) found beans of type 'org.springframework.boot.task.SimpleAsyncTaskExecutorBuilder' simpleAsyncTaskExecutorBuilder (OnBeanCondition)

   TaskExecutorConfigurations.TaskExecutorConfiguration#applicationTaskExecutorVirtualThreads:
      Did not match:
         - @ConditionalOnThreading did not find VIRTUAL (OnThreadingCondition)

   TaskSchedulingAutoConfiguration#scheduledBeanLazyInitializationExcludeFilter:
      Did not match:
         - @ConditionalOnBean (names: org.springframework.context.annotation.internalScheduledAnnotationProcessor; SearchStrategy: all) did not find any beans named org.springframework.context.annotation.internalScheduledAnnotationProcessor (OnBeanCondition)

   TaskSchedulingConfigurations.SimpleAsyncTaskSchedulerBuilderConfiguration#simpleAsyncTaskSchedulerBuilderVirtualThreads:
      Did not match:
         - @ConditionalOnMissingBean (types: org.springframework.boot.task.SimpleAsyncTaskSchedulerBuilder; SearchStrategy: all) found beans of type 'org.springframework.boot.task.SimpleAsyncTaskSchedulerBuilder' simpleAsyncTaskSchedulerBuilder (OnBeanCondition)

   TaskSchedulingConfigurations.TaskSchedulerConfiguration:
      Did not match:
         - @ConditionalOnBean (names: org.springframework.context.annotation.internalScheduledAnnotationProcessor; SearchStrategy: all) did not find any beans named org.springframework.context.annotation.internalScheduledAnnotationProcessor (OnBeanCondition)

   ThreadDumpEndpointAutoConfiguration:
      Did not match:
         - @ConditionalOnAvailableEndpoint no 'management.endpoints' property marked it as exposed (OnAvailableEndpointCondition)

   ThymeleafAutoConfiguration:
      Did not match:
         - @ConditionalOnClass did not find required class 'org.thymeleaf.spring6.SpringTemplateEngine' (OnClassCondition)

   TransactionAutoConfiguration#transactionalOperator:
      Did not match:
         - @ConditionalOnSingleCandidate (types: org.springframework.transaction.ReactiveTransactionManager; SearchStrategy: all) did not find any beans (OnBeanCondition)

   TransactionAutoConfiguration.AspectJTransactionManagementConfiguration:
      Did not match:
         - @ConditionalOnBean (types: org.springframework.transaction.aspectj.AbstractTransactionAspect; SearchStrategy: all) did not find any beans of type org.springframework.transaction.aspectj.AbstractTransactionAspect (OnBeanCondition)

   TransactionAutoConfiguration.EnableTransactionManagementConfiguration.JdkDynamicAutoProxyConfiguration:
      Did not match:
         - @ConditionalOnProperty (spring.aop.proxy-target-class=false) did not find property 'proxy-target-class' (OnPropertyCondition)

   UserDetailsServiceAutoConfiguration:
      Did not match:
         - @ConditionalOnMissingBean (types: org.springframework.security.authentication.AuthenticationManager,org.springframework.security.authentication.AuthenticationProvider,org.springframework.security.core.userdetails.UserDetailsService,org.springframework.security.authentication.AuthenticationManagerResolver,org.springframework.security.oauth2.jwt.JwtDecoder; SearchStrategy: all) found beans of type 'org.springframework.security.core.userdetails.UserDetailsService' customUserDetailsService (OnBeanCondition)
      Matched:
         - @ConditionalOnClass found required class 'org.springframework.security.authentication.AuthenticationManager'; @ConditionalOnMissingClass did not find unwanted classes 'org.springframework.security.oauth2.client.registration.ClientRegistrationRepository', 'org.springframework.security.oauth2.server.resource.introspection.OpaqueTokenIntrospector', 'org.springframework.security.saml2.provider.service.registration.RelyingPartyRegistrationRepository' (OnClassCondition)

   ValidationAutoConfiguration:
      Did not match:
         - @ConditionalOnResource did not find resource 'classpath:META-INF/services/jakarta.validation.spi.ValidationProvider' (OnResourceCondition)
      Matched:
         - @ConditionalOnClass found required class 'jakarta.validation.executable.ExecutableValidator' (OnClassCondition)

   WavefrontAutoConfiguration:
      Did not match:
         - @ConditionalOnClass did not find required class 'com.wavefront.sdk.common.application.ApplicationTags' (OnClassCondition)

   WavefrontMetricsExportAutoConfiguration:
      Did not match:
         - @ConditionalOnClass did not find required class 'com.wavefront.sdk.common.WavefrontSender' (OnClassCondition)

   WavefrontTracingAutoConfiguration:
      Did not match:
         - @ConditionalOnClass did not find required class 'com.wavefront.sdk.common.WavefrontSender' (OnClassCondition)

   WebClientAutoConfiguration:
      Did not match:
         - @ConditionalOnClass did not find required class 'org.springframework.web.reactive.function.client.WebClient' (OnClassCondition)

   WebClientObservationConfiguration:
      Did not match:
         - @ConditionalOnClass did not find required class 'org.springframework.web.reactive.function.client.WebClient' (OnClassCondition)

   WebFluxAutoConfiguration:
      Did not match:
         - @ConditionalOnClass did not find required class 'org.springframework.web.reactive.config.WebFluxConfigurer' (OnClassCondition)

   WebFluxEndpointManagementContextConfiguration:
      Did not match:
         - @ConditionalOnClass did not find required class 'org.springframework.web.reactive.DispatcherHandler' (OnClassCondition)

   WebFluxObservationAutoConfiguration:
      Did not match:
         - @ConditionalOnWebApplication did not find reactive web application classes (OnWebApplicationCondition)

   WebMvcAutoConfiguration#hiddenHttpMethodFilter:
      Did not match:
         - @ConditionalOnProperty (spring.mvc.hiddenmethod.filter.enabled) did not find property 'enabled' (OnPropertyCondition)

   WebMvcAutoConfiguration.ProblemDetailsErrorHandlingConfiguration:
      Did not match:
         - @ConditionalOnProperty (spring.mvc.problemdetails.enabled=true) did not find property 'enabled' (OnPropertyCondition)

   WebMvcAutoConfiguration.ResourceChainCustomizerConfiguration:
      Did not match:
         - @ConditionalOnEnabledResourceChain did not find class org.webjars.WebJarAssetLocator (OnEnabledResourceChainCondition)

   WebMvcAutoConfiguration.WebMvcAutoConfigurationAdapter#beanNameViewResolver:
      Did not match:
         - @ConditionalOnMissingBean (types: org.springframework.web.servlet.view.BeanNameViewResolver; SearchStrategy: all) found beans of type 'org.springframework.web.servlet.view.BeanNameViewResolver' beanNameViewResolver (OnBeanCondition)

   WebMvcEndpointManagementContextConfiguration#managementHealthEndpointWebMvcHandlerMapping:
      Did not match:
         - Management Port actual port type (SAME) did not match required type (DIFFERENT) (OnManagementPortCondition)

   WebServiceTemplateAutoConfiguration:
      Did not match:
         - @ConditionalOnClass did not find required class 'org.springframework.oxm.Marshaller' (OnClassCondition)

   WebServicesAutoConfiguration:
      Did not match:
         - @ConditionalOnClass did not find required class 'org.springframework.ws.transport.http.MessageDispatcherServlet' (OnClassCondition)

   WebSessionIdResolverAutoConfiguration:
      Did not match:
         - @ConditionalOnClass did not find required class 'reactor.core.publisher.Mono' (OnClassCondition)

   WebSocketMessagingAutoConfiguration:
      Did not match:
         - @ConditionalOnClass did not find required class 'org.springframework.web.socket.config.annotation.WebSocketMessageBrokerConfigurer' (OnClassCondition)

   WebSocketReactiveAutoConfiguration:
      Did not match:
         - @ConditionalOnWebApplication did not find reactive web application classes (OnWebApplicationCondition)

   WebSocketServletAutoConfiguration.JettyWebSocketConfiguration:
      Did not match:
         - @ConditionalOnClass did not find required class 'org.eclipse.jetty.ee10.websocket.jakarta.server.config.JakartaWebSocketServletContainerInitializer' (OnClassCondition)

   WebSocketServletAutoConfiguration.UndertowWebSocketConfiguration:
      Did not match:
         - @ConditionalOnClass did not find required class 'io.undertow.websockets.jsr.Bootstrap' (OnClassCondition)

   WritableEnvironmentEndpointAutoConfiguration:
      Did not match:
         - @ConditionalOnProperty (management.endpoint.env.post.enabled) did not find property 'management.endpoint.env.post.enabled' (OnPropertyCondition)
      Matched:
         - @ConditionalOnClass found required classes 'org.springframework.boot.actuate.env.EnvironmentEndpoint', 'org.springframework.boot.actuate.autoconfigure.env.EnvironmentEndpointProperties' (OnClassCondition)

   XADataSourceAutoConfiguration:
      Did not match:
         - @ConditionalOnBean (types: org.springframework.boot.jdbc.XADataSourceWrapper; SearchStrategy: all) did not find any beans of type org.springframework.boot.jdbc.XADataSourceWrapper (OnBeanCondition)
      Matched:
         - @ConditionalOnClass found required classes 'javax.sql.DataSource', 'jakarta.transaction.TransactionManager', 'org.springframework.jdbc.datasource.embedded.EmbeddedDatabaseType' (OnClassCondition)

   ZipkinAutoConfiguration:
      Did not match:
         - @ConditionalOnClass did not find required class 'zipkin2.reporter.Sender' (OnClassCondition)


Exclusions:
-----------

    None


Unconditional classes:
----------------------

    org.springframework.boot.autoconfigure.context.ConfigurationPropertiesAutoConfiguration

    org.springframework.cloud.client.ReactiveCommonsClientAutoConfiguration

    org.springframework.boot.actuate.autoconfigure.availability.AvailabilityHealthContributorAutoConfiguration

    org.springframework.boot.autoconfigure.ssl.SslAutoConfiguration

    org.springframework.boot.actuate.autoconfigure.info.InfoContributorAutoConfiguration

    org.springframework.cloud.client.discovery.simple.SimpleDiscoveryClientAutoConfiguration

    org.springframework.boot.autoconfigure.context.PropertyPlaceholderAutoConfiguration

    org.springframework.boot.autoconfigure.context.LifecycleAutoConfiguration

    org.springframework.cloud.client.CommonsClientAutoConfiguration

    org.springframework.boot.actuate.autoconfigure.metrics.integration.IntegrationMetricsAutoConfiguration

    org.springframework.boot.actuate.autoconfigure.endpoint.EndpointAutoConfiguration

    org.springframework.cloud.commons.config.CommonsConfigAutoConfiguration

    org.springframework.boot.actuate.autoconfigure.web.server.ManagementContextAutoConfiguration

    org.springframework.cloud.client.loadbalancer.LoadBalancerDefaultMappingsProviderAutoConfiguration

    org.springframework.cloud.client.discovery.composite.CompositeDiscoveryClientAutoConfiguration

    org.springframework.boot.actuate.autoconfigure.health.HealthContributorAutoConfiguration

    org.springframework.cloud.client.serviceregistry.ServiceRegistryAutoConfiguration

    org.springframework.cloud.autoconfigure.LifecycleMvcEndpointAutoConfiguration

    org.springframework.boot.actuate.autoconfigure.endpoint.jackson.JacksonEndpointAutoConfiguration

    org.springdoc.core.configuration.SpringDocSpecPropertiesConfiguration

    org.springframework.boot.autoconfigure.availability.ApplicationAvailabilityAutoConfiguration

    org.springframework.boot.autoconfigure.info.ProjectInfoAutoConfiguration



2026-01-14T18:19:09.428-05:00  INFO 141075 --- [Main] [JavaFX-Launcher] o.s.boot.SpringApplication               : Started application in 9.007 seconds (process running for 9.629)
2026-01-14T18:19:09.612-05:00  INFO 141075 --- [Main] [JavaFX-Launcher] com.rep.config.DataLoader                : Admin con identificación 22 ya existe, no se crea.
2026-01-14T18:21:40.522-05:00  INFO 141075 --- [Main] [http-nio-8080-exec-1] o.a.c.c.C.[Tomcat].[localhost].[/]       : Initializing Spring DispatcherServlet 'dispatcherServlet'
2026-01-14T18:21:40.524-05:00  INFO 141075 --- [Main] [http-nio-8080-exec-1] o.s.web.servlet.DispatcherServlet        : Initializing Servlet 'dispatcherServlet'
2026-01-14T18:21:40.525-05:00 DEBUG 141075 --- [Main] [http-nio-8080-exec-1] o.s.web.servlet.DispatcherServlet        : Detected StandardServletMultipartResolver
2026-01-14T18:21:40.525-05:00 DEBUG 141075 --- [Main] [http-nio-8080-exec-1] o.s.web.servlet.DispatcherServlet        : Detected AcceptHeaderLocaleResolver
2026-01-14T18:21:40.525-05:00 DEBUG 141075 --- [Main] [http-nio-8080-exec-1] o.s.web.servlet.DispatcherServlet        : Detected FixedThemeResolver
2026-01-14T18:21:40.527-05:00 DEBUG 141075 --- [Main] [http-nio-8080-exec-1] o.s.web.servlet.DispatcherServlet        : Detected org.springframework.web.servlet.view.DefaultRequestToViewNameTranslator@455b5381
2026-01-14T18:21:40.527-05:00 DEBUG 141075 --- [Main] [http-nio-8080-exec-1] o.s.web.servlet.DispatcherServlet        : Detected org.springframework.web.servlet.support.SessionFlashMapManager@3a1813b2
2026-01-14T18:21:40.527-05:00 DEBUG 141075 --- [Main] [http-nio-8080-exec-1] o.s.web.servlet.DispatcherServlet        : enableLoggingRequestDetails='false': request parameters and headers will be masked to prevent unsafe logging of potentially sensitive data
2026-01-14T18:21:40.527-05:00  INFO 141075 --- [Main] [http-nio-8080-exec-1] o.s.web.servlet.DispatcherServlet        : Completed initialization in 2 ms
2026-01-14T18:21:40.540-05:00 DEBUG 141075 --- [Main] [http-nio-8080-exec-1] o.s.security.web.FilterChainProxy        : Securing POST /api/auth/login
2026-01-14T18:21:40.557-05:00 DEBUG 141075 --- [Main] [http-nio-8080-exec-1] o.s.s.w.a.AnonymousAuthenticationFilter  : Set SecurityContextHolder to anonymous SecurityContext
2026-01-14T18:21:40.560-05:00  WARN 141075 --- [Main] [http-nio-8080-exec-1] o.s.w.s.h.HandlerMappingIntrospector     : Cache miss for REQUEST dispatch to '/api/auth/login' (previous null). Performing MatchableHandlerMapping lookup. This is logged once only at WARN level, and every time at TRACE.
2026-01-14T18:21:40.571-05:00 DEBUG 141075 --- [Main] [http-nio-8080-exec-1] o.s.security.web.FilterChainProxy        : Secured POST /api/auth/login
2026-01-14T18:21:40.571-05:00  INFO 141075 --- [Main] [http-nio-8080-exec-1] com.rep.config.SecurityDebugFilter       : === SECURITY DEBUG ===
2026-01-14T18:21:40.572-05:00  INFO 141075 --- [Main] [http-nio-8080-exec-1] com.rep.config.SecurityDebugFilter       : Endpoint: POST /api/auth/login
2026-01-14T18:21:40.572-05:00  INFO 141075 --- [Main] [http-nio-8080-exec-1] com.rep.config.SecurityDebugFilter       : Authenticated: true
2026-01-14T18:21:40.572-05:00  INFO 141075 --- [Main] [http-nio-8080-exec-1] com.rep.config.SecurityDebugFilter       : Principal: anonymousUser
2026-01-14T18:21:40.572-05:00  INFO 141075 --- [Main] [http-nio-8080-exec-1] com.rep.config.SecurityDebugFilter       : Authorities: [ROLE_ANONYMOUS]
2026-01-14T18:21:40.576-05:00 DEBUG 141075 --- [Main] [http-nio-8080-exec-1] o.s.web.servlet.DispatcherServlet        : POST "/api/auth/login", parameters={}
2026-01-14T18:21:40.578-05:00 DEBUG 141075 --- [Main] [http-nio-8080-exec-1] s.w.s.m.m.a.RequestMappingHandlerMapping : Mapped to com.rep.controller.apis.AuthController#login(LoginRequest)
2026-01-14T18:21:40.671-05:00 DEBUG 141075 --- [Main] [http-nio-8080-exec-1] m.m.a.RequestResponseBodyMethodProcessor : Read "application/json;charset=UTF-8" to [com.rep.dto.auth.LoginRequest@62c64531]
2026-01-14T18:21:40.820-05:00 DEBUG 141075 --- [Main] [http-nio-8080-exec-1] o.s.w.s.m.m.a.HttpEntityMethodProcessor  : Using 'application/json', given [application/json, application/*+json] and supported [application/json, application/*+json]
2026-01-14T18:21:40.824-05:00 DEBUG 141075 --- [Main] [http-nio-8080-exec-1] o.s.w.s.m.m.a.HttpEntityMethodProcessor  : Writing [LoginResponse(usuario=AuthUsuarioDTO(id=2, nombre=PROFE, correo=Profe@gmail.com, identificacion=1, r (truncated)...]
2026-01-14T18:21:40.834-05:00 DEBUG 141075 --- [Main] [http-nio-8080-exec-1] o.s.web.servlet.DispatcherServlet        : Completed 200 OK
2026-01-14T18:21:40.934-05:00 DEBUG 141075 --- [Main] [http-nio-8080-exec-2] o.s.security.web.FilterChainProxy        : Securing GET /api/profesor/cursos
2026-01-14T18:21:40.964-05:00 DEBUG 141075 --- [Main] [http-nio-8080-exec-2] o.s.security.web.FilterChainProxy        : Secured GET /api/profesor/cursos
2026-01-14T18:21:40.964-05:00  INFO 141075 --- [Main] [http-nio-8080-exec-2] com.rep.config.SecurityDebugFilter       : === SECURITY DEBUG ===
2026-01-14T18:21:40.964-05:00  INFO 141075 --- [Main] [http-nio-8080-exec-2] com.rep.config.SecurityDebugFilter       : Endpoint: GET /api/profesor/cursos
2026-01-14T18:21:40.964-05:00  INFO 141075 --- [Main] [http-nio-8080-exec-2] com.rep.config.SecurityDebugFilter       : Authenticated: true
2026-01-14T18:21:40.964-05:00  INFO 141075 --- [Main] [http-nio-8080-exec-2] com.rep.config.SecurityDebugFilter       : Principal: 1
2026-01-14T18:21:40.964-05:00  INFO 141075 --- [Main] [http-nio-8080-exec-2] com.rep.config.SecurityDebugFilter       : Authorities: [PROFESOR]
2026-01-14T18:21:40.964-05:00 DEBUG 141075 --- [Main] [http-nio-8080-exec-2] o.s.web.servlet.DispatcherServlet        : GET "/api/profesor/cursos", parameters={}
2026-01-14T18:21:40.964-05:00 DEBUG 141075 --- [Main] [http-nio-8080-exec-2] s.w.s.m.m.a.RequestMappingHandlerMapping : Mapped to com.rep.controller.apis.ProfesorApi#getCursosByProfesor(Usuario)
2026-01-14T18:21:41.010-05:00 DEBUG 141075 --- [Main] [http-nio-8080-exec-2] o.s.w.s.m.m.a.HttpEntityMethodProcessor  : Using 'application/json', given [application/json, application/*+json] and supported [application/json, application/*+json]
2026-01-14T18:21:41.010-05:00 DEBUG 141075 --- [Main] [http-nio-8080-exec-2] o.s.w.s.m.m.a.HttpEntityMethodProcessor  : Writing [[8 - A]]
2026-01-14T18:21:41.013-05:00 DEBUG 141075 --- [Main] [http-nio-8080-exec-2] o.s.web.servlet.DispatcherServlet        : Completed 200 OK
2026-01-14T18:21:41.029-05:00 DEBUG 141075 --- [Main] [http-nio-8080-exec-3] o.s.security.web.FilterChainProxy        : Securing GET /api/profesor/materias
2026-01-14T18:21:41.043-05:00 DEBUG 141075 --- [Main] [http-nio-8080-exec-3] o.s.security.web.FilterChainProxy        : Secured GET /api/profesor/materias
2026-01-14T18:21:41.043-05:00  INFO 141075 --- [Main] [http-nio-8080-exec-3] com.rep.config.SecurityDebugFilter       : === SECURITY DEBUG ===
2026-01-14T18:21:41.043-05:00  INFO 141075 --- [Main] [http-nio-8080-exec-3] com.rep.config.SecurityDebugFilter       : Endpoint: GET /api/profesor/materias
2026-01-14T18:21:41.043-05:00  INFO 141075 --- [Main] [http-nio-8080-exec-3] com.rep.config.SecurityDebugFilter       : Authenticated: true
2026-01-14T18:21:41.043-05:00  INFO 141075 --- [Main] [http-nio-8080-exec-3] com.rep.config.SecurityDebugFilter       : Principal: 1
2026-01-14T18:21:41.044-05:00  INFO 141075 --- [Main] [http-nio-8080-exec-3] com.rep.config.SecurityDebugFilter       : Authorities: [PROFESOR]
2026-01-14T18:21:41.044-05:00 DEBUG 141075 --- [Main] [http-nio-8080-exec-3] o.s.web.servlet.DispatcherServlet        : GET "/api/profesor/materias", parameters={}
2026-01-14T18:21:41.045-05:00 DEBUG 141075 --- [Main] [http-nio-8080-exec-3] s.w.s.m.m.a.RequestMappingHandlerMapping : Mapped to com.rep.controller.apis.ProfesorApi#getMateriasAsignadas(Usuario)
2026-01-14T18:21:41.060-05:00 DEBUG 141075 --- [Main] [http-nio-8080-exec-3] o.s.w.s.m.m.a.HttpEntityMethodProcessor  : Using 'application/json', given [application/json, application/*+json] and supported [application/json, application/*+json]
2026-01-14T18:21:41.061-05:00 DEBUG 141075 --- [Main] [http-nio-8080-exec-3] o.s.w.s.m.m.a.HttpEntityMethodProcessor  : Writing [[Materia{id=1, nombre='Prueba'}]]
2026-01-14T18:21:41.065-05:00 DEBUG 141075 --- [Main] [http-nio-8080-exec-3] o.s.web.servlet.DispatcherServlet        : Completed 200 OK
2026-01-14T18:21:43.635-05:00 DEBUG 141075 --- [Main] [http-nio-8080-exec-4] o.s.security.web.FilterChainProxy        : Securing GET /api/actividades?cursoId=1&materiaId=1
2026-01-14T18:21:43.661-05:00 DEBUG 141075 --- [Main] [http-nio-8080-exec-4] o.s.security.web.FilterChainProxy        : Secured GET /api/actividades?cursoId=1&materiaId=1
2026-01-14T18:21:43.662-05:00  INFO 141075 --- [Main] [http-nio-8080-exec-4] com.rep.config.SecurityDebugFilter       : === SECURITY DEBUG ===
2026-01-14T18:21:43.663-05:00  INFO 141075 --- [Main] [http-nio-8080-exec-4] com.rep.config.SecurityDebugFilter       : Endpoint: GET /api/actividades
2026-01-14T18:21:43.664-05:00  INFO 141075 --- [Main] [http-nio-8080-exec-4] com.rep.config.SecurityDebugFilter       : Authenticated: true
2026-01-14T18:21:43.665-05:00  INFO 141075 --- [Main] [http-nio-8080-exec-4] com.rep.config.SecurityDebugFilter       : Principal: 1
2026-01-14T18:21:43.665-05:00  INFO 141075 --- [Main] [http-nio-8080-exec-4] com.rep.config.SecurityDebugFilter       : Authorities: [PROFESOR]
2026-01-14T18:21:43.669-05:00 DEBUG 141075 --- [Main] [http-nio-8080-exec-4] o.s.web.servlet.DispatcherServlet        : GET "/api/actividades?cursoId=1&materiaId=1", parameters={masked}
2026-01-14T18:21:43.671-05:00 DEBUG 141075 --- [Main] [http-nio-8080-exec-4] s.w.s.m.m.a.RequestMappingHandlerMapping : Mapped to com.rep.controller.apis.ActividadApi#listarActividades(Long, Long, Usuario)
2026-01-14T18:21:43.716-05:00 DEBUG 141075 --- [Main] [http-nio-8080-exec-4] o.s.w.s.m.m.a.HttpEntityMethodProcessor  : Using 'application/json', given [application/json, application/*+json] and supported [application/json, application/*+json]
2026-01-14T18:21:43.718-05:00 DEBUG 141075 --- [Main] [http-nio-8080-exec-4] o.s.w.s.m.m.a.HttpEntityMethodProcessor  : Writing [[ActividadDTO(id=1, duracionMinutos=60, titulo=pruebaunitaria, tipo=EXAMEN, descripcion=, fechaEntre (truncated)...]
2026-01-14T18:21:43.725-05:00 DEBUG 141075 --- [Main] [http-nio-8080-exec-4] o.s.web.servlet.DispatcherServlet        : Completed 200 OK
2026-01-14T18:21:45.204-05:00 DEBUG 141075 --- [Main] [http-nio-8080-exec-5] o.s.security.web.FilterChainProxy        : Securing GET /api/preguntas/actividad/5
2026-01-14T18:21:45.214-05:00 DEBUG 141075 --- [Main] [http-nio-8080-exec-5] o.s.security.web.FilterChainProxy        : Secured GET /api/preguntas/actividad/5
2026-01-14T18:21:45.214-05:00  INFO 141075 --- [Main] [http-nio-8080-exec-5] com.rep.config.SecurityDebugFilter       : === SECURITY DEBUG ===
2026-01-14T18:21:45.214-05:00  INFO 141075 --- [Main] [http-nio-8080-exec-5] com.rep.config.SecurityDebugFilter       : Endpoint: GET /api/preguntas/actividad/5
2026-01-14T18:21:45.215-05:00  INFO 141075 --- [Main] [http-nio-8080-exec-5] com.rep.config.SecurityDebugFilter       : Authenticated: true
2026-01-14T18:21:45.215-05:00  INFO 141075 --- [Main] [http-nio-8080-exec-5] com.rep.config.SecurityDebugFilter       : Principal: 1
2026-01-14T18:21:45.215-05:00  INFO 141075 --- [Main] [http-nio-8080-exec-5] com.rep.config.SecurityDebugFilter       : Authorities: [PROFESOR]
2026-01-14T18:21:45.215-05:00 DEBUG 141075 --- [Main] [http-nio-8080-exec-5] o.s.web.servlet.DispatcherServlet        : GET "/api/preguntas/actividad/5", parameters={}
2026-01-14T18:21:45.215-05:00 DEBUG 141075 --- [Main] [http-nio-8080-exec-5] s.w.s.m.m.a.RequestMappingHandlerMapping : Mapped to com.rep.controller.apis.PreguntaApi#getPreguntasByActividad(Long, Usuario)
2026-01-14T18:21:45.231-05:00 DEBUG 141075 --- [Main] [http-nio-8080-exec-5] o.s.w.s.m.m.a.HttpEntityMethodProcessor  : Using 'application/json', given [application/json, application/*+json] and supported [application/json, application/*+json]
2026-01-14T18:21:45.234-05:00 DEBUG 141075 --- [Main] [http-nio-8080-exec-5] o.s.w.s.m.m.a.HttpEntityMethodProcessor  : Writing [[PreguntaResponse(id=5, enunciado=n, tipo=OPCION_MULTIPLE, opciones=[OpcionResponse(id=16, texto=hol (truncated)...]
2026-01-14T18:21:45.239-05:00 DEBUG 141075 --- [Main] [http-nio-8080-exec-5] o.s.web.servlet.DispatcherServlet        : Completed 200 OK
2026-01-14T18:23:22.879-05:00  INFO 141075 --- [Main] [SpringApplicationShutdownHook] j.LocalContainerEntityManagerFactoryBean : Closing JPA EntityManagerFactory for persistence unit 'default'
2026-01-14T18:23:22.881-05:00  INFO 141075 --- [Main] [SpringApplicationShutdownHook] com.zaxxer.hikari.HikariDataSource       : HikariPool-1 - Shutdown initiated...
2026-01-14T18:23:22.886-05:00  INFO 141075 --- [Main] [SpringApplicationShutdownHook] com.zaxxer.hikari.HikariDataSource       : HikariPool-1 - Shutdown completed.
2026-01-14T18:28:52.370-05:00  INFO 147351 --- [Main] [JavaFX-Launcher] o.s.boot.SpringApplication               : Starting application using Java 21.0.9 with PID 147351 (started by carlos in /home/carlos/Proyectos/REP)
2026-01-14T18:28:52.372-05:00  INFO 147351 --- [Main] [JavaFX-Launcher] o.s.boot.SpringApplication               : No active profile set, falling back to 1 default profile: "default"
2026-01-14T18:28:53.277-05:00  INFO 147351 --- [Main] [JavaFX-Launcher] .s.d.r.c.RepositoryConfigurationDelegate : Bootstrapping Spring Data JPA repositories in DEFAULT mode.
2026-01-14T18:28:53.295-05:00 DEBUG 147351 --- [Main] [JavaFX-Launcher] o.s.b.a.AutoConfigurationPackages        : @EnableAutoConfiguration was declared on a class in the package 'com.rep'. Automatic @Repository and @Entity scanning is enabled.
2026-01-14T18:28:53.375-05:00  INFO 147351 --- [Main] [JavaFX-Launcher] .s.d.r.c.RepositoryConfigurationDelegate : Finished Spring Data repository scanning in 91 ms. Found 15 JPA repository interfaces.
2026-01-14T18:28:53.643-05:00  INFO 147351 --- [Main] [JavaFX-Launcher] o.s.cloud.context.scope.GenericScope     : BeanFactory id=dce50521-50e1-39ca-8ff2-1f2a86c43d5a
2026-01-14T18:28:54.150-05:00  INFO 147351 --- [Main] [JavaFX-Launcher] o.s.b.w.embedded.tomcat.TomcatWebServer  : Tomcat initialized with port 8080 (http)
2026-01-14T18:28:54.158-05:00  INFO 147351 --- [Main] [JavaFX-Launcher] o.apache.catalina.core.StandardService   : Starting service [Tomcat]
2026-01-14T18:28:54.158-05:00  INFO 147351 --- [Main] [JavaFX-Launcher] o.apache.catalina.core.StandardEngine    : Starting Servlet engine: [Apache Tomcat/10.1.16]
2026-01-14T18:28:54.249-05:00  INFO 147351 --- [Main] [JavaFX-Launcher] o.a.c.c.C.[Tomcat].[localhost].[/]       : Initializing Spring embedded WebApplicationContext
2026-01-14T18:28:54.250-05:00  INFO 147351 --- [Main] [JavaFX-Launcher] w.s.c.ServletWebServerApplicationContext : Root WebApplicationContext: initialization completed in 1844 ms
2026-01-14T18:28:54.703-05:00  INFO 147351 --- [Main] [JavaFX-Launcher] o.hibernate.jpa.internal.util.LogHelper  : HHH000204: Processing PersistenceUnitInfo [name: default]
2026-01-14T18:28:54.732-05:00  INFO 147351 --- [Main] [JavaFX-Launcher] org.hibernate.Version                    : HHH000412: Hibernate ORM core version 6.3.1.Final
2026-01-14T18:28:54.751-05:00  INFO 147351 --- [Main] [JavaFX-Launcher] o.h.c.internal.RegionFactoryInitiator    : HHH000026: Second-level cache disabled
2026-01-14T18:28:54.866-05:00  INFO 147351 --- [Main] [JavaFX-Launcher] o.s.o.j.p.SpringPersistenceUnitInfo      : No LoadTimeWeaver setup: ignoring JPA class transformer
2026-01-14T18:28:54.880-05:00  INFO 147351 --- [Main] [JavaFX-Launcher] com.zaxxer.hikari.HikariDataSource       : HikariPool-1 - Starting...
2026-01-14T18:28:54.986-05:00  INFO 147351 --- [Main] [JavaFX-Launcher] com.zaxxer.hikari.pool.HikariPool        : HikariPool-1 - Added connection com.mysql.cj.jdbc.ConnectionImpl@2338679f
2026-01-14T18:28:54.989-05:00  INFO 147351 --- [Main] [JavaFX-Launcher] com.zaxxer.hikari.HikariDataSource       : HikariPool-1 - Start completed.
2026-01-14T18:28:55.027-05:00  WARN 147351 --- [Main] [JavaFX-Launcher] o.h.e.j.e.i.JdbcEnvironmentInitiator     : HHH000339: Could not obtain connection metadata: java.sql.SQLSyntaxErrorException: Unknown column 'RESERVED' in 'WHERE'
2026-01-14T18:28:55.047-05:00  WARN 147351 --- [Main] [JavaFX-Launcher] org.hibernate.orm.deprecation            : HHH90000025: MySQL8Dialect does not need to be specified explicitly using 'hibernate.dialect' (remove the property setting and it will be selected by default)
2026-01-14T18:28:55.049-05:00  WARN 147351 --- [Main] [JavaFX-Launcher] org.hibernate.orm.deprecation            : HHH90000026: MySQL8Dialect has been deprecated; use org.hibernate.dialect.MySQLDialect instead
2026-01-14T18:28:56.385-05:00  INFO 147351 --- [Main] [JavaFX-Launcher] o.h.e.t.j.p.i.JtaPlatformInitiator       : HHH000489: No JTA platform available (set 'hibernate.transaction.jta.platform' to enable JTA platform integration)
2026-01-14T18:28:56.634-05:00  INFO 147351 --- [Main] [JavaFX-Launcher] j.LocalContainerEntityManagerFactoryBean : Initialized JPA EntityManagerFactory for persistence unit 'default'
2026-01-14T18:28:57.163-05:00  INFO 147351 --- [Main] [JavaFX-Launcher] o.s.d.j.r.query.QueryEnhancerFactory     : Hibernate is in classpath; If applicable, HQL parser will be used.
2026-01-14T18:28:57.577-05:00 DEBUG 147351 --- [Main] [JavaFX-Launcher] c.rep.security.JwtAuthenticationFilter   : Filter 'jwtAuthenticationFilter' configured for use
2026-01-14T18:28:57.578-05:00 DEBUG 147351 --- [Main] [JavaFX-Launcher] o.s.w.f.ServerHttpObservationFilter      : Filter 'webMvcObservationFilter' configured for use
2026-01-14T18:28:58.490-05:00  INFO 147351 --- [Main] [JavaFX-Launcher] c.r.s.impl.EstudianteApiServiceImpl      : EstudianteApiServiceImpl inicializado con URL base: http://localhost:8080
2026-01-14T18:28:58.707-05:00  WARN 147351 --- [Main] [JavaFX-Launcher] JpaBaseConfiguration$JpaWebConfiguration : spring.jpa.open-in-view is enabled by default. Therefore, database queries may be performed during view rendering. Explicitly configure spring.jpa.open-in-view to disable this warning
2026-01-14T18:28:58.971-05:00 DEBUG 147351 --- [Main] [JavaFX-Launcher] s.w.s.m.m.a.RequestMappingHandlerMapping : 79 mappings in 'requestMappingHandlerMapping'
2026-01-14T18:28:59.128-05:00 DEBUG 147351 --- [Main] [JavaFX-Launcher] o.s.w.s.handler.SimpleUrlHandlerMapping  : Patterns [/webjars/**, /**, /swagger-ui*/*swagger-initializer.js, /swagger-ui*/**] in 'resourceHandlerMapping'
2026-01-14T18:28:59.431-05:00  INFO 147351 --- [Main] [JavaFX-Launcher] o.s.b.a.e.web.EndpointLinksResolver      : Exposing 1 endpoint(s) beneath base path '/actuator'
2026-01-14T18:28:59.506-05:00  INFO 147351 --- [Main] [JavaFX-Launcher] o.s.s.web.DefaultSecurityFilterChain     : Will secure any request with [org.springframework.security.web.session.DisableEncodeUrlFilter@5e005ad1, org.springframework.security.web.context.request.async.WebAsyncManagerIntegrationFilter@6ef6162e, org.springframework.security.web.context.SecurityContextHolderFilter@3c1acbc, org.springframework.security.web.header.HeaderWriterFilter@61147e1, org.springframework.web.filter.CorsFilter@4ac7b0dd, org.springframework.security.web.authentication.logout.LogoutFilter@3d6013ed, com.rep.security.JwtAuthenticationFilter@1c77d7f3, org.springframework.security.web.savedrequest.RequestCacheAwareFilter@335525f2, org.springframework.security.web.servletapi.SecurityContextHolderAwareRequestFilter@3fc31b7c, org.springframework.security.web.authentication.AnonymousAuthenticationFilter@569b54a6, org.springframework.security.web.session.SessionManagementFilter@70314b4f, org.springframework.security.web.access.ExceptionTranslationFilter@2a637194, org.springframework.security.web.access.intercept.AuthorizationFilter@9996622]
2026-01-14T18:28:59.618-05:00 DEBUG 147351 --- [Main] [JavaFX-Launcher] s.w.s.m.m.a.RequestMappingHandlerAdapter : ControllerAdvice beans: 0 @ModelAttribute, 0 @InitBinder, 1 RequestBodyAdvice, 1 ResponseBodyAdvice
2026-01-14T18:28:59.667-05:00 DEBUG 147351 --- [Main] [JavaFX-Launcher] .m.m.a.ExceptionHandlerExceptionResolver : ControllerAdvice beans: 2 @ExceptionHandler, 1 ResponseBodyAdvice
2026-01-14T18:29:00.048-05:00  INFO 147351 --- [Main] [JavaFX-Launcher] o.s.b.w.embedded.tomcat.TomcatWebServer  : Tomcat started on port 8080 (http) with context path ''
2026-01-14T18:29:00.062-05:00 DEBUG 147351 --- [Main] [JavaFX-Launcher] .s.b.a.l.ConditionEvaluationReportLogger : 


============================
CONDITIONS EVALUATION REPORT
============================


Positive matches:
-----------------

   AopAutoConfiguration matched:
      - @ConditionalOnProperty (spring.aop.auto=true) matched (OnPropertyCondition)

   AopAutoConfiguration.AspectJAutoProxyingConfiguration matched:
      - @ConditionalOnClass found required class 'org.aspectj.weaver.Advice' (OnClassCondition)

   AopAutoConfiguration.AspectJAutoProxyingConfiguration.CglibAutoProxyConfiguration matched:
      - @ConditionalOnProperty (spring.aop.proxy-target-class=true) matched (OnPropertyCondition)

   ApplicationAvailabilityAutoConfiguration#applicationAvailability matched:
      - @ConditionalOnMissingBean (types: org.springframework.boot.availability.ApplicationAvailability; SearchStrategy: all) did not find any beans (OnBeanCondition)

   AutoServiceRegistrationAutoConfiguration matched:
      - @ConditionalOnProperty (spring.cloud.service-registry.auto-registration.enabled) matched (OnPropertyCondition)

   AutoServiceRegistrationConfiguration matched:
      - @ConditionalOnProperty (spring.cloud.service-registry.auto-registration.enabled) matched (OnPropertyCondition)

   CacheMeterBinderProvidersConfiguration matched:
      - @ConditionalOnClass found required class 'io.micrometer.core.instrument.binder.MeterBinder' (OnClassCondition)

   CommonsClientAutoConfiguration.ActuatorConfiguration matched:
      - @ConditionalOnClass found required class 'org.springframework.boot.actuate.endpoint.annotation.Endpoint' (OnClassCondition)
      - @ConditionalOnProperty (spring.cloud.features.enabled) matched (OnPropertyCondition)

   CommonsClientAutoConfiguration.DiscoveryLoadBalancerConfiguration matched:
      - @ConditionalOnClass found required class 'org.springframework.boot.actuate.health.HealthIndicator' (OnClassCondition)
      - @ConditionalOnProperty (spring.cloud.discovery.enabled) matched; @ConditionalOnProperty (spring.cloud.discovery.blocking.enabled) matched (OnPropertyCondition)
      - @ConditionalOnBean (types: org.springframework.cloud.client.discovery.DiscoveryClient; SearchStrategy: all) found beans 'simpleDiscoveryClient', 'compositeDiscoveryClient' (OnBeanCondition)

   CommonsClientAutoConfiguration.DiscoveryLoadBalancerConfiguration#discoveryClientHealthIndicator matched:
      - @ConditionalOnProperty (spring.cloud.discovery.client.health-indicator.enabled) matched (OnPropertyCondition)

   CommonsClientAutoConfiguration.DiscoveryLoadBalancerConfiguration#discoveryCompositeHealthContributor matched:
      - @ConditionalOnProperty (spring.cloud.discovery.client.composite-indicator.enabled) matched (OnPropertyCondition)
      - @ConditionalOnBean (types: org.springframework.cloud.client.discovery.health.DiscoveryHealthIndicator; SearchStrategy: all) found bean 'discoveryClientHealthIndicator' (OnBeanCondition)

   CompatibilityVerifierAutoConfiguration matched:
      - @ConditionalOnProperty (spring.cloud.compatibility-verifier.enabled) matched (OnPropertyCondition)

   CompositeMeterRegistryAutoConfiguration matched:
      - @ConditionalOnClass found required class 'io.micrometer.core.instrument.composite.CompositeMeterRegistry' (OnClassCondition)

   ConfigurationPropertiesRebinderAutoConfiguration matched:
      - @ConditionalOnBean (types: org.springframework.boot.context.properties.ConfigurationPropertiesBindingPostProcessor; SearchStrategy: all) found bean 'org.springframework.boot.context.properties.ConfigurationPropertiesBindingPostProcessor' (OnBeanCondition)

   ConfigurationPropertiesRebinderAutoConfiguration#configurationPropertiesBeans matched:
      - @ConditionalOnMissingBean (types: org.springframework.cloud.context.properties.ConfigurationPropertiesBeans; SearchStrategy: current) did not find any beans (OnBeanCondition)

   ConfigurationPropertiesRebinderAutoConfiguration#configurationPropertiesRebinder matched:
      - @ConditionalOnMissingBean (types: org.springframework.cloud.context.properties.ConfigurationPropertiesRebinder; SearchStrategy: current) did not find any beans (OnBeanCondition)

   DataSourceAutoConfiguration matched:
      - @ConditionalOnClass found required classes 'javax.sql.DataSource', 'org.springframework.jdbc.datasource.embedded.EmbeddedDatabaseType' (OnClassCondition)
      - @ConditionalOnMissingBean (types: io.r2dbc.spi.ConnectionFactory; SearchStrategy: all) did not find any beans (OnBeanCondition)

   DataSourceAutoConfiguration.PooledDataSourceConfiguration matched:
      - AnyNestedCondition 1 matched 1 did not; NestedCondition on DataSourceAutoConfiguration.PooledDataSourceCondition.PooledDataSourceAvailable PooledDataSource found supported DataSource; NestedCondition on DataSourceAutoConfiguration.PooledDataSourceCondition.ExplicitType @ConditionalOnProperty (spring.datasource.type) did not find property 'type' (DataSourceAutoConfiguration.PooledDataSourceCondition)
      - @ConditionalOnMissingBean (types: javax.sql.DataSource,javax.sql.XADataSource; SearchStrategy: all) did not find any beans (OnBeanCondition)

   DataSourceAutoConfiguration.PooledDataSourceConfiguration#jdbcConnectionDetails matched:
      - @ConditionalOnMissingBean (types: org.springframework.boot.autoconfigure.jdbc.JdbcConnectionDetails; SearchStrategy: all) did not find any beans (OnBeanCondition)

   DataSourceConfiguration.Hikari matched:
      - @ConditionalOnClass found required class 'com.zaxxer.hikari.HikariDataSource' (OnClassCondition)
      - @ConditionalOnProperty (spring.datasource.type=com.zaxxer.hikari.HikariDataSource) matched (OnPropertyCondition)
      - @ConditionalOnMissingBean (types: javax.sql.DataSource; SearchStrategy: all) did not find any beans (OnBeanCondition)

   DataSourceHealthContributorAutoConfiguration matched:
      - @ConditionalOnClass found required classes 'org.springframework.jdbc.core.JdbcTemplate', 'org.springframework.jdbc.datasource.lookup.AbstractRoutingDataSource' (OnClassCondition)
      - @ConditionalOnEnabledHealthIndicator management.health.defaults.enabled is considered true (OnEnabledHealthIndicatorCondition)
      - @ConditionalOnBean (types: javax.sql.DataSource; SearchStrategy: all) found bean 'dataSource' (OnBeanCondition)

   DataSourceHealthContributorAutoConfiguration#dbHealthContributor matched:
      - @ConditionalOnMissingBean (names: dbHealthIndicator,dbHealthContributor; SearchStrategy: all) did not find any beans (OnBeanCondition)

   DataSourceInitializationConfiguration matched:
      - @ConditionalOnClass found required class 'org.springframework.jdbc.datasource.init.DatabasePopulator' (OnClassCondition)
      - @ConditionalOnSingleCandidate (types: javax.sql.DataSource; SearchStrategy: all) found a single bean 'dataSource'; @ConditionalOnMissingBean (types: org.springframework.boot.autoconfigure.sql.init.SqlDataSourceScriptDatabaseInitializer,org.springframework.boot.autoconfigure.sql.init.SqlR2dbcScriptDatabaseInitializer; SearchStrategy: all) did not find any beans (OnBeanCondition)

   DataSourceJmxConfiguration matched:
      - @ConditionalOnProperty (spring.jmx.enabled=true) matched (OnPropertyCondition)

   DataSourceJmxConfiguration.Hikari matched:
      - @ConditionalOnClass found required class 'com.zaxxer.hikari.HikariDataSource' (OnClassCondition)
      - @ConditionalOnSingleCandidate (types: javax.sql.DataSource; SearchStrategy: all) found a single bean 'dataSource' (OnBeanCondition)

   DataSourcePoolMetadataProvidersConfiguration.HikariPoolDataSourceMetadataProviderConfiguration matched:
      - @ConditionalOnClass found required class 'com.zaxxer.hikari.HikariDataSource' (OnClassCondition)

   DataSourcePoolMetricsAutoConfiguration matched:
      - @ConditionalOnClass found required classes 'javax.sql.DataSource', 'io.micrometer.core.instrument.MeterRegistry' (OnClassCondition)
      - @ConditionalOnBean (types: javax.sql.DataSource,io.micrometer.core.instrument.MeterRegistry; SearchStrategy: all) found beans 'simpleMeterRegistry', 'dataSource' (OnBeanCondition)

   DataSourcePoolMetricsAutoConfiguration.DataSourcePoolMetadataMetricsConfiguration matched:
      - @ConditionalOnBean (types: org.springframework.boot.jdbc.metadata.DataSourcePoolMetadataProvider; SearchStrategy: all) found bean 'hikariPoolDataSourceMetadataProvider' (OnBeanCondition)

   DataSourcePoolMetricsAutoConfiguration.HikariDataSourceMetricsConfiguration matched:
      - @ConditionalOnClass found required class 'com.zaxxer.hikari.HikariDataSource' (OnClassCondition)

   DataSourceTransactionManagerAutoConfiguration matched:
      - @ConditionalOnClass found required classes 'org.springframework.jdbc.core.JdbcTemplate', 'org.springframework.transaction.TransactionManager' (OnClassCondition)

   DataSourceTransactionManagerAutoConfiguration.JdbcTransactionManagerConfiguration matched:
      - @ConditionalOnSingleCandidate (types: javax.sql.DataSource; SearchStrategy: all) found a single bean 'dataSource' (OnBeanCondition)

   DiskSpaceHealthContributorAutoConfiguration matched:
      - @ConditionalOnEnabledHealthIndicator management.health.defaults.enabled is considered true (OnEnabledHealthIndicatorCondition)

   DiskSpaceHealthContributorAutoConfiguration#diskSpaceHealthIndicator matched:
      - @ConditionalOnMissingBean (names: diskSpaceHealthIndicator; SearchStrategy: all) did not find any beans (OnBeanCondition)

   DispatcherServletAutoConfiguration matched:
      - @ConditionalOnClass found required class 'org.springframework.web.servlet.DispatcherServlet' (OnClassCondition)
      - found 'session' scope (OnWebApplicationCondition)

   DispatcherServletAutoConfiguration.DispatcherServletConfiguration matched:
      - @ConditionalOnClass found required class 'jakarta.servlet.ServletRegistration' (OnClassCondition)
      - Default DispatcherServlet did not find dispatcher servlet beans (DispatcherServletAutoConfiguration.DefaultDispatcherServletCondition)

   DispatcherServletAutoConfiguration.DispatcherServletRegistrationConfiguration matched:
      - @ConditionalOnClass found required class 'jakarta.servlet.ServletRegistration' (OnClassCondition)
      - DispatcherServlet Registration did not find servlet registration bean (DispatcherServletAutoConfiguration.DispatcherServletRegistrationCondition)

   DispatcherServletAutoConfiguration.DispatcherServletRegistrationConfiguration#dispatcherServletRegistration matched:
      - @ConditionalOnBean (names: dispatcherServlet types: org.springframework.web.servlet.DispatcherServlet; SearchStrategy: all) found bean 'dispatcherServlet' (OnBeanCondition)

   EmbeddedWebServerFactoryCustomizerAutoConfiguration matched:
      - @ConditionalOnWebApplication (required) found 'session' scope (OnWebApplicationCondition)
      - @ConditionalOnWarDeployment the application is not deployed as a WAR file. (OnWarDeploymentCondition)

   EmbeddedWebServerFactoryCustomizerAutoConfiguration.TomcatWebServerFactoryCustomizerConfiguration matched:
      - @ConditionalOnClass found required classes 'org.apache.catalina.startup.Tomcat', 'org.apache.coyote.UpgradeProtocol' (OnClassCondition)

   EndpointAutoConfiguration#endpointCachingOperationInvokerAdvisor matched:
      - @ConditionalOnMissingBean (types: org.springframework.boot.actuate.endpoint.invoker.cache.CachingOperationInvokerAdvisor; SearchStrategy: all) did not find any beans (OnBeanCondition)

   EndpointAutoConfiguration#endpointOperationParameterMapper matched:
      - @ConditionalOnMissingBean (types: org.springframework.boot.actuate.endpoint.invoke.ParameterValueMapper; SearchStrategy: all) did not find any beans (OnBeanCondition)

   ErrorMvcAutoConfiguration matched:
      - @ConditionalOnClass found required classes 'jakarta.servlet.Servlet', 'org.springframework.web.servlet.DispatcherServlet' (OnClassCondition)
      - found 'session' scope (OnWebApplicationCondition)

   ErrorMvcAutoConfiguration#basicErrorController matched:
      - @ConditionalOnMissingBean (types: org.springframework.boot.web.servlet.error.ErrorController; SearchStrategy: current) did not find any beans (OnBeanCondition)

   ErrorMvcAutoConfiguration#errorAttributes matched:
      - @ConditionalOnMissingBean (types: org.springframework.boot.web.servlet.error.ErrorAttributes; SearchStrategy: current) did not find any beans (OnBeanCondition)

   ErrorMvcAutoConfiguration.DefaultErrorViewResolverConfiguration#conventionErrorViewResolver matched:
      - @ConditionalOnBean (types: org.springframework.web.servlet.DispatcherServlet; SearchStrategy: all) found bean 'dispatcherServlet'; @ConditionalOnMissingBean (types: org.springframework.boot.autoconfigure.web.servlet.error.ErrorViewResolver; SearchStrategy: all) did not find any beans (OnBeanCondition)

   ErrorMvcAutoConfiguration.WhitelabelErrorViewConfiguration matched:
      - @ConditionalOnProperty (server.error.whitelabel.enabled) matched (OnPropertyCondition)
      - ErrorTemplate Missing did not find error template view (ErrorMvcAutoConfiguration.ErrorTemplateMissingCondition)

   ErrorMvcAutoConfiguration.WhitelabelErrorViewConfiguration#beanNameViewResolver matched:
      - @ConditionalOnMissingBean (types: org.springframework.web.servlet.view.BeanNameViewResolver; SearchStrategy: all) did not find any beans (OnBeanCondition)

   ErrorMvcAutoConfiguration.WhitelabelErrorViewConfiguration#defaultErrorView matched:
      - @ConditionalOnMissingBean (names: error; SearchStrategy: all) did not find any beans (OnBeanCondition)

   FeignAutoConfiguration matched:
      - @ConditionalOnClass found required class 'feign.Feign' (OnClassCondition)

   FeignAutoConfiguration.DefaultFeignTargeterConfiguration matched:
      - AnyNestedCondition 1 matched 1 did not; NestedCondition on FeignCircuitBreakerDisabledConditions.CircuitBreakerDisabled @ConditionalOnProperty (spring.cloud.openfeign.circuitbreaker.enabled=false) matched; NestedCondition on FeignCircuitBreakerDisabledConditions.CircuitBreakerClassMissing @ConditionalOnMissingClass found unwanted class 'org.springframework.cloud.client.circuitbreaker.CircuitBreaker' (FeignCircuitBreakerDisabledConditions)

   FeignAutoConfiguration.DefaultFeignTargeterConfiguration#feignTargeter matched:
      - @ConditionalOnMissingBean (types: org.springframework.cloud.openfeign.Targeter; SearchStrategy: all) did not find any beans (OnBeanCondition)

   FeignAutoConfiguration.FeignJacksonConfiguration matched:
      - @ConditionalOnClass found required classes 'com.fasterxml.jackson.databind.Module', 'org.springframework.data.domain.Page', 'org.springframework.data.domain.Sort' (OnClassCondition)
      - @ConditionalOnProperty (spring.cloud.openfeign.autoconfiguration.jackson.enabled=true) matched (OnPropertyCondition)

   FeignAutoConfiguration.FeignJacksonConfiguration#pageJacksonModule matched:
      - @ConditionalOnMissingBean (types: org.springframework.cloud.openfeign.support.PageJacksonModule; SearchStrategy: all) did not find any beans (OnBeanCondition)

   FeignAutoConfiguration.FeignJacksonConfiguration#sortModule matched:
      - @ConditionalOnMissingBean (types: org.springframework.cloud.openfeign.support.SortJacksonModule; SearchStrategy: all) did not find any beans (OnBeanCondition)

   GenericCacheConfiguration matched:
      - Cache org.springframework.boot.autoconfigure.cache.GenericCacheConfiguration automatic cache type (CacheCondition)

   HealthContributorAutoConfiguration#pingHealthContributor matched:
      - @ConditionalOnEnabledHealthIndicator management.health.defaults.enabled is considered true (OnEnabledHealthIndicatorCondition)

   HealthEndpointAutoConfiguration matched:
      - @ConditionalOnAvailableEndpoint marked as exposed by a 'management.endpoints.web.exposure' property (OnAvailableEndpointCondition)

   HealthEndpointConfiguration#healthContributorRegistry matched:
      - @ConditionalOnMissingBean (types: org.springframework.boot.actuate.health.HealthContributorRegistry; SearchStrategy: all) did not find any beans (OnBeanCondition)

   HealthEndpointConfiguration#healthEndpoint matched:
      - @ConditionalOnMissingBean (types: org.springframework.boot.actuate.health.HealthEndpoint; SearchStrategy: all) did not find any beans (OnBeanCondition)

   HealthEndpointConfiguration#healthEndpointGroupMembershipValidator matched:
      - @ConditionalOnProperty (management.endpoint.health.validate-group-membership=true) matched (OnPropertyCondition)

   HealthEndpointConfiguration#healthEndpointGroups matched:
      - @ConditionalOnMissingBean (types: org.springframework.boot.actuate.health.HealthEndpointGroups; SearchStrategy: all) did not find any beans (OnBeanCondition)

   HealthEndpointConfiguration#healthHttpCodeStatusMapper matched:
      - @ConditionalOnMissingBean (types: org.springframework.boot.actuate.health.HttpCodeStatusMapper; SearchStrategy: all) did not find any beans (OnBeanCondition)

   HealthEndpointConfiguration#healthStatusAggregator matched:
      - @ConditionalOnMissingBean (types: org.springframework.boot.actuate.health.StatusAggregator; SearchStrategy: all) did not find any beans (OnBeanCondition)

   HealthEndpointWebExtensionConfiguration matched:
      - found 'session' scope (OnWebApplicationCondition)
      - @ConditionalOnAvailableEndpoint marked as exposed by a 'management.endpoints.web.exposure' property (OnAvailableEndpointCondition)
      - @ConditionalOnBean (types: org.springframework.boot.actuate.health.HealthEndpoint; SearchStrategy: all) found bean 'healthEndpoint' (OnBeanCondition)

   HealthEndpointWebExtensionConfiguration#healthEndpointWebExtension matched:
      - @ConditionalOnMissingBean (types: org.springframework.boot.actuate.health.HealthEndpointWebExtension; SearchStrategy: all) did not find any beans (OnBeanCondition)

   HealthEndpointWebExtensionConfiguration.MvcAdditionalHealthEndpointPathsConfiguration matched:
      - @ConditionalOnAvailableEndpoint marked as exposed by a 'management.endpoints.web.exposure' property (OnAvailableEndpointCondition)
      - @ConditionalOnBean (types: org.springframework.web.servlet.DispatcherServlet; SearchStrategy: all) found bean 'dispatcherServlet' (OnBeanCondition)

   HibernateJpaAutoConfiguration matched:
      - @ConditionalOnClass found required classes 'org.springframework.orm.jpa.LocalContainerEntityManagerFactoryBean', 'jakarta.persistence.EntityManager', 'org.hibernate.engine.spi.SessionImplementor' (OnClassCondition)

   HibernateJpaConfiguration matched:
      - @ConditionalOnSingleCandidate (types: javax.sql.DataSource; SearchStrategy: all) found a single bean 'dataSource' (OnBeanCondition)

   HttpClientObservationsAutoConfiguration matched:
      - @ConditionalOnClass found required class 'io.micrometer.observation.Observation' (OnClassCondition)
      - @ConditionalOnBean (types: io.micrometer.observation.ObservationRegistry; SearchStrategy: all) found bean 'observationRegistry' (OnBeanCondition)

   HttpClientObservationsAutoConfiguration.MeterFilterConfiguration matched:
      - @ConditionalOnClass found required class 'io.micrometer.core.instrument.MeterRegistry' (OnClassCondition)
      - @ConditionalOnBean (types: io.micrometer.core.instrument.MeterRegistry; SearchStrategy: all) found bean 'simpleMeterRegistry' (OnBeanCondition)

   HttpEncodingAutoConfiguration matched:
      - @ConditionalOnClass found required class 'org.springframework.web.filter.CharacterEncodingFilter' (OnClassCondition)
      - found 'session' scope (OnWebApplicationCondition)
      - @ConditionalOnProperty (server.servlet.encoding.enabled) matched (OnPropertyCondition)

   HttpEncodingAutoConfiguration#characterEncodingFilter matched:
      - @ConditionalOnMissingBean (types: org.springframework.web.filter.CharacterEncodingFilter; SearchStrategy: all) did not find any beans (OnBeanCondition)

   HttpMessageConvertersAutoConfiguration matched:
      - @ConditionalOnClass found required class 'org.springframework.http.converter.HttpMessageConverter' (OnClassCondition)
      - NoneNestedConditions 0 matched 1 did not; NestedCondition on HttpMessageConvertersAutoConfiguration.NotReactiveWebApplicationCondition.ReactiveWebApplication did not find reactive web application classes (HttpMessageConvertersAutoConfiguration.NotReactiveWebApplicationCondition)

   HttpMessageConvertersAutoConfiguration#messageConverters matched:
      - @ConditionalOnMissingBean (types: org.springframework.boot.autoconfigure.http.HttpMessageConverters; SearchStrategy: all) did not find any beans (OnBeanCondition)

   HttpMessageConvertersAutoConfiguration.StringHttpMessageConverterConfiguration matched:
      - @ConditionalOnClass found required class 'org.springframework.http.converter.StringHttpMessageConverter' (OnClassCondition)

   HttpMessageConvertersAutoConfiguration.StringHttpMessageConverterConfiguration#stringHttpMessageConverter matched:
      - @ConditionalOnMissingBean (types: org.springframework.http.converter.StringHttpMessageConverter; SearchStrategy: all) did not find any beans (OnBeanCondition)

   JacksonAutoConfiguration matched:
      - @ConditionalOnClass found required class 'com.fasterxml.jackson.databind.ObjectMapper' (OnClassCondition)

   JacksonAutoConfiguration.Jackson2ObjectMapperBuilderCustomizerConfiguration matched:
      - @ConditionalOnClass found required class 'org.springframework.http.converter.json.Jackson2ObjectMapperBuilder' (OnClassCondition)

   JacksonAutoConfiguration.JacksonObjectMapperBuilderConfiguration matched:
      - @ConditionalOnClass found required class 'org.springframework.http.converter.json.Jackson2ObjectMapperBuilder' (OnClassCondition)

   JacksonAutoConfiguration.JacksonObjectMapperBuilderConfiguration#jacksonObjectMapperBuilder matched:
      - @ConditionalOnMissingBean (types: org.springframework.http.converter.json.Jackson2ObjectMapperBuilder; SearchStrategy: all) did not find any beans (OnBeanCondition)

   JacksonAutoConfiguration.JacksonObjectMapperConfiguration matched:
      - @ConditionalOnClass found required class 'org.springframework.http.converter.json.Jackson2ObjectMapperBuilder' (OnClassCondition)

   JacksonAutoConfiguration.JacksonObjectMapperConfiguration#jacksonObjectMapper matched:
      - @ConditionalOnMissingBean (types: com.fasterxml.jackson.databind.ObjectMapper; SearchStrategy: all) did not find any beans (OnBeanCondition)

   JacksonAutoConfiguration.ParameterNamesModuleConfiguration matched:
      - @ConditionalOnClass found required class 'com.fasterxml.jackson.module.paramnames.ParameterNamesModule' (OnClassCondition)

   JacksonAutoConfiguration.ParameterNamesModuleConfiguration#parameterNamesModule matched:
      - @ConditionalOnMissingBean (types: com.fasterxml.jackson.module.paramnames.ParameterNamesModule; SearchStrategy: all) did not find any beans (OnBeanCondition)

   JacksonEndpointAutoConfiguration#endpointObjectMapper matched:
      - @ConditionalOnClass found required classes 'com.fasterxml.jackson.databind.ObjectMapper', 'org.springframework.http.converter.json.Jackson2ObjectMapperBuilder' (OnClassCondition)
      - @ConditionalOnProperty (management.endpoints.jackson.isolated-object-mapper) matched (OnPropertyCondition)

   JacksonHttpMessageConvertersConfiguration.MappingJackson2HttpMessageConverterConfiguration matched:
      - @ConditionalOnClass found required class 'com.fasterxml.jackson.databind.ObjectMapper' (OnClassCondition)
      - @ConditionalOnProperty (spring.mvc.converters.preferred-json-mapper=jackson) matched (OnPropertyCondition)
      - @ConditionalOnBean (types: com.fasterxml.jackson.databind.ObjectMapper; SearchStrategy: all) found bean 'jacksonObjectMapper' (OnBeanCondition)

   JacksonHttpMessageConvertersConfiguration.MappingJackson2HttpMessageConverterConfiguration#mappingJackson2HttpMessageConverter matched:
      - @ConditionalOnMissingBean (types: org.springframework.http.converter.json.MappingJackson2HttpMessageConverter ignored: org.springframework.hateoas.server.mvc.TypeConstrainedMappingJackson2HttpMessageConverter,org.springframework.data.rest.webmvc.alps.AlpsJsonHttpMessageConverter; SearchStrategy: all) did not find any beans (OnBeanCondition)

   JdbcClientAutoConfiguration matched:
      - @ConditionalOnSingleCandidate (types: org.springframework.jdbc.core.namedparam.NamedParameterJdbcTemplate; SearchStrategy: all) found a single bean 'namedParameterJdbcTemplate'; @ConditionalOnMissingBean (types: org.springframework.jdbc.core.simple.JdbcClient; SearchStrategy: all) did not find any beans (OnBeanCondition)

   JdbcTemplateAutoConfiguration matched:
      - @ConditionalOnClass found required classes 'javax.sql.DataSource', 'org.springframework.jdbc.core.JdbcTemplate' (OnClassCondition)
      - @ConditionalOnSingleCandidate (types: javax.sql.DataSource; SearchStrategy: all) found a single bean 'dataSource' (OnBeanCondition)

   JdbcTemplateConfiguration matched:
      - @ConditionalOnMissingBean (types: org.springframework.jdbc.core.JdbcOperations; SearchStrategy: all) did not find any beans (OnBeanCondition)

   JpaBaseConfiguration#entityManagerFactory matched:
      - @ConditionalOnMissingBean (types: org.springframework.orm.jpa.LocalContainerEntityManagerFactoryBean,jakarta.persistence.EntityManagerFactory; SearchStrategy: all) did not find any beans (OnBeanCondition)

   JpaBaseConfiguration#entityManagerFactoryBuilder matched:
      - @ConditionalOnMissingBean (types: org.springframework.boot.orm.jpa.EntityManagerFactoryBuilder; SearchStrategy: all) did not find any beans (OnBeanCondition)

   JpaBaseConfiguration#jpaVendorAdapter matched:
      - @ConditionalOnMissingBean (types: org.springframework.orm.jpa.JpaVendorAdapter; SearchStrategy: all) did not find any beans (OnBeanCondition)

   JpaBaseConfiguration#transactionManager matched:
      - @ConditionalOnMissingBean (types: org.springframework.transaction.TransactionManager; SearchStrategy: all) did not find any beans (OnBeanCondition)

   JpaBaseConfiguration.JpaWebConfiguration matched:
      - @ConditionalOnClass found required class 'org.springframework.web.servlet.config.annotation.WebMvcConfigurer' (OnClassCondition)
      - found 'session' scope (OnWebApplicationCondition)
      - @ConditionalOnProperty (spring.jpa.open-in-view=true) matched (OnPropertyCondition)
      - @ConditionalOnMissingBean (types: org.springframework.orm.jpa.support.OpenEntityManagerInViewInterceptor,org.springframework.orm.jpa.support.OpenEntityManagerInViewFilter; SearchStrategy: all) did not find any beans (OnBeanCondition)

   JpaBaseConfiguration.PersistenceManagedTypesConfiguration matched:
      - @ConditionalOnMissingBean (types: org.springframework.orm.jpa.LocalContainerEntityManagerFactoryBean,jakarta.persistence.EntityManagerFactory; SearchStrategy: all) did not find any beans (OnBeanCondition)

   JpaBaseConfiguration.PersistenceManagedTypesConfiguration#persistenceManagedTypes matched:
      - @ConditionalOnMissingBean (types: org.springframework.orm.jpa.persistenceunit.PersistenceManagedTypes; SearchStrategy: all) did not find any beans (OnBeanCondition)

   JpaRepositoriesAutoConfiguration matched:
      - @ConditionalOnClass found required class 'org.springframework.data.jpa.repository.JpaRepository' (OnClassCondition)
      - @ConditionalOnProperty (spring.data.jpa.repositories.enabled=true) matched (OnPropertyCondition)
      - @ConditionalOnBean (types: javax.sql.DataSource; SearchStrategy: all) found bean 'dataSource'; @ConditionalOnMissingBean (types: org.springframework.data.jpa.repository.support.JpaRepositoryFactoryBean,org.springframework.data.jpa.repository.config.JpaRepositoryConfigExtension; SearchStrategy: all) did not find any beans (OnBeanCondition)

   JtaAutoConfiguration matched:
      - @ConditionalOnClass found required class 'jakarta.transaction.Transaction' (OnClassCondition)
      - @ConditionalOnProperty (spring.jta.enabled) matched (OnPropertyCondition)

   JvmMetricsAutoConfiguration matched:
      - @ConditionalOnClass found required class 'io.micrometer.core.instrument.MeterRegistry' (OnClassCondition)
      - @ConditionalOnBean (types: io.micrometer.core.instrument.MeterRegistry; SearchStrategy: all) found bean 'simpleMeterRegistry' (OnBeanCondition)

   JvmMetricsAutoConfiguration#classLoaderMetrics matched:
      - @ConditionalOnMissingBean (types: io.micrometer.core.instrument.binder.jvm.ClassLoaderMetrics; SearchStrategy: all) did not find any beans (OnBeanCondition)

   JvmMetricsAutoConfiguration#jvmCompilationMetrics matched:
      - @ConditionalOnMissingBean (types: io.micrometer.core.instrument.binder.jvm.JvmCompilationMetrics; SearchStrategy: all) did not find any beans (OnBeanCondition)

   JvmMetricsAutoConfiguration#jvmGcMetrics matched:
      - @ConditionalOnMissingBean (types: io.micrometer.core.instrument.binder.jvm.JvmGcMetrics; SearchStrategy: all) did not find any beans (OnBeanCondition)

   JvmMetricsAutoConfiguration#jvmHeapPressureMetrics matched:
      - @ConditionalOnMissingBean (types: io.micrometer.core.instrument.binder.jvm.JvmHeapPressureMetrics; SearchStrategy: all) did not find any beans (OnBeanCondition)

   JvmMetricsAutoConfiguration#jvmInfoMetrics matched:
      - @ConditionalOnMissingBean (types: io.micrometer.core.instrument.binder.jvm.JvmInfoMetrics; SearchStrategy: all) did not find any beans (OnBeanCondition)

   JvmMetricsAutoConfiguration#jvmMemoryMetrics matched:
      - @ConditionalOnMissingBean (types: io.micrometer.core.instrument.binder.jvm.JvmMemoryMetrics; SearchStrategy: all) did not find any beans (OnBeanCondition)

   JvmMetricsAutoConfiguration#jvmThreadMetrics matched:
      - @ConditionalOnMissingBean (types: io.micrometer.core.instrument.binder.jvm.JvmThreadMetrics; SearchStrategy: all) did not find any beans (OnBeanCondition)

   LifecycleAutoConfiguration#defaultLifecycleProcessor matched:
      - @ConditionalOnMissingBean (names: lifecycleProcessor; SearchStrategy: current) did not find any beans (OnBeanCondition)

   LifecycleMvcEndpointAutoConfiguration#environmentManager matched:
      - @ConditionalOnMissingBean (types: org.springframework.cloud.context.environment.EnvironmentManager; SearchStrategy: all) did not find any beans (OnBeanCondition)

   LogbackMetricsAutoConfiguration matched:
      - @ConditionalOnClass found required classes 'io.micrometer.core.instrument.MeterRegistry', 'ch.qos.logback.classic.LoggerContext', 'org.slf4j.LoggerFactory' (OnClassCondition)
      - LogbackLoggingCondition ILoggerFactory is a Logback LoggerContext (LogbackMetricsAutoConfiguration.LogbackLoggingCondition)
      - @ConditionalOnBean (types: io.micrometer.core.instrument.MeterRegistry; SearchStrategy: all) found bean 'simpleMeterRegistry' (OnBeanCondition)

   LogbackMetricsAutoConfiguration#logbackMetrics matched:
      - @ConditionalOnMissingBean (types: io.micrometer.core.instrument.binder.logging.LogbackMetrics; SearchStrategy: all) did not find any beans (OnBeanCondition)

   ManagementContextAutoConfiguration.SameManagementContextConfiguration matched:
      - Management Port actual port type (SAME) matched required type (OnManagementPortCondition)

   MetricsAspectsAutoConfiguration matched:
      - @ConditionalOnClass found required classes 'io.micrometer.core.instrument.MeterRegistry', 'org.aspectj.weaver.Advice' (OnClassCondition)
      - @ConditionalOnBean (types: io.micrometer.core.instrument.MeterRegistry; SearchStrategy: all) found bean 'simpleMeterRegistry' (OnBeanCondition)

   MetricsAspectsAutoConfiguration#countedAspect matched:
      - @ConditionalOnMissingBean (types: io.micrometer.core.aop.CountedAspect; SearchStrategy: all) did not find any beans (OnBeanCondition)

   MetricsAspectsAutoConfiguration#timedAspect matched:
      - @ConditionalOnMissingBean (types: io.micrometer.core.aop.TimedAspect; SearchStrategy: all) did not find any beans (OnBeanCondition)

   MetricsAutoConfiguration matched:
      - @ConditionalOnClass found required class 'io.micrometer.core.annotation.Timed' (OnClassCondition)

   MetricsAutoConfiguration#micrometerClock matched:
      - @ConditionalOnMissingBean (types: io.micrometer.core.instrument.Clock; SearchStrategy: all) did not find any beans (OnBeanCondition)

   MultipartAutoConfiguration matched:
      - @ConditionalOnClass found required classes 'jakarta.servlet.Servlet', 'org.springframework.web.multipart.support.StandardServletMultipartResolver', 'jakarta.servlet.MultipartConfigElement' (OnClassCondition)
      - found 'session' scope (OnWebApplicationCondition)
      - @ConditionalOnProperty (spring.servlet.multipart.enabled) matched (OnPropertyCondition)

   MultipartAutoConfiguration#multipartConfigElement matched:
      - @ConditionalOnMissingBean (types: jakarta.servlet.MultipartConfigElement; SearchStrategy: all) did not find any beans (OnBeanCondition)

   MultipartAutoConfiguration#multipartResolver matched:
      - @ConditionalOnMissingBean (types: org.springframework.web.multipart.MultipartResolver; SearchStrategy: all) did not find any beans (OnBeanCondition)

   NamedParameterJdbcTemplateConfiguration matched:
      - @ConditionalOnSingleCandidate (types: org.springframework.jdbc.core.JdbcTemplate; SearchStrategy: all) found a single bean 'jdbcTemplate'; @ConditionalOnMissingBean (types: org.springframework.jdbc.core.namedparam.NamedParameterJdbcOperations; SearchStrategy: all) did not find any beans (OnBeanCondition)

   NoOpCacheConfiguration matched:
      - Cache org.springframework.boot.autoconfigure.cache.NoOpCacheConfiguration automatic cache type (CacheCondition)

   ObservationAutoConfiguration matched:
      - @ConditionalOnClass found required class 'io.micrometer.observation.ObservationRegistry' (OnClassCondition)

   ObservationAutoConfiguration#observationRegistry matched:
      - @ConditionalOnMissingBean (types: io.micrometer.observation.ObservationRegistry; SearchStrategy: all) did not find any beans (OnBeanCondition)

   ObservationAutoConfiguration.MeterObservationHandlerConfiguration matched:
      - @ConditionalOnBean (types: io.micrometer.core.instrument.MeterRegistry; SearchStrategy: all) found bean 'simpleMeterRegistry'; @ConditionalOnMissingBean (types: io.micrometer.core.instrument.observation.MeterObservationHandler; SearchStrategy: all) did not find any beans (OnBeanCondition)

   ObservationAutoConfiguration.MeterObservationHandlerConfiguration.OnlyMetricsMeterObservationHandlerConfiguration matched:
      - @ConditionalOnMissingBean (types: io.micrometer.tracing.Tracer; SearchStrategy: all) did not find any beans (OnBeanCondition)

   ObservationAutoConfiguration.ObservedAspectConfiguration matched:
      - @ConditionalOnClass found required class 'org.aspectj.weaver.Advice' (OnClassCondition)

   ObservationAutoConfiguration.ObservedAspectConfiguration#observedAspect matched:
      - @ConditionalOnMissingBean (types: io.micrometer.observation.aop.ObservedAspect; SearchStrategy: all) did not find any beans (OnBeanCondition)

   ObservationAutoConfiguration.OnlyMetricsConfiguration matched:
      - @ConditionalOnClass found required class 'io.micrometer.core.instrument.MeterRegistry'; @ConditionalOnMissingClass did not find unwanted class 'io.micrometer.tracing.Tracer' (OnClassCondition)

   PersistenceExceptionTranslationAutoConfiguration matched:
      - @ConditionalOnClass found required class 'org.springframework.dao.annotation.PersistenceExceptionTranslationPostProcessor' (OnClassCondition)

   PersistenceExceptionTranslationAutoConfiguration#persistenceExceptionTranslationPostProcessor matched:
      - @ConditionalOnProperty (spring.dao.exceptiontranslation.enabled) matched (OnPropertyCondition)
      - @ConditionalOnMissingBean (types: org.springframework.dao.annotation.PersistenceExceptionTranslationPostProcessor; SearchStrategy: all) did not find any beans (OnBeanCondition)

   PropertyPlaceholderAutoConfiguration#propertySourcesPlaceholderConfigurer matched:
      - @ConditionalOnMissingBean (types: org.springframework.context.support.PropertySourcesPlaceholderConfigurer; SearchStrategy: current) did not find any beans (OnBeanCondition)

   RefreshAutoConfiguration matched:
      - @ConditionalOnClass found required class 'org.springframework.cloud.context.scope.refresh.RefreshScope' (OnClassCondition)
      - @ConditionalOnProperty (spring.cloud.refresh.enabled) matched (OnPropertyCondition)

   RefreshAutoConfiguration#configDataContextRefresher matched:
      - @ConditionalOnMissingBean (types: org.springframework.cloud.context.refresh.ConfigDataContextRefresher; SearchStrategy: all) did not find any beans (OnBeanCondition)
      - NoneNestedConditions 0 matched 3 did not; NestedCondition on ConditionalOnBootstrapDisabled.OnBootstrapDisabledCondition.OnBootstrapEnabled @ConditionalOnProperty (spring.cloud.bootstrap.enabled) did not find property 'spring.cloud.bootstrap.enabled'; NestedCondition on ConditionalOnBootstrapDisabled.OnBootstrapDisabledCondition.OnUseLegacyProcessingEnabled @ConditionalOnProperty (spring.config.use-legacy-processing) did not find property 'spring.config.use-legacy-processing'; NestedCondition on ConditionalOnBootstrapDisabled.OnBootstrapDisabledCondition.OnBootstrapMarkerClassPresent @ConditionalOnClass did not find required class 'org.springframework.cloud.bootstrap.marker.Marker' (ConditionalOnBootstrapDisabled.OnBootstrapDisabledCondition)

   RefreshAutoConfiguration#loggingRebinder matched:
      - @ConditionalOnMissingBean (types: org.springframework.cloud.logging.LoggingRebinder; SearchStrategy: all) did not find any beans (OnBeanCondition)

   RefreshAutoConfiguration#refreshScope matched:
      - @ConditionalOnMissingBean (types: org.springframework.cloud.context.scope.refresh.RefreshScope; SearchStrategy: all) did not find any beans (OnBeanCondition)

   RefreshAutoConfiguration#refreshScopeLifecycle matched:
      - @ConditionalOnProperty (spring.cloud.refresh.on-restart.enabled) matched (OnPropertyCondition)

   RefreshEndpointAutoConfiguration matched:
      - @ConditionalOnClass found required classes 'org.springframework.boot.actuate.autoconfigure.endpoint.EndpointAutoConfiguration', 'org.springframework.boot.actuate.health.Health' (OnClassCondition)

   RefreshEndpointAutoConfiguration#refreshScopeHealthIndicator matched:
      - @ConditionalOnMissingBean (types: org.springframework.cloud.health.RefreshScopeHealthIndicator; SearchStrategy: all) did not find any beans (OnBeanCondition)
      - @ConditionalOnEnabledHealthIndicator management.health.defaults.enabled is considered true (OnEnabledHealthIndicatorCondition)

   RepositoryMetricsAutoConfiguration matched:
      - @ConditionalOnClass found required class 'org.springframework.data.repository.Repository' (OnClassCondition)
      - @ConditionalOnBean (types: io.micrometer.core.instrument.MeterRegistry; SearchStrategy: all) found bean 'simpleMeterRegistry' (OnBeanCondition)

   RepositoryMetricsAutoConfiguration#metricsRepositoryMethodInvocationListener matched:
      - @ConditionalOnMissingBean (types: org.springframework.boot.actuate.metrics.data.MetricsRepositoryMethodInvocationListener; SearchStrategy: all) did not find any beans (OnBeanCondition)

   RepositoryMetricsAutoConfiguration#repositoryTagsProvider matched:
      - @ConditionalOnMissingBean (types: org.springframework.boot.actuate.metrics.data.RepositoryTagsProvider; SearchStrategy: all) did not find any beans (OnBeanCondition)

   ResourceServerTokenRelayAutoConfiguration matched:
      - @ConditionalOnClass found required class 'org.springframework.web.servlet.config.annotation.WebMvcConfigurer' (OnClassCondition)
      - found 'session' scope (OnWebApplicationCondition)
      - @ConditionalOnProperty (spring.cloud.mvc.token-relay.enabled) matched (OnPropertyCondition)

   RestClientAutoConfiguration matched:
      - @ConditionalOnClass found required class 'org.springframework.web.client.RestClient' (OnClassCondition)
      - NoneNestedConditions 0 matched 1 did not; NestedCondition on NotReactiveWebApplicationCondition.ReactiveWebApplication did not find reactive web application classes (NotReactiveWebApplicationCondition)

   RestClientAutoConfiguration#httpMessageConvertersRestClientCustomizer matched:
      - @ConditionalOnMissingBean (types: org.springframework.boot.autoconfigure.web.client.HttpMessageConvertersRestClientCustomizer; SearchStrategy: all) did not find any beans (OnBeanCondition)

   RestClientAutoConfiguration#restClientBuilder matched:
      - @ConditionalOnMissingBean (types: org.springframework.web.client.RestClient$Builder; SearchStrategy: all) did not find any beans (OnBeanCondition)

   RestClientAutoConfiguration#restClientBuilderConfigurer matched:
      - @ConditionalOnMissingBean (types: org.springframework.boot.autoconfigure.web.client.RestClientBuilderConfigurer; SearchStrategy: all) did not find any beans (OnBeanCondition)

   RestClientAutoConfiguration#restClientSsl matched:
      - @ConditionalOnBean (types: org.springframework.boot.ssl.SslBundles; SearchStrategy: all) found bean 'sslBundleRegistry'; @ConditionalOnMissingBean (types: org.springframework.boot.autoconfigure.web.client.RestClientSsl; SearchStrategy: all) did not find any beans (OnBeanCondition)

   RestClientObservationConfiguration matched:
      - @ConditionalOnClass found required class 'org.springframework.web.client.RestClient' (OnClassCondition)
      - @ConditionalOnBean (types: org.springframework.web.client.RestClient$Builder; SearchStrategy: all) found bean 'restClientBuilder' (OnBeanCondition)

   RestTemplateAutoConfiguration matched:
      - @ConditionalOnClass found required class 'org.springframework.web.client.RestTemplate' (OnClassCondition)
      - NoneNestedConditions 0 matched 1 did not; NestedCondition on NotReactiveWebApplicationCondition.ReactiveWebApplication did not find reactive web application classes (NotReactiveWebApplicationCondition)

   RestTemplateAutoConfiguration#restTemplateBuilder matched:
      - @ConditionalOnMissingBean (types: org.springframework.boot.web.client.RestTemplateBuilder; SearchStrategy: all) did not find any beans (OnBeanCondition)

   RestTemplateObservationConfiguration matched:
      - @ConditionalOnClass found required class 'org.springframework.web.client.RestTemplate' (OnClassCondition)
      - @ConditionalOnBean (types: org.springframework.boot.web.client.RestTemplateBuilder; SearchStrategy: all) found bean 'restTemplateBuilder' (OnBeanCondition)

   RestartEndpointWithoutIntegrationConfiguration matched:
      - @ConditionalOnMissingClass did not find unwanted class 'org.springframework.integration.monitor.IntegrationMBeanExporter' (OnClassCondition)

   ScheduledTasksObservabilityAutoConfiguration matched:
      - @ConditionalOnClass found required class 'org.springframework.scheduling.concurrent.ThreadPoolTaskScheduler' (OnClassCondition)
      - @ConditionalOnBean (types: io.micrometer.observation.ObservationRegistry; SearchStrategy: all) found bean 'observationRegistry' (OnBeanCondition)

   SecurityAutoConfiguration matched:
      - @ConditionalOnClass found required class 'org.springframework.security.authentication.DefaultAuthenticationEventPublisher' (OnClassCondition)

   SecurityAutoConfiguration#authenticationEventPublisher matched:
      - @ConditionalOnMissingBean (types: org.springframework.security.authentication.AuthenticationEventPublisher; SearchStrategy: all) did not find any beans (OnBeanCondition)

   SecurityFilterAutoConfiguration matched:
      - @ConditionalOnClass found required classes 'org.springframework.security.web.context.AbstractSecurityWebApplicationInitializer', 'org.springframework.security.config.http.SessionCreationPolicy' (OnClassCondition)
      - found 'session' scope (OnWebApplicationCondition)

   SecurityFilterAutoConfiguration#securityFilterChainRegistration matched:
      - @ConditionalOnBean (names: springSecurityFilterChain; SearchStrategy: all) found bean 'springSecurityFilterChain' (OnBeanCondition)

   SecurityRequestMatchersManagementContextConfiguration matched:
      - @ConditionalOnClass found required class 'org.springframework.security.web.util.matcher.RequestMatcher' (OnClassCondition)
      - found 'session' scope (OnWebApplicationCondition)

   SecurityRequestMatchersManagementContextConfiguration.MvcRequestMatcherConfiguration matched:
      - @ConditionalOnClass found required class 'org.springframework.web.servlet.DispatcherServlet' (OnClassCondition)
      - @ConditionalOnBean (types: org.springframework.boot.autoconfigure.web.servlet.DispatcherServletPath; SearchStrategy: all) found bean 'dispatcherServletRegistration' (OnBeanCondition)

   SecurityRequestMatchersManagementContextConfiguration.MvcRequestMatcherConfiguration#requestMatcherProvider matched:
      - @ConditionalOnClass found required class 'org.springframework.web.servlet.DispatcherServlet' (OnClassCondition)
      - @ConditionalOnMissingBean (types: org.springframework.boot.autoconfigure.security.servlet.RequestMatcherProvider; SearchStrategy: all) did not find any beans (OnBeanCondition)

   ServletEndpointManagementContextConfiguration matched:
      - found 'session' scope (OnWebApplicationCondition)

   ServletEndpointManagementContextConfiguration.WebMvcServletEndpointManagementContextConfiguration matched:
      - @ConditionalOnClass found required class 'org.springframework.web.servlet.DispatcherServlet' (OnClassCondition)

   ServletManagementContextAutoConfiguration matched:
      - @ConditionalOnClass found required class 'jakarta.servlet.Servlet' (OnClassCondition)
      - found 'session' scope (OnWebApplicationCondition)

   ServletWebServerFactoryAutoConfiguration matched:
      - @ConditionalOnClass found required class 'jakarta.servlet.ServletRequest' (OnClassCondition)
      - found 'session' scope (OnWebApplicationCondition)

   ServletWebServerFactoryAutoConfiguration#tomcatServletWebServerFactoryCustomizer matched:
      - @ConditionalOnClass found required class 'org.apache.catalina.startup.Tomcat' (OnClassCondition)

   ServletWebServerFactoryConfiguration.EmbeddedTomcat matched:
      - @ConditionalOnClass found required classes 'jakarta.servlet.Servlet', 'org.apache.catalina.startup.Tomcat', 'org.apache.coyote.UpgradeProtocol' (OnClassCondition)
      - @ConditionalOnMissingBean (types: org.springframework.boot.web.servlet.server.ServletWebServerFactory; SearchStrategy: current) did not find any beans (OnBeanCondition)

   SimpleCacheConfiguration matched:
      - Cache org.springframework.boot.autoconfigure.cache.SimpleCacheConfiguration automatic cache type (CacheCondition)

   SimpleDiscoveryClientAutoConfiguration#simpleDiscoveryProperties matched:
      - @ConditionalOnMissingBean (types: org.springframework.cloud.client.discovery.simple.SimpleDiscoveryProperties; SearchStrategy: all) did not find any beans (OnBeanCondition)

   SimpleMetricsExportAutoConfiguration matched:
      - @ConditionalOnEnabledMetricsExport management.defaults.metrics.export.enabled is considered true (OnMetricsExportEnabledCondition)
      - @ConditionalOnBean (types: io.micrometer.core.instrument.Clock; SearchStrategy: all) found bean 'micrometerClock'; @ConditionalOnMissingBean (types: io.micrometer.core.instrument.MeterRegistry; SearchStrategy: all) did not find any beans (OnBeanCondition)

   SimpleMetricsExportAutoConfiguration#simpleConfig matched:
      - @ConditionalOnMissingBean (types: io.micrometer.core.instrument.simple.SimpleConfig; SearchStrategy: all) did not find any beans (OnBeanCondition)

   SpringBootWebSecurityConfiguration matched:
      - found 'session' scope (OnWebApplicationCondition)

   SpringDataWebAutoConfiguration matched:
      - @ConditionalOnClass found required classes 'org.springframework.data.web.PageableHandlerMethodArgumentResolver', 'org.springframework.web.servlet.config.annotation.WebMvcConfigurer' (OnClassCondition)
      - found 'session' scope (OnWebApplicationCondition)
      - @ConditionalOnMissingBean (types: org.springframework.data.web.PageableHandlerMethodArgumentResolver; SearchStrategy: all) did not find any beans (OnBeanCondition)

   SpringDataWebAutoConfiguration#pageableCustomizer matched:
      - @ConditionalOnMissingBean (types: org.springframework.data.web.config.PageableHandlerMethodArgumentResolverCustomizer; SearchStrategy: all) did not find any beans (OnBeanCondition)

   SpringDataWebAutoConfiguration#sortCustomizer matched:
      - @ConditionalOnMissingBean (types: org.springframework.data.web.config.SortHandlerMethodArgumentResolverCustomizer; SearchStrategy: all) did not find any beans (OnBeanCondition)

   SpringDocConfigProperties matched:
      - @ConditionalOnProperty (springdoc.api-docs.enabled) matched (OnPropertyCondition)
      - @ConditionalOnBean (types: org.springdoc.core.configuration.SpringDocConfiguration; SearchStrategy: all) found bean 'org.springdoc.core.configuration.SpringDocConfiguration' (OnBeanCondition)

   SpringDocConfiguration matched:
      - @ConditionalOnWebApplication (required) found 'session' scope (OnWebApplicationCondition)
      - @ConditionalOnProperty (springdoc.api-docs.enabled) matched (OnPropertyCondition)

   SpringDocConfiguration#fileSupportConverter matched:
      - @ConditionalOnMissingBean (types: org.springdoc.core.converters.FileSupportConverter; SearchStrategy: all) did not find any beans (OnBeanCondition)

   SpringDocConfiguration#openAPIBuilder matched:
      - @ConditionalOnMissingBean (types: org.springdoc.core.service.OpenAPIService; SearchStrategy: all) did not find any beans (OnBeanCondition)

   SpringDocConfiguration#operationBuilder matched:
      - @ConditionalOnMissingBean (types: org.springdoc.core.service.OperationService; SearchStrategy: all) did not find any beans (OnBeanCondition)

   SpringDocConfiguration#parameterBuilder matched:
      - @ConditionalOnMissingBean (types: org.springdoc.core.service.GenericParameterService; SearchStrategy: all) did not find any beans (OnBeanCondition)

   SpringDocConfiguration#polymorphicModelConverter matched:
      - @ConditionalOnProperty (springdoc.model-converters.polymorphic-converter.enabled) matched (OnPropertyCondition)
      - @ConditionalOnMissingBean (types: org.springdoc.core.converters.PolymorphicModelConverter; SearchStrategy: all) did not find any beans (OnBeanCondition)

   SpringDocConfiguration#requestBodyBuilder matched:
      - @ConditionalOnMissingBean (types: org.springdoc.core.service.RequestBodyService; SearchStrategy: all) did not find any beans (OnBeanCondition)

   SpringDocConfiguration#responseSupportConverter matched:
      - @ConditionalOnMissingBean (types: org.springdoc.core.converters.ResponseSupportConverter; SearchStrategy: all) did not find any beans (OnBeanCondition)

   SpringDocConfiguration#schemaPropertyDeprecatingConverter matched:
      - @ConditionalOnProperty (springdoc.model-converters.deprecating-converter.enabled) matched (OnPropertyCondition)
      - @ConditionalOnMissingBean (types: org.springdoc.core.converters.SchemaPropertyDeprecatingConverter; SearchStrategy: all) did not find any beans (OnBeanCondition)

   SpringDocConfiguration#securityParser matched:
      - @ConditionalOnMissingBean (types: org.springdoc.core.service.SecurityService; SearchStrategy: all) did not find any beans (OnBeanCondition)

   SpringDocConfiguration#springDocCustomizers matched:
      - @ConditionalOnMissingBean (types: org.springdoc.core.customizers.SpringDocCustomizers; SearchStrategy: all) did not find any beans (OnBeanCondition)

   SpringDocConfiguration#springDocProviders matched:
      - @ConditionalOnMissingBean (types: org.springdoc.core.providers.SpringDocProviders; SearchStrategy: all) did not find any beans (OnBeanCondition)

   SpringDocConfiguration#springdocObjectMapperProvider matched:
      - @ConditionalOnMissingBean (types: org.springdoc.core.providers.ObjectMapperProvider; SearchStrategy: all) did not find any beans (OnBeanCondition)

   SpringDocConfiguration.QuerydslProvider matched:
      - @ConditionalOnClass found required class 'org.springframework.data.querydsl.binding.QuerydslBindingsFactory' (OnClassCondition)

   SpringDocConfiguration.QuerydslProvider#queryDslQuerydslPredicateOperationCustomizer matched:
      - @ConditionalOnMissingBean (types: org.springdoc.core.customizers.QuerydslPredicateOperationCustomizer; SearchStrategy: all) did not find any beans (OnBeanCondition)

   SpringDocConfiguration.SpringDocSpringDataWebPropertiesProvider matched:
      - @ConditionalOnClass found required class 'org.springframework.boot.autoconfigure.data.web.SpringDataWebProperties' (OnClassCondition)

   SpringDocConfiguration.SpringDocSpringDataWebPropertiesProvider#springDataWebPropertiesProvider matched:
      - @ConditionalOnMissingBean (types: org.springdoc.core.providers.SpringDataWebPropertiesProvider; SearchStrategy: all) did not find any beans (OnBeanCondition)

   SpringDocConfiguration.WebConversionServiceConfiguration matched:
      - @ConditionalOnClass found required class 'org.springframework.boot.autoconfigure.web.format.WebConversionService' (OnClassCondition)

   SpringDocPageableConfiguration matched:
      - @ConditionalOnClass found required class 'org.springframework.data.domain.Pageable' (OnClassCondition)
      - @ConditionalOnWebApplication (required) found 'session' scope (OnWebApplicationCondition)
      - @ConditionalOnProperty (springdoc.api-docs.enabled) matched (OnPropertyCondition)
      - @ConditionalOnBean (types: org.springdoc.core.configuration.SpringDocConfiguration; SearchStrategy: all) found bean 'org.springdoc.core.configuration.SpringDocConfiguration' (OnBeanCondition)

   SpringDocPageableConfiguration#delegatingMethodParameterCustomizer matched:
      - @ConditionalOnMissingBean (types: org.springdoc.core.customizers.DelegatingMethodParameterCustomizer; SearchStrategy: all) did not find any beans (OnBeanCondition)

   SpringDocPageableConfiguration#pageableOpenAPIConverter matched:
      - @ConditionalOnProperty (springdoc.model-converters.pageable-converter.enabled) matched (OnPropertyCondition)
      - @ConditionalOnMissingBean (types: org.springdoc.core.converters.PageableOpenAPIConverter; SearchStrategy: all) did not find any beans (OnBeanCondition)

   SpringDocSecurityConfiguration matched:
      - @ConditionalOnClass found required class 'org.springframework.security.web.SecurityFilterChain' (OnClassCondition)
      - @ConditionalOnWebApplication (required) found 'session' scope (OnWebApplicationCondition)
      - @ConditionalOnExpression (#{${springdoc.api-docs.enabled:true} and ${springdoc.enable-spring-security:true}}) resulted in true (OnExpressionCondition)
      - @ConditionalOnBean (types: org.springdoc.core.configuration.SpringDocConfiguration; SearchStrategy: all) found bean 'org.springdoc.core.configuration.SpringDocConfiguration' (OnBeanCondition)

   SpringDocSecurityConfiguration.SpringSecurityLoginEndpointConfiguration matched:
      - @ConditionalOnClass found required class 'jakarta.servlet.Filter' (OnClassCondition)

   SpringDocSortConfiguration matched:
      - @ConditionalOnClass found required class 'org.springframework.data.domain.Sort' (OnClassCondition)
      - @ConditionalOnWebApplication (required) found 'session' scope (OnWebApplicationCondition)
      - @ConditionalOnProperty (springdoc.api-docs.enabled) matched (OnPropertyCondition)
      - @ConditionalOnBean (types: org.springdoc.core.configuration.SpringDocConfiguration; SearchStrategy: all) found bean 'org.springdoc.core.configuration.SpringDocConfiguration' (OnBeanCondition)

   SpringDocSortConfiguration#sortOpenAPIConverter matched:
      - @ConditionalOnProperty (springdoc.sort-converter.enabled) matched (OnPropertyCondition)
      - @ConditionalOnMissingBean (types: org.springdoc.core.converters.SortOpenAPIConverter; SearchStrategy: all) did not find any beans (OnBeanCondition)

   SpringDocUIConfiguration matched:
      - @ConditionalOnWebApplication (required) found 'session' scope (OnWebApplicationCondition)
      - @ConditionalOnBean (types: org.springdoc.core.configuration.SpringDocConfiguration; SearchStrategy: all) found bean 'org.springdoc.core.configuration.SpringDocConfiguration' (OnBeanCondition)

   SpringDocWebMvcConfiguration matched:
      - found 'session' scope (OnWebApplicationCondition)
      - @ConditionalOnProperty (springdoc.api-docs.enabled) matched (OnPropertyCondition)
      - @ConditionalOnBean (types: org.springdoc.core.configuration.SpringDocConfiguration; SearchStrategy: all) found bean 'org.springdoc.core.configuration.SpringDocConfiguration' (OnBeanCondition)

   SpringDocWebMvcConfiguration#openApiResource matched:
      - @ConditionalOnExpression (#{(${springdoc.use-management-port:false} == false ) and ${springdoc.enable-default-api-docs:true}}) resulted in true (OnExpressionCondition)
      - @ConditionalOnMissingBean (types: org.springdoc.webmvc.api.OpenApiWebMvcResource; SearchStrategy: all) did not find any beans (OnBeanCondition)

   SpringDocWebMvcConfiguration#requestBuilder matched:
      - @ConditionalOnMissingBean (types: org.springdoc.webmvc.core.service.RequestService; SearchStrategy: all) did not find any beans (OnBeanCondition)

   SpringDocWebMvcConfiguration#responseBuilder matched:
      - @ConditionalOnMissingBean (types: org.springdoc.core.service.GenericResponseService; SearchStrategy: all) did not find any beans (OnBeanCondition)

   SpringDocWebMvcConfiguration#springWebProvider matched:
      - @ConditionalOnMissingBean (types: org.springdoc.core.providers.SpringWebProvider; SearchStrategy: all) did not find any beans (OnBeanCondition)

   SpringDocWebMvcConfiguration.SpringDocWebMvcActuatorConfiguration matched:
      - @ConditionalOnClass found required class 'org.springframework.boot.actuate.endpoint.web.servlet.WebMvcEndpointHandlerMapping' (OnClassCondition)

   SpringDocWebMvcConfiguration.SpringDocWebMvcRouterConfiguration matched:
      - @ConditionalOnClass found required class 'org.springframework.web.servlet.function.RouterFunction' (OnClassCondition)

   SpringDocWebMvcConfiguration.SpringDocWebMvcRouterConfiguration#routerFunctionProvider matched:
      - @ConditionalOnMissingBean (types: org.springdoc.webmvc.core.providers.RouterFunctionWebMvcProvider; SearchStrategy: all) did not find any beans (OnBeanCondition)

   SqlInitializationAutoConfiguration matched:
      - @ConditionalOnProperty (spring.sql.init.enabled) matched (OnPropertyCondition)
      - NoneNestedConditions 0 matched 1 did not; NestedCondition on SqlInitializationAutoConfiguration.SqlInitializationModeCondition.ModeIsNever @ConditionalOnProperty (spring.sql.init.mode=never) did not find property 'mode' (SqlInitializationAutoConfiguration.SqlInitializationModeCondition)

   SslAutoConfiguration#sslBundleRegistry matched:
      - @ConditionalOnMissingBean (types: org.springframework.boot.ssl.SslBundleRegistry,org.springframework.boot.ssl.SslBundles; SearchStrategy: all) did not find any beans (OnBeanCondition)

   StartupTimeMetricsListenerAutoConfiguration matched:
      - @ConditionalOnClass found required class 'io.micrometer.core.instrument.MeterRegistry' (OnClassCondition)
      - @ConditionalOnBean (types: io.micrometer.core.instrument.MeterRegistry; SearchStrategy: all) found bean 'simpleMeterRegistry' (OnBeanCondition)

   StartupTimeMetricsListenerAutoConfiguration#startupTimeMetrics matched:
      - @ConditionalOnMissingBean (types: org.springframework.boot.actuate.metrics.startup.StartupTimeMetricsListener; SearchStrategy: all) did not find any beans (OnBeanCondition)

   SwaggerConfig matched:
      - found 'session' scope (OnWebApplicationCondition)
      - @ConditionalOnProperty (springdoc.swagger-ui.enabled) matched (OnPropertyCondition)
      - @ConditionalOnBean (types: org.springdoc.core.configuration.SpringDocConfiguration; SearchStrategy: all) found bean 'org.springdoc.core.configuration.SpringDocConfiguration' (OnBeanCondition)

   SwaggerConfig#indexPageTransformer matched:
      - @ConditionalOnMissingBean (types: org.springdoc.webmvc.ui.SwaggerIndexTransformer; SearchStrategy: all) did not find any beans (OnBeanCondition)

   SwaggerConfig#swaggerConfigResource matched:
      - @ConditionalOnProperty (springdoc.use-management-port=false) matched (OnPropertyCondition)
      - @ConditionalOnMissingBean (types: org.springdoc.webmvc.ui.SwaggerConfigResource; SearchStrategy: all) did not find any beans (OnBeanCondition)

   SwaggerConfig#swaggerResourceResolver matched:
      - @ConditionalOnMissingBean (types: org.springdoc.webmvc.ui.SwaggerResourceResolver; SearchStrategy: all) did not find any beans (OnBeanCondition)

   SwaggerConfig#swaggerWebMvcConfigurer matched:
      - @ConditionalOnMissingBean (types: org.springdoc.webmvc.ui.SwaggerWebMvcConfigurer; SearchStrategy: all) did not find any beans (OnBeanCondition)

   SwaggerConfig#swaggerWelcome matched:
      - @ConditionalOnProperty (springdoc.use-management-port=false) matched (OnPropertyCondition)
      - @ConditionalOnMissingBean (types: org.springdoc.webmvc.ui.SwaggerWelcomeWebMvc; SearchStrategy: all) did not find any beans (OnBeanCondition)

   SwaggerUiConfigParameters matched:
      - @ConditionalOnProperty (springdoc.swagger-ui.enabled) matched (OnPropertyCondition)
      - @ConditionalOnBean (types: org.springdoc.core.configuration.SpringDocConfiguration; SearchStrategy: all) found bean 'org.springdoc.core.configuration.SpringDocConfiguration' (OnBeanCondition)

   SwaggerUiConfigProperties matched:
      - @ConditionalOnProperty (springdoc.swagger-ui.enabled) matched (OnPropertyCondition)
      - @ConditionalOnBean (types: org.springdoc.core.configuration.SpringDocConfiguration; SearchStrategy: all) found bean 'org.springdoc.core.configuration.SpringDocConfiguration' (OnBeanCondition)

   SwaggerUiOAuthProperties matched:
      - @ConditionalOnProperty (springdoc.swagger-ui.enabled) matched (OnPropertyCondition)
      - @ConditionalOnBean (types: org.springdoc.core.configuration.SpringDocConfiguration; SearchStrategy: all) found bean 'org.springdoc.core.configuration.SpringDocConfiguration' (OnBeanCondition)

   SystemMetricsAutoConfiguration matched:
      - @ConditionalOnClass found required class 'io.micrometer.core.instrument.MeterRegistry' (OnClassCondition)
      - @ConditionalOnBean (types: io.micrometer.core.instrument.MeterRegistry; SearchStrategy: all) found bean 'simpleMeterRegistry' (OnBeanCondition)

   SystemMetricsAutoConfiguration#diskSpaceMetrics matched:
      - @ConditionalOnMissingBean (types: org.springframework.boot.actuate.metrics.system.DiskSpaceMetricsBinder; SearchStrategy: all) did not find any beans (OnBeanCondition)

   SystemMetricsAutoConfiguration#fileDescriptorMetrics matched:
      - @ConditionalOnMissingBean (types: io.micrometer.core.instrument.binder.system.FileDescriptorMetrics; SearchStrategy: all) did not find any beans (OnBeanCondition)

   SystemMetricsAutoConfiguration#processorMetrics matched:
      - @ConditionalOnMissingBean (types: io.micrometer.core.instrument.binder.system.ProcessorMetrics; SearchStrategy: all) did not find any beans (OnBeanCondition)

   SystemMetricsAutoConfiguration#uptimeMetrics matched:
      - @ConditionalOnMissingBean (types: io.micrometer.core.instrument.binder.system.UptimeMetrics; SearchStrategy: all) did not find any beans (OnBeanCondition)

   TaskExecutionAutoConfiguration matched:
      - @ConditionalOnClass found required class 'org.springframework.scheduling.concurrent.ThreadPoolTaskExecutor' (OnClassCondition)

   TaskExecutorConfigurations.SimpleAsyncTaskExecutorBuilderConfiguration#simpleAsyncTaskExecutorBuilder matched:
      - @ConditionalOnMissingBean (types: org.springframework.boot.task.SimpleAsyncTaskExecutorBuilder; SearchStrategy: all) did not find any beans (OnBeanCondition)
      - @ConditionalOnThreading found PLATFORM (OnThreadingCondition)

   TaskExecutorConfigurations.TaskExecutorBuilderConfiguration#taskExecutorBuilder matched:
      - @ConditionalOnMissingBean (types: org.springframework.boot.task.TaskExecutorBuilder; SearchStrategy: all) did not find any beans (OnBeanCondition)

   TaskExecutorConfigurations.TaskExecutorConfiguration matched:
      - @ConditionalOnMissingBean (types: java.util.concurrent.Executor; SearchStrategy: all) did not find any beans (OnBeanCondition)

   TaskExecutorConfigurations.TaskExecutorConfiguration#applicationTaskExecutor matched:
      - @ConditionalOnThreading found PLATFORM (OnThreadingCondition)

   TaskExecutorConfigurations.ThreadPoolTaskExecutorBuilderConfiguration#threadPoolTaskExecutorBuilder matched:
      - @ConditionalOnMissingBean (types: org.springframework.boot.task.TaskExecutorBuilder,org.springframework.boot.task.ThreadPoolTaskExecutorBuilder; SearchStrategy: all) did not find any beans (OnBeanCondition)

   TaskExecutorMetricsAutoConfiguration matched:
      - @ConditionalOnClass found required class 'io.micrometer.core.instrument.binder.jvm.ExecutorServiceMetrics' (OnClassCondition)
      - @ConditionalOnBean (types: java.util.concurrent.Executor,io.micrometer.core.instrument.MeterRegistry; SearchStrategy: all) found beans 'applicationTaskExecutor', 'simpleMeterRegistry' (OnBeanCondition)

   TaskSchedulingAutoConfiguration matched:
      - @ConditionalOnClass found required class 'org.springframework.scheduling.concurrent.ThreadPoolTaskScheduler' (OnClassCondition)

   TaskSchedulingConfigurations.SimpleAsyncTaskSchedulerBuilderConfiguration#simpleAsyncTaskSchedulerBuilder matched:
      - @ConditionalOnMissingBean (types: org.springframework.boot.task.SimpleAsyncTaskSchedulerBuilder; SearchStrategy: all) did not find any beans (OnBeanCondition)
      - @ConditionalOnThreading found PLATFORM (OnThreadingCondition)

   TaskSchedulingConfigurations.TaskSchedulerBuilderConfiguration#taskSchedulerBuilder matched:
      - @ConditionalOnMissingBean (types: org.springframework.boot.task.TaskSchedulerBuilder; SearchStrategy: all) did not find any beans (OnBeanCondition)

   TaskSchedulingConfigurations.ThreadPoolTaskSchedulerBuilderConfiguration#threadPoolTaskSchedulerBuilder matched:
      - @ConditionalOnMissingBean (types: org.springframework.boot.task.TaskSchedulerBuilder,org.springframework.boot.task.ThreadPoolTaskSchedulerBuilder; SearchStrategy: all) did not find any beans (OnBeanCondition)

   TomcatMetricsAutoConfiguration matched:
      - @ConditionalOnClass found required classes 'io.micrometer.core.instrument.binder.tomcat.TomcatMetrics', 'org.apache.catalina.Manager' (OnClassCondition)
      - @ConditionalOnWebApplication (required) found 'session' scope (OnWebApplicationCondition)

   TomcatMetricsAutoConfiguration#tomcatMetricsBinder matched:
      - @ConditionalOnBean (types: io.micrometer.core.instrument.MeterRegistry; SearchStrategy: all) found bean 'simpleMeterRegistry'; @ConditionalOnMissingBean (types: io.micrometer.core.instrument.binder.tomcat.TomcatMetrics,org.springframework.boot.actuate.metrics.web.tomcat.TomcatMetricsBinder; SearchStrategy: all) did not find any beans (OnBeanCondition)

   TransactionAutoConfiguration matched:
      - @ConditionalOnClass found required class 'org.springframework.transaction.PlatformTransactionManager' (OnClassCondition)

   TransactionAutoConfiguration.EnableTransactionManagementConfiguration matched:
      - @ConditionalOnBean (types: org.springframework.transaction.TransactionManager; SearchStrategy: all) found bean 'transactionManager'; @ConditionalOnMissingBean (types: org.springframework.transaction.annotation.AbstractTransactionManagementConfiguration; SearchStrategy: all) did not find any beans (OnBeanCondition)

   TransactionAutoConfiguration.EnableTransactionManagementConfiguration.CglibAutoProxyConfiguration matched:
      - @ConditionalOnProperty (spring.aop.proxy-target-class=true) matched (OnPropertyCondition)

   TransactionAutoConfiguration.TransactionTemplateConfiguration matched:
      - @ConditionalOnSingleCandidate (types: org.springframework.transaction.PlatformTransactionManager; SearchStrategy: all) found a single bean 'transactionManager' (OnBeanCondition)

   TransactionAutoConfiguration.TransactionTemplateConfiguration#transactionTemplate matched:
      - @ConditionalOnMissingBean (types: org.springframework.transaction.support.TransactionOperations; SearchStrategy: all) did not find any beans (OnBeanCondition)

   TransactionManagerCustomizationAutoConfiguration matched:
      - @ConditionalOnClass found required class 'org.springframework.transaction.PlatformTransactionManager' (OnClassCondition)

   TransactionManagerCustomizationAutoConfiguration#platformTransactionManagerCustomizers matched:
      - @ConditionalOnMissingBean (types: org.springframework.boot.autoconfigure.transaction.TransactionManagerCustomizers; SearchStrategy: all) did not find any beans (OnBeanCondition)

   UtilAutoConfiguration matched:
      - @ConditionalOnProperty (spring.cloud.util.enabled) matched (OnPropertyCondition)

   UtilAutoConfiguration#inetUtils matched:
      - @ConditionalOnMissingBean (types: org.springframework.cloud.commons.util.InetUtils; SearchStrategy: all) did not find any beans (OnBeanCondition)

   WebEndpointAutoConfiguration matched:
      - @ConditionalOnWebApplication (required) found 'session' scope (OnWebApplicationCondition)

   WebEndpointAutoConfiguration#controllerEndpointDiscoverer matched:
      - @ConditionalOnMissingBean (types: org.springframework.boot.actuate.endpoint.web.annotation.ControllerEndpointsSupplier; SearchStrategy: all) did not find any beans (OnBeanCondition)

   WebEndpointAutoConfiguration#endpointMediaTypes matched:
      - @ConditionalOnMissingBean (types: org.springframework.boot.actuate.endpoint.web.EndpointMediaTypes; SearchStrategy: all) did not find any beans (OnBeanCondition)

   WebEndpointAutoConfiguration#pathMappedEndpoints matched:
      - @ConditionalOnMissingBean (types: org.springframework.boot.actuate.endpoint.web.PathMappedEndpoints; SearchStrategy: all) did not find any beans (OnBeanCondition)

   WebEndpointAutoConfiguration#webEndpointDiscoverer matched:
      - @ConditionalOnMissingBean (types: org.springframework.boot.actuate.endpoint.web.WebEndpointsSupplier; SearchStrategy: all) did not find any beans (OnBeanCondition)

   WebEndpointAutoConfiguration.WebEndpointServletConfiguration matched:
      - found 'session' scope (OnWebApplicationCondition)

   WebEndpointAutoConfiguration.WebEndpointServletConfiguration#servletEndpointDiscoverer matched:
      - @ConditionalOnMissingBean (types: org.springframework.boot.actuate.endpoint.web.annotation.ServletEndpointsSupplier; SearchStrategy: all) did not find any beans (OnBeanCondition)

   WebMvcAutoConfiguration matched:
      - @ConditionalOnClass found required classes 'jakarta.servlet.Servlet', 'org.springframework.web.servlet.DispatcherServlet', 'org.springframework.web.servlet.config.annotation.WebMvcConfigurer' (OnClassCondition)
      - found 'session' scope (OnWebApplicationCondition)
      - @ConditionalOnMissingBean (types: org.springframework.web.servlet.config.annotation.WebMvcConfigurationSupport; SearchStrategy: all) did not find any beans (OnBeanCondition)

   WebMvcAutoConfiguration#formContentFilter matched:
      - @ConditionalOnProperty (spring.mvc.formcontent.filter.enabled) matched (OnPropertyCondition)
      - @ConditionalOnMissingBean (types: org.springframework.web.filter.FormContentFilter; SearchStrategy: all) did not find any beans (OnBeanCondition)

   WebMvcAutoConfiguration.EnableWebMvcConfiguration#flashMapManager matched:
      - @ConditionalOnMissingBean (names: flashMapManager; SearchStrategy: all) did not find any beans (OnBeanCondition)

   WebMvcAutoConfiguration.EnableWebMvcConfiguration#localeResolver matched:
      - @ConditionalOnMissingBean (names: localeResolver; SearchStrategy: all) did not find any beans (OnBeanCondition)

   WebMvcAutoConfiguration.EnableWebMvcConfiguration#themeResolver matched:
      - @ConditionalOnMissingBean (names: themeResolver; SearchStrategy: all) did not find any beans (OnBeanCondition)

   WebMvcAutoConfiguration.WebMvcAutoConfigurationAdapter#defaultViewResolver matched:
      - @ConditionalOnMissingBean (types: org.springframework.web.servlet.view.InternalResourceViewResolver; SearchStrategy: all) did not find any beans (OnBeanCondition)

   WebMvcAutoConfiguration.WebMvcAutoConfigurationAdapter#requestContextFilter matched:
      - @ConditionalOnMissingBean (types: org.springframework.web.context.request.RequestContextListener,org.springframework.web.filter.RequestContextFilter; SearchStrategy: all) did not find any beans (OnBeanCondition)

   WebMvcAutoConfiguration.WebMvcAutoConfigurationAdapter#viewResolver matched:
      - @ConditionalOnBean (types: org.springframework.web.servlet.ViewResolver; SearchStrategy: all) found beans 'defaultViewResolver', 'beanNameViewResolver', 'mvcViewResolver'; @ConditionalOnMissingBean (names: viewResolver types: org.springframework.web.servlet.view.ContentNegotiatingViewResolver; SearchStrategy: all) did not find any beans (OnBeanCondition)

   WebMvcEndpointManagementContextConfiguration matched:
      - @ConditionalOnClass found required class 'org.springframework.web.servlet.DispatcherServlet' (OnClassCondition)
      - found 'session' scope (OnWebApplicationCondition)
      - @ConditionalOnBean (types: org.springframework.web.servlet.DispatcherServlet,org.springframework.boot.actuate.endpoint.web.WebEndpointsSupplier; SearchStrategy: all) found beans 'webEndpointDiscoverer', 'dispatcherServlet' (OnBeanCondition)

   WebMvcEndpointManagementContextConfiguration#controllerEndpointHandlerMapping matched:
      - @ConditionalOnMissingBean (types: org.springframework.boot.actuate.endpoint.web.servlet.ControllerEndpointHandlerMapping; SearchStrategy: all) did not find any beans (OnBeanCondition)

   WebMvcEndpointManagementContextConfiguration#endpointObjectMapperWebMvcConfigurer matched:
      - @ConditionalOnBean (types: org.springframework.boot.actuate.endpoint.jackson.EndpointObjectMapper; SearchStrategy: all) found bean 'endpointObjectMapper' (OnBeanCondition)

   WebMvcEndpointManagementContextConfiguration#webEndpointServletHandlerMapping matched:
      - @ConditionalOnMissingBean (types: org.springframework.boot.actuate.endpoint.web.servlet.WebMvcEndpointHandlerMapping; SearchStrategy: all) did not find any beans (OnBeanCondition)

   WebMvcObservationAutoConfiguration matched:
      - @ConditionalOnClass found required classes 'org.springframework.web.servlet.DispatcherServlet', 'io.micrometer.observation.Observation' (OnClassCondition)
      - found 'session' scope (OnWebApplicationCondition)
      - @ConditionalOnBean (types: io.micrometer.observation.ObservationRegistry; SearchStrategy: all) found bean 'observationRegistry' (OnBeanCondition)

   WebMvcObservationAutoConfiguration#webMvcObservationFilter matched:
      - @ConditionalOnMissingBean (types: org.springframework.web.filter.ServerHttpObservationFilter; SearchStrategy: all) did not find any beans (OnBeanCondition)

   WebMvcObservationAutoConfiguration.MeterFilterConfiguration matched:
      - @ConditionalOnClass found required class 'io.micrometer.core.instrument.MeterRegistry' (OnClassCondition)
      - @ConditionalOnBean (types: io.micrometer.core.instrument.MeterRegistry; SearchStrategy: all) found bean 'simpleMeterRegistry' (OnBeanCondition)

   WebSocketServletAutoConfiguration matched:
      - @ConditionalOnClass found required classes 'jakarta.servlet.Servlet', 'jakarta.websocket.server.ServerContainer' (OnClassCondition)
      - found 'session' scope (OnWebApplicationCondition)

   WebSocketServletAutoConfiguration.TomcatWebSocketConfiguration matched:
      - @ConditionalOnClass found required classes 'org.apache.catalina.startup.Tomcat', 'org.apache.tomcat.websocket.server.WsSci' (OnClassCondition)

   WebSocketServletAutoConfiguration.TomcatWebSocketConfiguration#websocketServletWebServerCustomizer matched:
      - @ConditionalOnMissingBean (names: websocketServletWebServerCustomizer; SearchStrategy: all) did not find any beans (OnBeanCondition)


Negative matches:
-----------------

   ActiveMQAutoConfiguration:
      Did not match:
         - @ConditionalOnClass did not find required class 'jakarta.jms.ConnectionFactory' (OnClassCondition)

   AopAutoConfiguration.AspectJAutoProxyingConfiguration.JdkDynamicAutoProxyConfiguration:
      Did not match:
         - @ConditionalOnProperty (spring.aop.proxy-target-class=false) did not find property 'proxy-target-class' (OnPropertyCondition)

   AopAutoConfiguration.ClassProxyingConfiguration:
      Did not match:
         - @ConditionalOnMissingClass found unwanted class 'org.aspectj.weaver.Advice' (OnClassCondition)

   AppOpticsMetricsExportAutoConfiguration:
      Did not match:
         - @ConditionalOnClass did not find required class 'io.micrometer.appoptics.AppOpticsMeterRegistry' (OnClassCondition)

   ArtemisAutoConfiguration:
      Did not match:
         - @ConditionalOnClass did not find required class 'jakarta.jms.ConnectionFactory' (OnClassCondition)

   AtlasMetricsExportAutoConfiguration:
      Did not match:
         - @ConditionalOnClass did not find required class 'io.micrometer.atlas.AtlasMeterRegistry' (OnClassCondition)

   AuditAutoConfiguration:
      Did not match:
         - @ConditionalOnBean (types: org.springframework.boot.actuate.audit.AuditEventRepository; SearchStrategy: all) did not find any beans of type org.springframework.boot.actuate.audit.AuditEventRepository (OnBeanCondition)
      Matched:
         - @ConditionalOnProperty (management.auditevents.enabled) matched (OnPropertyCondition)

   AuditEventsEndpointAutoConfiguration:
      Did not match:
         - @ConditionalOnAvailableEndpoint no 'management.endpoints' property marked it as exposed (OnAvailableEndpointCondition)

   AvailabilityHealthContributorAutoConfiguration#livenessStateHealthIndicator:
      Did not match:
         - @ConditionalOnProperty (management.health.livenessstate.enabled=true) did not find property 'enabled' (OnPropertyCondition)

   AvailabilityHealthContributorAutoConfiguration#readinessStateHealthIndicator:
      Did not match:
         - @ConditionalOnProperty (management.health.readinessstate.enabled=true) did not find property 'enabled' (OnPropertyCondition)

   AvailabilityProbesAutoConfiguration:
      Did not match:
         - Probes availability not running on a supported cloud platform (AvailabilityProbesAutoConfiguration.ProbesCondition)

   BatchAutoConfiguration:
      Did not match:
         - @ConditionalOnClass did not find required class 'org.springframework.batch.core.launch.JobLauncher' (OnClassCondition)

   BatchObservationAutoConfiguration:
      Did not match:
         - @ConditionalOnClass did not find required class 'org.springframework.batch.core.configuration.annotation.BatchObservabilityBeanPostProcessor' (OnClassCondition)

   BeansEndpointAutoConfiguration:
      Did not match:
         - @ConditionalOnAvailableEndpoint no 'management.endpoints' property marked it as exposed (OnAvailableEndpointCondition)

   BraveAutoConfiguration:
      Did not match:
         - @ConditionalOnClass did not find required class 'brave.Tracer' (OnClassCondition)

   Cache2kCacheConfiguration:
      Did not match:
         - @ConditionalOnClass did not find required class 'org.cache2k.Cache2kBuilder' (OnClassCondition)

   CacheAutoConfiguration:
      Did not match:
         - @ConditionalOnBean (types: org.springframework.cache.interceptor.CacheAspectSupport; SearchStrategy: all) did not find any beans of type org.springframework.cache.interceptor.CacheAspectSupport (OnBeanCondition)
      Matched:
         - @ConditionalOnClass found required class 'org.springframework.cache.CacheManager' (OnClassCondition)

   CacheAutoConfiguration.CacheManagerEntityManagerFactoryDependsOnPostProcessor:
      Did not match:
         - Ancestor org.springframework.boot.autoconfigure.cache.CacheAutoConfiguration did not match (ConditionEvaluationReport.AncestorsMatchedCondition)
      Matched:
         - @ConditionalOnClass found required class 'org.springframework.orm.jpa.LocalContainerEntityManagerFactoryBean' (OnClassCondition)

   CacheMeterBinderProvidersConfiguration.Cache2kCacheMeterBinderProviderConfiguration:
      Did not match:
         - @ConditionalOnClass did not find required classes 'org.cache2k.Cache2kBuilder', 'org.cache2k.extra.spring.SpringCache2kCache', 'org.cache2k.extra.micrometer.Cache2kCacheMetrics' (OnClassCondition)

   CacheMeterBinderProvidersConfiguration.CaffeineCacheMeterBinderProviderConfiguration:
      Did not match:
         - @ConditionalOnClass did not find required classes 'org.springframework.cache.caffeine.CaffeineCache', 'com.github.benmanes.caffeine.cache.Cache' (OnClassCondition)

   CacheMeterBinderProvidersConfiguration.HazelcastCacheMeterBinderProviderConfiguration:
      Did not match:
         - @ConditionalOnClass did not find required classes 'com.hazelcast.spring.cache.HazelcastCache', 'com.hazelcast.core.Hazelcast' (OnClassCondition)

   CacheMeterBinderProvidersConfiguration.JCacheCacheMeterBinderProviderConfiguration:
      Did not match:
         - @ConditionalOnClass did not find required classes 'org.springframework.cache.jcache.JCacheCache', 'javax.cache.CacheManager' (OnClassCondition)

   CacheMeterBinderProvidersConfiguration.RedisCacheMeterBinderProviderConfiguration:
      Did not match:
         - @ConditionalOnClass did not find required class 'org.springframework.data.redis.cache.RedisCache' (OnClassCondition)

   CacheMetricsAutoConfiguration:
      Did not match:
         - @ConditionalOnBean (types: org.springframework.cache.CacheManager; SearchStrategy: all) did not find any beans of type org.springframework.cache.CacheManager (OnBeanCondition)

   CachesEndpointAutoConfiguration:
      Did not match:
         - @ConditionalOnAvailableEndpoint no 'management.endpoints' property marked it as exposed (OnAvailableEndpointCondition)
      Matched:
         - @ConditionalOnClass found required class 'org.springframework.cache.CacheManager' (OnClassCondition)

   CaffeineCacheConfiguration:
      Did not match:
         - @ConditionalOnClass did not find required class 'com.github.benmanes.caffeine.cache.Caffeine' (OnClassCondition)

   CassandraAutoConfiguration:
      Did not match:
         - @ConditionalOnClass did not find required class 'com.datastax.oss.driver.api.core.CqlSession' (OnClassCondition)

   CassandraDataAutoConfiguration:
      Did not match:
         - @ConditionalOnClass did not find required class 'com.datastax.oss.driver.api.core.CqlSession' (OnClassCondition)

   CassandraHealthContributorAutoConfiguration:
      Did not match:
         - @ConditionalOnClass did not find required class 'com.datastax.oss.driver.api.core.CqlSession' (OnClassCondition)

   CassandraReactiveDataAutoConfiguration:
      Did not match:
         - @ConditionalOnClass did not find required class 'com.datastax.oss.driver.api.core.CqlSession' (OnClassCondition)

   CassandraReactiveHealthContributorAutoConfiguration:
      Did not match:
         - @ConditionalOnClass did not find required class 'com.datastax.oss.driver.api.core.CqlSession' (OnClassCondition)

   CassandraReactiveRepositoriesAutoConfiguration:
      Did not match:
         - @ConditionalOnClass did not find required class 'org.springframework.data.cassandra.ReactiveSession' (OnClassCondition)

   CassandraRepositoriesAutoConfiguration:
      Did not match:
         - @ConditionalOnClass did not find required class 'com.datastax.oss.driver.api.core.CqlSession' (OnClassCondition)

   ClientHttpConnectorAutoConfiguration:
      Did not match:
         - @ConditionalOnClass did not find required class 'org.springframework.web.reactive.function.client.WebClient' (OnClassCondition)

   CloudFoundryActuatorAutoConfiguration:
      Did not match:
         - @ConditionalOnCloudPlatform did not find CLOUD_FOUNDRY (OnCloudPlatformCondition)
      Matched:
         - @ConditionalOnClass found required class 'org.springframework.web.servlet.DispatcherServlet' (OnClassCondition)
         - found 'session' scope (OnWebApplicationCondition)
         - @ConditionalOnProperty (management.cloudfoundry.enabled) matched (OnPropertyCondition)

   CloudHypermediaAutoConfiguration:
      Did not match:
         - @ConditionalOnClass did not find required class 'org.springframework.hateoas.Link' (OnClassCondition)

   CodecsAutoConfiguration:
      Did not match:
         - @ConditionalOnClass did not find required class 'org.springframework.web.reactive.function.client.WebClient' (OnClassCondition)

   CommonsClientAutoConfiguration.ActuatorConfiguration#featuresEndpoint:
      Did not match:
         - @ConditionalOnAvailableEndpoint no 'management.endpoints' property marked it as exposed (OnAvailableEndpointCondition)

   CompositeMeterRegistryConfiguration:
      Did not match:
         - NoneNestedConditions 1 matched 1 did not; NestedCondition on CompositeMeterRegistryConfiguration.MultipleNonPrimaryMeterRegistriesCondition.SingleInjectableMeterRegistry @ConditionalOnSingleCandidate (types: io.micrometer.core.instrument.MeterRegistry; SearchStrategy: all) found a single bean 'simpleMeterRegistry'; NestedCondition on CompositeMeterRegistryConfiguration.MultipleNonPrimaryMeterRegistriesCondition.NoMeterRegistryCondition @ConditionalOnMissingBean (types: io.micrometer.core.instrument.MeterRegistry; SearchStrategy: all) found beans of type 'io.micrometer.core.instrument.MeterRegistry' simpleMeterRegistry (CompositeMeterRegistryConfiguration.MultipleNonPrimaryMeterRegistriesCondition)

   ConditionsReportEndpointAutoConfiguration:
      Did not match:
         - @ConditionalOnAvailableEndpoint no 'management.endpoints' property marked it as exposed (OnAvailableEndpointCondition)

   ConfigurationPropertiesReportEndpointAutoConfiguration:
      Did not match:
         - @ConditionalOnAvailableEndpoint no 'management.endpoints' property marked it as exposed (OnAvailableEndpointCondition)

   ConnectionFactoryHealthContributorAutoConfiguration:
      Did not match:
         - @ConditionalOnClass did not find required class 'io.r2dbc.spi.ConnectionFactory' (OnClassCondition)

   ConnectionPoolMetricsAutoConfiguration:
      Did not match:
         - @ConditionalOnClass did not find required class 'io.r2dbc.pool.ConnectionPool' (OnClassCondition)

   CouchbaseAutoConfiguration:
      Did not match:
         - @ConditionalOnClass did not find required class 'com.couchbase.client.java.Cluster' (OnClassCondition)

   CouchbaseCacheConfiguration:
      Did not match:
         - @ConditionalOnClass did not find required class 'com.couchbase.client.java.Cluster' (OnClassCondition)

   CouchbaseDataAutoConfiguration:
      Did not match:
         - @ConditionalOnClass did not find required class 'com.couchbase.client.java.Bucket' (OnClassCondition)

   CouchbaseHealthContributorAutoConfiguration:
      Did not match:
         - @ConditionalOnClass did not find required class 'com.couchbase.client.java.Cluster' (OnClassCondition)

   CouchbaseReactiveDataAutoConfiguration:
      Did not match:
         - @ConditionalOnClass did not find required class 'com.couchbase.client.java.Cluster' (OnClassCondition)

   CouchbaseReactiveHealthContributorAutoConfiguration:
      Did not match:
         - @ConditionalOnClass did not find required class 'com.couchbase.client.java.Cluster' (OnClassCondition)

   CouchbaseReactiveRepositoriesAutoConfiguration:
      Did not match:
         - @ConditionalOnClass did not find required class 'com.couchbase.client.java.Cluster' (OnClassCondition)

   CouchbaseRepositoriesAutoConfiguration:
      Did not match:
         - @ConditionalOnClass did not find required class 'com.couchbase.client.java.Bucket' (OnClassCondition)

   DataSourceAutoConfiguration.EmbeddedDatabaseConfiguration:
      Did not match:
         - EmbeddedDataSource spring.datasource.url is set (DataSourceAutoConfiguration.EmbeddedDatabaseCondition)

   DataSourceCheckpointRestoreConfiguration:
      Did not match:
         - @ConditionalOnClass did not find required class 'org.crac.Resource' (OnClassCondition)

   DataSourceConfiguration.Dbcp2:
      Did not match:
         - @ConditionalOnClass did not find required class 'org.apache.commons.dbcp2.BasicDataSource' (OnClassCondition)

   DataSourceConfiguration.Generic:
      Did not match:
         - @ConditionalOnProperty (spring.datasource.type) did not find property 'spring.datasource.type' (OnPropertyCondition)

   DataSourceConfiguration.OracleUcp:
      Did not match:
         - @ConditionalOnClass did not find required classes 'oracle.ucp.jdbc.PoolDataSourceImpl', 'oracle.jdbc.OracleConnection' (OnClassCondition)

   DataSourceConfiguration.Tomcat:
      Did not match:
         - @ConditionalOnClass did not find required class 'org.apache.tomcat.jdbc.pool.DataSource' (OnClassCondition)

   DataSourceJmxConfiguration.TomcatDataSourceJmxConfiguration:
      Did not match:
         - @ConditionalOnClass did not find required class 'org.apache.tomcat.jdbc.pool.DataSourceProxy' (OnClassCondition)

   DataSourcePoolMetadataProvidersConfiguration.CommonsDbcp2PoolDataSourceMetadataProviderConfiguration:
      Did not match:
         - @ConditionalOnClass did not find required class 'org.apache.commons.dbcp2.BasicDataSource' (OnClassCondition)

   DataSourcePoolMetadataProvidersConfiguration.OracleUcpPoolDataSourceMetadataProviderConfiguration:
      Did not match:
         - @ConditionalOnClass did not find required classes 'oracle.ucp.jdbc.PoolDataSource', 'oracle.jdbc.OracleConnection' (OnClassCondition)

   DataSourcePoolMetadataProvidersConfiguration.TomcatDataSourcePoolMetadataProviderConfiguration:
      Did not match:
         - @ConditionalOnClass did not find required class 'org.apache.tomcat.jdbc.pool.DataSource' (OnClassCondition)

   DataSourceTransactionManagerAutoConfiguration.JdbcTransactionManagerConfiguration#transactionManager:
      Did not match:
         - @ConditionalOnMissingBean (types: org.springframework.transaction.TransactionManager; SearchStrategy: all) found beans of type 'org.springframework.transaction.TransactionManager' transactionManager (OnBeanCondition)

   DatadogMetricsExportAutoConfiguration:
      Did not match:
         - @ConditionalOnClass did not find required class 'io.micrometer.datadog.DatadogMeterRegistry' (OnClassCondition)

   DispatcherServletAutoConfiguration.DispatcherServletConfiguration#multipartResolver:
      Did not match:
         - @ConditionalOnBean (types: org.springframework.web.multipart.MultipartResolver; SearchStrategy: all) did not find any beans of type org.springframework.web.multipart.MultipartResolver (OnBeanCondition)

   DynatraceMetricsExportAutoConfiguration:
      Did not match:
         - @ConditionalOnClass did not find required class 'io.micrometer.dynatrace.DynatraceMeterRegistry' (OnClassCondition)

   ElasticMetricsExportAutoConfiguration:
      Did not match:
         - @ConditionalOnClass did not find required class 'io.micrometer.elastic.ElasticMeterRegistry' (OnClassCondition)

   ElasticsearchClientAutoConfiguration:
      Did not match:
         - @ConditionalOnClass did not find required class 'co.elastic.clients.elasticsearch.ElasticsearchClient' (OnClassCondition)

   ElasticsearchDataAutoConfiguration:
      Did not match:
         - @ConditionalOnClass did not find required class 'org.springframework.data.elasticsearch.client.elc.ElasticsearchTemplate' (OnClassCondition)

   ElasticsearchReactiveHealthContributorAutoConfiguration:
      Did not match:
         - @ConditionalOnClass did not find required class 'reactor.core.publisher.Flux' (OnClassCondition)

   ElasticsearchRepositoriesAutoConfiguration:
      Did not match:
         - @ConditionalOnClass did not find required class 'org.springframework.data.elasticsearch.repository.ElasticsearchRepository' (OnClassCondition)

   ElasticsearchRestClientAutoConfiguration:
      Did not match:
         - @ConditionalOnClass did not find required class 'org.elasticsearch.client.RestClientBuilder' (OnClassCondition)

   ElasticsearchRestHealthContributorAutoConfiguration:
      Did not match:
         - @ConditionalOnClass did not find required class 'org.elasticsearch.client.RestClient' (OnClassCondition)

   EmbeddedLdapAutoConfiguration:
      Did not match:
         - @ConditionalOnClass did not find required class 'com.unboundid.ldap.listener.InMemoryDirectoryServer' (OnClassCondition)

   EmbeddedWebServerFactoryCustomizerAutoConfiguration.JettyWebServerFactoryCustomizerConfiguration:
      Did not match:
         - @ConditionalOnClass did not find required classes 'org.eclipse.jetty.server.Server', 'org.eclipse.jetty.util.Loader', 'org.eclipse.jetty.ee10.webapp.WebAppContext' (OnClassCondition)

   EmbeddedWebServerFactoryCustomizerAutoConfiguration.NettyWebServerFactoryCustomizerConfiguration:
      Did not match:
         - @ConditionalOnClass did not find required class 'reactor.netty.http.server.HttpServer' (OnClassCondition)

   EmbeddedWebServerFactoryCustomizerAutoConfiguration.TomcatWebServerFactoryCustomizerConfiguration#tomcatVirtualThreadsProtocolHandlerCustomizer:
      Did not match:
         - @ConditionalOnThreading did not find VIRTUAL (OnThreadingCondition)

   EmbeddedWebServerFactoryCustomizerAutoConfiguration.UndertowWebServerFactoryCustomizerConfiguration:
      Did not match:
         - @ConditionalOnClass did not find required classes 'io.undertow.Undertow', 'org.xnio.SslClientAuthMode' (OnClassCondition)

   EnvironmentEndpointAutoConfiguration:
      Did not match:
         - @ConditionalOnAvailableEndpoint no 'management.endpoints' property marked it as exposed (OnAvailableEndpointCondition)

   ErrorWebFluxAutoConfiguration:
      Did not match:
         - @ConditionalOnClass did not find required class 'org.springframework.web.reactive.config.WebFluxConfigurer' (OnClassCondition)

   FeignAcceptGzipEncodingAutoConfiguration:
      Did not match:
         - @ConditionalOnProperty (spring.cloud.openfeign.compression.response.enabled) did not find property 'spring.cloud.openfeign.compression.response.enabled' (OnPropertyCondition)
      Matched:
         - @ConditionalOnClass found required class 'feign.Feign' (OnClassCondition)

   FeignAutoConfiguration#cachingCapability:
      Did not match:
         - @ConditionalOnBean (types: org.springframework.cache.interceptor.CacheInterceptor; SearchStrategy: all) did not find any beans of type org.springframework.cache.interceptor.CacheInterceptor (OnBeanCondition)
      Matched:
         - @ConditionalOnProperty (spring.cloud.openfeign.cache.enabled) matched (OnPropertyCondition)

   FeignAutoConfiguration.CircuitBreakerPresentFeignTargeterConfiguration:
      Did not match:
         - @ConditionalOnProperty (spring.cloud.openfeign.circuitbreaker.enabled=true) did not find property 'spring.cloud.openfeign.circuitbreaker.enabled' (OnPropertyCondition)
      Matched:
         - @ConditionalOnClass found required class 'org.springframework.cloud.client.circuitbreaker.CircuitBreaker' (OnClassCondition)

   FeignAutoConfiguration.Http2ClientFeignConfiguration:
      Did not match:
         - @ConditionalOnClass did not find required class 'feign.http2client.Http2Client' (OnClassCondition)

   FeignAutoConfiguration.HttpClient5FeignConfiguration:
      Did not match:
         - @ConditionalOnClass did not find required class 'feign.hc5.ApacheHttp5Client' (OnClassCondition)

   FeignAutoConfiguration.Oauth2FeignConfiguration:
      Did not match:
         - @ConditionalOnClass did not find required class 'org.springframework.security.oauth2.client.OAuth2AuthorizedClientManager' (OnClassCondition)

   FeignAutoConfiguration.OkHttpFeignConfiguration:
      Did not match:
         - @ConditionalOnClass did not find required class 'feign.okhttp.OkHttpClient' (OnClassCondition)

   FeignContentGzipEncodingAutoConfiguration:
      Did not match:
         - @ConditionalOnProperty (spring.cloud.openfeign.compression.request.enabled) did not find property 'spring.cloud.openfeign.compression.request.enabled' (OnPropertyCondition)
      Matched:
         - @ConditionalOnClass found required class 'feign.Feign' (OnClassCondition)

   FeignHalAutoConfiguration:
      Did not match:
         - @ConditionalOnClass did not find required class 'org.springframework.hateoas.config.WebConverters' (OnClassCondition)

   FeignLoadBalancerAutoConfiguration:
      Did not match:
         - @ConditionalOnBean did not find required type 'org.springframework.cloud.loadbalancer.support.LoadBalancerClientFactory' (OnBeanCondition)

   FlywayAutoConfiguration:
      Did not match:
         - @ConditionalOnClass did not find required class 'org.flywaydb.core.Flyway' (OnClassCondition)

   FlywayEndpointAutoConfiguration:
      Did not match:
         - @ConditionalOnClass did not find required class 'org.flywaydb.core.Flyway' (OnClassCondition)

   FreeMarkerAutoConfiguration:
      Did not match:
         - @ConditionalOnClass did not find required class 'freemarker.template.Configuration' (OnClassCondition)

   GangliaMetricsExportAutoConfiguration:
      Did not match:
         - @ConditionalOnClass did not find required class 'io.micrometer.ganglia.GangliaMeterRegistry' (OnClassCondition)

   GraphQlAutoConfiguration:
      Did not match:
         - @ConditionalOnClass did not find required class 'graphql.GraphQL' (OnClassCondition)

   GraphQlObservationAutoConfiguration:
      Did not match:
         - @ConditionalOnClass did not find required class 'graphql.GraphQL' (OnClassCondition)

   GraphQlQueryByExampleAutoConfiguration:
      Did not match:
         - @ConditionalOnClass did not find required class 'graphql.GraphQL' (OnClassCondition)

   GraphQlQuerydslAutoConfiguration:
      Did not match:
         - @ConditionalOnClass did not find required class 'com.querydsl.core.Query' (OnClassCondition)

   GraphQlRSocketAutoConfiguration:
      Did not match:
         - @ConditionalOnClass did not find required class 'graphql.GraphQL' (OnClassCondition)

   GraphQlReactiveQueryByExampleAutoConfiguration:
      Did not match:
         - @ConditionalOnClass did not find required class 'graphql.GraphQL' (OnClassCondition)

   GraphQlReactiveQuerydslAutoConfiguration:
      Did not match:
         - @ConditionalOnClass did not find required class 'com.querydsl.core.Query' (OnClassCondition)

   GraphQlWebFluxAutoConfiguration:
      Did not match:
         - @ConditionalOnClass did not find required class 'graphql.GraphQL' (OnClassCondition)

   GraphQlWebFluxSecurityAutoConfiguration:
      Did not match:
         - @ConditionalOnClass did not find required class 'graphql.GraphQL' (OnClassCondition)

   GraphQlWebMvcAutoConfiguration:
      Did not match:
         - @ConditionalOnClass did not find required class 'graphql.GraphQL' (OnClassCondition)

   GraphQlWebMvcSecurityAutoConfiguration:
      Did not match:
         - @ConditionalOnClass did not find required class 'graphql.GraphQL' (OnClassCondition)

   GraphiteMetricsExportAutoConfiguration:
      Did not match:
         - @ConditionalOnClass did not find required class 'io.micrometer.graphite.GraphiteMeterRegistry' (OnClassCondition)

   GroovyTemplateAutoConfiguration:
      Did not match:
         - @ConditionalOnClass did not find required class 'groovy.text.markup.MarkupTemplateEngine' (OnClassCondition)

   GsonAutoConfiguration:
      Did not match:
         - @ConditionalOnClass did not find required class 'com.google.gson.Gson' (OnClassCondition)

   GsonHttpMessageConvertersConfiguration:
      Did not match:
         - @ConditionalOnClass did not find required class 'com.google.gson.Gson' (OnClassCondition)

   H2ConsoleAutoConfiguration:
      Did not match:
         - @ConditionalOnClass did not find required class 'org.h2.server.web.JakartaWebServlet' (OnClassCondition)

   HazelcastAutoConfiguration:
      Did not match:
         - @ConditionalOnClass did not find required class 'com.hazelcast.core.HazelcastInstance' (OnClassCondition)

   HazelcastCacheConfiguration:
      Did not match:
         - @ConditionalOnClass did not find required class 'com.hazelcast.core.HazelcastInstance' (OnClassCondition)

   HazelcastHealthContributorAutoConfiguration:
      Did not match:
         - @ConditionalOnClass did not find required class 'com.hazelcast.core.HazelcastInstance' (OnClassCondition)

   HazelcastJpaDependencyAutoConfiguration:
      Did not match:
         - @ConditionalOnClass did not find required class 'com.hazelcast.core.HazelcastInstance' (OnClassCondition)

   HealthEndpointReactiveWebExtensionConfiguration:
      Did not match:
         - did not find reactive web application classes (OnWebApplicationCondition)

   HealthEndpointWebExtensionConfiguration.JerseyAdditionalHealthEndpointPathsConfiguration:
      Did not match:
         - @ConditionalOnClass did not find required class 'org.glassfish.jersey.server.ResourceConfig' (OnClassCondition)

   HeapDumpWebEndpointAutoConfiguration:
      Did not match:
         - @ConditionalOnAvailableEndpoint no 'management.endpoints' property marked it as exposed (OnAvailableEndpointCondition)

   HibernateMetricsAutoConfiguration:
      Did not match:
         - @ConditionalOnClass did not find required class 'org.hibernate.stat.HibernateMetrics' (OnClassCondition)

   HttpExchangesAutoConfiguration:
      Did not match:
         - @ConditionalOnBean (types: org.springframework.boot.actuate.web.exchanges.HttpExchangeRepository; SearchStrategy: all) did not find any beans of type org.springframework.boot.actuate.web.exchanges.HttpExchangeRepository (OnBeanCondition)
      Matched:
         - @ConditionalOnWebApplication (required) found 'session' scope (OnWebApplicationCondition)
         - @ConditionalOnProperty (management.httpexchanges.recording.enabled) matched (OnPropertyCondition)

   HttpExchangesAutoConfiguration.ReactiveHttpExchangesConfiguration:
      Did not match:
         - did not find reactive web application classes (OnWebApplicationCondition)
         - Ancestor org.springframework.boot.actuate.autoconfigure.web.exchanges.HttpExchangesAutoConfiguration did not match (ConditionEvaluationReport.AncestorsMatchedCondition)

   HttpExchangesAutoConfiguration.ServletHttpExchangesConfiguration:
      Did not match:
         - Ancestor org.springframework.boot.actuate.autoconfigure.web.exchanges.HttpExchangesAutoConfiguration did not match (ConditionEvaluationReport.AncestorsMatchedCondition)
      Matched:
         - found 'session' scope (OnWebApplicationCondition)

   HttpExchangesEndpointAutoConfiguration:
      Did not match:
         - @ConditionalOnAvailableEndpoint no 'management.endpoints' property marked it as exposed (OnAvailableEndpointCondition)

   HttpHandlerAutoConfiguration:
      Did not match:
         - @ConditionalOnClass did not find required class 'org.springframework.web.reactive.DispatcherHandler' (OnClassCondition)

   HumioMetricsExportAutoConfiguration:
      Did not match:
         - @ConditionalOnClass did not find required class 'io.micrometer.humio.HumioMeterRegistry' (OnClassCondition)

   HypermediaAutoConfiguration:
      Did not match:
         - @ConditionalOnClass did not find required class 'org.springframework.hateoas.EntityModel' (OnClassCondition)

   InfinispanCacheConfiguration:
      Did not match:
         - @ConditionalOnClass did not find required class 'org.infinispan.spring.embedded.provider.SpringEmbeddedCacheManager' (OnClassCondition)

   InfluxDbAutoConfiguration:
      Did not match:
         - @ConditionalOnClass did not find required class 'org.influxdb.InfluxDB' (OnClassCondition)

   InfluxDbHealthContributorAutoConfiguration:
      Did not match:
         - @ConditionalOnClass did not find required class 'org.influxdb.InfluxDB' (OnClassCondition)

   InfluxMetricsExportAutoConfiguration:
      Did not match:
         - @ConditionalOnClass did not find required class 'io.micrometer.influx.InfluxMeterRegistry' (OnClassCondition)

   InfoContributorAutoConfiguration#buildInfoContributor:
      Did not match:
         - @ConditionalOnSingleCandidate (types: org.springframework.boot.info.BuildProperties; SearchStrategy: all) did not find any beans (OnBeanCondition)
      Matched:
         - @ConditionalOnEnabledInfoContributor management.info.defaults.enabled is considered true (OnEnabledInfoContributorCondition)

   InfoContributorAutoConfiguration#envInfoContributor:
      Did not match:
         - @ConditionalOnEnabledInfoContributor management.info.env.enabled is not true (OnEnabledInfoContributorCondition)

   InfoContributorAutoConfiguration#gitInfoContributor:
      Did not match:
         - @ConditionalOnSingleCandidate (types: org.springframework.boot.info.GitProperties; SearchStrategy: all) did not find any beans (OnBeanCondition)
      Matched:
         - @ConditionalOnEnabledInfoContributor management.info.defaults.enabled is considered true (OnEnabledInfoContributorCondition)

   InfoContributorAutoConfiguration#javaInfoContributor:
      Did not match:
         - @ConditionalOnEnabledInfoContributor management.info.java.enabled is not true (OnEnabledInfoContributorCondition)

   InfoContributorAutoConfiguration#osInfoContributor:
      Did not match:
         - @ConditionalOnEnabledInfoContributor management.info.os.enabled is not true (OnEnabledInfoContributorCondition)

   InfoEndpointAutoConfiguration:
      Did not match:
         - @ConditionalOnAvailableEndpoint no 'management.endpoints' property marked it as exposed (OnAvailableEndpointCondition)

   IntegrationAutoConfiguration:
      Did not match:
         - @ConditionalOnClass did not find required class 'org.springframework.integration.config.EnableIntegration' (OnClassCondition)

   IntegrationGraphEndpointAutoConfiguration:
      Did not match:
         - @ConditionalOnClass did not find required class 'org.springframework.integration.graph.IntegrationGraphServer' (OnClassCondition)

   JCacheCacheConfiguration:
      Did not match:
         - @ConditionalOnClass did not find required class 'javax.cache.Caching' (OnClassCondition)

   JacksonHttpMessageConvertersConfiguration.MappingJackson2XmlHttpMessageConverterConfiguration:
      Did not match:
         - @ConditionalOnClass did not find required class 'com.fasterxml.jackson.dataformat.xml.XmlMapper' (OnClassCondition)

   JdbcRepositoriesAutoConfiguration:
      Did not match:
         - @ConditionalOnClass did not find required class 'org.springframework.data.jdbc.repository.config.AbstractJdbcConfiguration' (OnClassCondition)

   JerseyAutoConfiguration:
      Did not match:
         - @ConditionalOnClass did not find required class 'org.glassfish.jersey.server.spring.SpringComponentProvider' (OnClassCondition)

   JerseySameManagementContextConfiguration:
      Did not match:
         - @ConditionalOnClass did not find required class 'org.glassfish.jersey.server.ResourceConfig' (OnClassCondition)

   JerseyServerMetricsAutoConfiguration:
      Did not match:
         - @ConditionalOnClass did not find required class 'io.micrometer.core.instrument.binder.jersey.server.MetricsApplicationEventListener' (OnClassCondition)

   JerseyWebEndpointManagementContextConfiguration:
      Did not match:
         - @ConditionalOnClass did not find required class 'org.glassfish.jersey.server.ResourceConfig' (OnClassCondition)

   JettyMetricsAutoConfiguration:
      Did not match:
         - @ConditionalOnClass did not find required class 'org.eclipse.jetty.server.Server' (OnClassCondition)

   JmsAutoConfiguration:
      Did not match:
         - @ConditionalOnClass did not find required class 'jakarta.jms.Message' (OnClassCondition)

   JmsHealthContributorAutoConfiguration:
      Did not match:
         - @ConditionalOnClass did not find required class 'jakarta.jms.ConnectionFactory' (OnClassCondition)

   JmsTemplateObservationAutoConfiguration:
      Did not match:
         - @ConditionalOnClass did not find required class 'jakarta.jms.Message' (OnClassCondition)

   JmxAutoConfiguration:
      Did not match:
         - @ConditionalOnProperty (spring.jmx.enabled=true) did not find property 'enabled' (OnPropertyCondition)
      Matched:
         - @ConditionalOnClass found required class 'org.springframework.jmx.export.MBeanExporter' (OnClassCondition)

   JmxEndpointAutoConfiguration:
      Did not match:
         - @ConditionalOnProperty (spring.jmx.enabled=true) did not find property 'enabled' (OnPropertyCondition)

   JmxMetricsExportAutoConfiguration:
      Did not match:
         - @ConditionalOnClass did not find required class 'io.micrometer.jmx.JmxMeterRegistry' (OnClassCondition)

   JndiConnectionFactoryAutoConfiguration:
      Did not match:
         - @ConditionalOnClass did not find required class 'org.springframework.jms.core.JmsTemplate' (OnClassCondition)

   JndiDataSourceAutoConfiguration:
      Did not match:
         - @ConditionalOnProperty (spring.datasource.jndi-name) did not find property 'jndi-name' (OnPropertyCondition)
      Matched:
         - @ConditionalOnClass found required classes 'javax.sql.DataSource', 'org.springframework.jdbc.datasource.embedded.EmbeddedDatabaseType' (OnClassCondition)

   JndiJtaConfiguration:
      Did not match:
         - @ConditionalOnJndi JNDI environment is not available (OnJndiCondition)
      Matched:
         - @ConditionalOnClass found required class 'org.springframework.transaction.jta.JtaTransactionManager' (OnClassCondition)

   JooqAutoConfiguration:
      Did not match:
         - @ConditionalOnClass did not find required class 'org.jooq.DSLContext' (OnClassCondition)

   JpaRepositoriesAutoConfiguration#entityManagerFactoryBootstrapExecutorCustomizer:
      Did not match:
         - AnyNestedCondition 0 matched 2 did not; NestedCondition on JpaRepositoriesAutoConfiguration.BootstrapExecutorCondition.LazyBootstrapMode @ConditionalOnProperty (spring.data.jpa.repositories.bootstrap-mode=lazy) did not find property 'bootstrap-mode'; NestedCondition on JpaRepositoriesAutoConfiguration.BootstrapExecutorCondition.DeferredBootstrapMode @ConditionalOnProperty (spring.data.jpa.repositories.bootstrap-mode=deferred) did not find property 'bootstrap-mode' (JpaRepositoriesAutoConfiguration.BootstrapExecutorCondition)

   JsonbAutoConfiguration:
      Did not match:
         - @ConditionalOnClass did not find required class 'jakarta.json.bind.Jsonb' (OnClassCondition)

   JsonbHttpMessageConvertersConfiguration:
      Did not match:
         - @ConditionalOnClass did not find required class 'jakarta.json.bind.Jsonb' (OnClassCondition)

   KafkaAutoConfiguration:
      Did not match:
         - @ConditionalOnClass did not find required class 'org.springframework.kafka.core.KafkaTemplate' (OnClassCondition)

   KafkaMetricsAutoConfiguration:
      Did not match:
         - @ConditionalOnClass did not find required class 'org.springframework.kafka.core.ProducerFactory' (OnClassCondition)

   KairosMetricsExportAutoConfiguration:
      Did not match:
         - @ConditionalOnClass did not find required class 'io.micrometer.kairos.KairosMeterRegistry' (OnClassCondition)

   LdapAutoConfiguration:
      Did not match:
         - @ConditionalOnClass did not find required class 'org.springframework.ldap.core.ContextSource' (OnClassCondition)

   LdapHealthContributorAutoConfiguration:
      Did not match:
         - @ConditionalOnClass did not find required class 'org.springframework.ldap.core.LdapOperations' (OnClassCondition)

   LdapRepositoriesAutoConfiguration:
      Did not match:
         - @ConditionalOnClass did not find required class 'org.springframework.data.ldap.repository.LdapRepository' (OnClassCondition)

   LettuceMetricsAutoConfiguration:
      Did not match:
         - @ConditionalOnClass did not find required class 'io.lettuce.core.metrics.MicrometerCommandLatencyRecorder' (OnClassCondition)

   LiquibaseAutoConfiguration:
      Did not match:
         - @ConditionalOnClass did not find required class 'liquibase.change.DatabaseChange' (OnClassCondition)

   LiquibaseEndpointAutoConfiguration:
      Did not match:
         - @ConditionalOnClass did not find required class 'liquibase.integration.spring.SpringLiquibase' (OnClassCondition)

   LoadBalancerAutoConfiguration:
      Did not match:
         - @ConditionalOnBean (types: org.springframework.cloud.client.loadbalancer.LoadBalancerClient; SearchStrategy: all) did not find any beans of type org.springframework.cloud.client.loadbalancer.LoadBalancerClient (OnBeanCondition)
      Matched:
         - AnyNestedCondition 2 matched 0 did not; NestedCondition on BlockingRestClassesPresentCondition.RestClientPresent @ConditionalOnClass found required class 'org.springframework.web.client.RestClient'; NestedCondition on BlockingRestClassesPresentCondition.RestTemplatePresent @ConditionalOnClass found required class 'org.springframework.web.client.RestTemplate' (BlockingRestClassesPresentCondition)

   LoadBalancerAutoConfiguration.RetryAutoConfiguration:
      Did not match:
         - @ConditionalOnClass did not find required class 'org.springframework.retry.support.RetryTemplate' (OnClassCondition)
         - Ancestor org.springframework.cloud.client.loadbalancer.LoadBalancerAutoConfiguration did not match (ConditionEvaluationReport.AncestorsMatchedCondition)

   LoadBalancerAutoConfiguration.RetryInterceptorAutoConfiguration:
      Did not match:
         - @ConditionalOnClass did not find required class 'org.springframework.retry.support.RetryTemplate' (OnClassCondition)
         - Ancestor org.springframework.cloud.client.loadbalancer.LoadBalancerAutoConfiguration did not match (ConditionEvaluationReport.AncestorsMatchedCondition)

   LoadBalancerBeanPostProcessorAutoConfiguration:
      Did not match:
         - @ConditionalOnClass did not find required class 'org.springframework.web.reactive.function.client.WebClient' (OnClassCondition)

   Log4J2MetricsAutoConfiguration:
      Did not match:
         - @ConditionalOnClass did not find required class 'org.apache.logging.log4j.core.LoggerContext' (OnClassCondition)

   LogFileWebEndpointAutoConfiguration:
      Did not match:
         - @ConditionalOnAvailableEndpoint no 'management.endpoints' property marked it as exposed (OnAvailableEndpointCondition)

   LoggersEndpointAutoConfiguration:
      Did not match:
         - @ConditionalOnAvailableEndpoint no 'management.endpoints' property marked it as exposed (OnAvailableEndpointCondition)

   MailHealthContributorAutoConfiguration:
      Did not match:
         - @ConditionalOnClass did not find required class 'org.springframework.mail.javamail.JavaMailSenderImpl' (OnClassCondition)

   MailSenderAutoConfiguration:
      Did not match:
         - @ConditionalOnClass did not find required class 'jakarta.mail.internet.MimeMessage' (OnClassCondition)

   MailSenderValidatorAutoConfiguration:
      Did not match:
         - @ConditionalOnSingleCandidate did not find required type 'org.springframework.mail.javamail.JavaMailSenderImpl' (OnBeanCondition)

   ManagementContextAutoConfiguration.DifferentManagementContextConfiguration:
      Did not match:
         - Management Port actual port type (SAME) did not match required type (DIFFERENT) (OnManagementPortCondition)

   ManagementWebSecurityAutoConfiguration:
      Did not match:
         - AllNestedConditions 1 matched 1 did not; NestedCondition on DefaultWebSecurityCondition.Beans @ConditionalOnMissingBean (types: org.springframework.security.web.SecurityFilterChain; SearchStrategy: all) found beans of type 'org.springframework.security.web.SecurityFilterChain' securityFilterChain; NestedCondition on DefaultWebSecurityCondition.Classes @ConditionalOnClass found required classes 'org.springframework.security.web.SecurityFilterChain', 'org.springframework.security.config.annotation.web.builders.HttpSecurity' (DefaultWebSecurityCondition)
      Matched:
         - found 'session' scope (OnWebApplicationCondition)

   MappingsEndpointAutoConfiguration:
      Did not match:
         - @ConditionalOnAvailableEndpoint no 'management.endpoints' property marked it as exposed (OnAvailableEndpointCondition)

   MessageSourceAutoConfiguration:
      Did not match:
         - ResourceBundle did not find bundle with basename messages (MessageSourceAutoConfiguration.ResourceBundleCondition)

   MetricsEndpointAutoConfiguration:
      Did not match:
         - @ConditionalOnAvailableEndpoint no 'management.endpoints' property marked it as exposed (OnAvailableEndpointCondition)
      Matched:
         - @ConditionalOnClass found required class 'io.micrometer.core.annotation.Timed' (OnClassCondition)

   MicrometerTracingAutoConfiguration:
      Did not match:
         - @ConditionalOnClass did not find required class 'io.micrometer.tracing.Tracer' (OnClassCondition)

   MongoAutoConfiguration:
      Did not match:
         - @ConditionalOnClass did not find required class 'com.mongodb.client.MongoClient' (OnClassCondition)

   MongoDataAutoConfiguration:
      Did not match:
         - @ConditionalOnClass did not find required class 'com.mongodb.client.MongoClient' (OnClassCondition)

   MongoHealthContributorAutoConfiguration:
      Did not match:
         - @ConditionalOnClass did not find required class 'org.springframework.data.mongodb.core.MongoTemplate' (OnClassCondition)

   MongoMetricsAutoConfiguration:
      Did not match:
         - @ConditionalOnClass did not find required class 'com.mongodb.MongoClientSettings' (OnClassCondition)

   MongoReactiveAutoConfiguration:
      Did not match:
         - @ConditionalOnClass did not find required class 'com.mongodb.reactivestreams.client.MongoClient' (OnClassCondition)

   MongoReactiveDataAutoConfiguration:
      Did not match:
         - @ConditionalOnClass did not find required class 'com.mongodb.reactivestreams.client.MongoClient' (OnClassCondition)

   MongoReactiveHealthContributorAutoConfiguration:
      Did not match:
         - @ConditionalOnClass did not find required class 'reactor.core.publisher.Flux' (OnClassCondition)

   MongoReactiveRepositoriesAutoConfiguration:
      Did not match:
         - @ConditionalOnClass did not find required class 'com.mongodb.reactivestreams.client.MongoClient' (OnClassCondition)

   MongoRepositoriesAutoConfiguration:
      Did not match:
         - @ConditionalOnClass did not find required class 'com.mongodb.client.MongoClient' (OnClassCondition)

   MultipleOpenApiSupportConfiguration:
      Did not match:
         - AnyNestedCondition 0 matched 2 did not; NestedCondition on MultipleOpenApiSupportCondition.OnActuatorDifferentPort found non-matching nested conditions Management Port actual port type (SAME) did not match required type (DIFFERENT), @ConditionalOnProperty (springdoc.show-actuator) did not find property 'springdoc.show-actuator'; NestedCondition on MultipleOpenApiSupportCondition.OnMultipleOpenApiSupportCondition AnyNestedCondition 0 matched 2 did not; NestedCondition on MultipleOpenApiGroupsCondition.OnGroupConfigProperty @ConditionalOnProperty (springdoc.group-configs[0].group) did not find property 'springdoc.group-configs[0].group'; NestedCondition on MultipleOpenApiGroupsCondition.OnGroupedOpenApiBean @ConditionalOnBean (types: org.springdoc.core.models.GroupedOpenApi; SearchStrategy: all) did not find any beans of type org.springdoc.core.models.GroupedOpenApi (MultipleOpenApiSupportCondition)
      Matched:
         - found 'session' scope (OnWebApplicationCondition)
         - @ConditionalOnProperty (springdoc.api-docs.enabled) matched (OnPropertyCondition)

   MultipleOpenApiSupportConfiguration.SpringDocWebMvcActuatorDifferentConfiguration:
      Did not match:
         - Management Port actual port type (SAME) did not match required type (DIFFERENT) (OnManagementPortCondition)
         - Ancestor org.springdoc.webmvc.core.configuration.MultipleOpenApiSupportConfiguration did not match (ConditionEvaluationReport.AncestorsMatchedCondition)
      Matched:
         - @ConditionalOnClass found required class 'org.springframework.boot.actuate.endpoint.web.servlet.WebMvcEndpointHandlerMapping' (OnClassCondition)

   MustacheAutoConfiguration:
      Did not match:
         - @ConditionalOnClass did not find required class 'com.samskivert.mustache.Mustache' (OnClassCondition)

   Neo4jAutoConfiguration:
      Did not match:
         - @ConditionalOnClass did not find required class 'org.neo4j.driver.Driver' (OnClassCondition)

   Neo4jDataAutoConfiguration:
      Did not match:
         - @ConditionalOnClass did not find required class 'org.neo4j.driver.Driver' (OnClassCondition)

   Neo4jHealthContributorAutoConfiguration:
      Did not match:
         - @ConditionalOnClass did not find required class 'org.neo4j.driver.Driver' (OnClassCondition)

   Neo4jReactiveDataAutoConfiguration:
      Did not match:
         - @ConditionalOnClass did not find required class 'org.neo4j.driver.Driver' (OnClassCondition)

   Neo4jReactiveRepositoriesAutoConfiguration:
      Did not match:
         - @ConditionalOnClass did not find required class 'org.neo4j.driver.Driver' (OnClassCondition)

   Neo4jRepositoriesAutoConfiguration:
      Did not match:
         - @ConditionalOnClass did not find required class 'org.neo4j.driver.Driver' (OnClassCondition)

   NettyAutoConfiguration:
      Did not match:
         - @ConditionalOnClass did not find required class 'io.netty.util.NettyRuntime' (OnClassCondition)

   NewRelicMetricsExportAutoConfiguration:
      Did not match:
         - @ConditionalOnClass did not find required class 'io.micrometer.newrelic.NewRelicMeterRegistry' (OnClassCondition)

   NoOpMeterRegistryConfiguration:
      Did not match:
         - @ConditionalOnMissingBean (types: io.micrometer.core.instrument.MeterRegistry; SearchStrategy: all) found beans of type 'io.micrometer.core.instrument.MeterRegistry' simpleMeterRegistry (OnBeanCondition)

   OAuth2AuthorizationServerAutoConfiguration:
      Did not match:
         - @ConditionalOnClass did not find required class 'org.springframework.security.oauth2.server.authorization.OAuth2Authorization' (OnClassCondition)

   OAuth2AuthorizationServerJwtAutoConfiguration:
      Did not match:
         - @ConditionalOnClass did not find required class 'org.springframework.security.oauth2.server.authorization.OAuth2Authorization' (OnClassCondition)

   OAuth2ClientAutoConfiguration:
      Did not match:
         - @ConditionalOnClass did not find required class 'org.springframework.security.oauth2.client.registration.ClientRegistration' (OnClassCondition)

   OAuth2ResourceServerAutoConfiguration:
      Did not match:
         - @ConditionalOnClass did not find required class 'org.springframework.security.oauth2.server.resource.authentication.BearerTokenAuthenticationToken' (OnClassCondition)

   ObservationAutoConfiguration.MeterObservationHandlerConfiguration.TracingAndMetricsObservationHandlerConfiguration:
      Did not match:
         - @ConditionalOnBean did not find required type 'io.micrometer.tracing.Tracer' (OnBeanCondition)
         - @ConditionalOnBean (types: io.micrometer.tracing.Tracer; SearchStrategy: all) did not find any beans of type io.micrometer.tracing.Tracer (OnBeanCondition)

   ObservationAutoConfiguration.MetricsWithTracingConfiguration:
      Did not match:
         - @ConditionalOnClass did not find required class 'io.micrometer.tracing.Tracer' (OnClassCondition)

   ObservationAutoConfiguration.OnlyTracingConfiguration:
      Did not match:
         - @ConditionalOnClass did not find required class 'io.micrometer.tracing.Tracer' (OnClassCondition)

   org.springframework.boot.actuate.autoconfigure.opentelemetry.OpenTelemetryAutoConfiguration:
      Did not match:
         - @ConditionalOnClass did not find required class 'io.opentelemetry.sdk.OpenTelemetrySdk' (OnClassCondition)

   org.springframework.boot.actuate.autoconfigure.tracing.OpenTelemetryAutoConfiguration:
      Did not match:
         - @ConditionalOnClass did not find required class 'io.micrometer.tracing.otel.bridge.OtelTracer' (OnClassCondition)

   OtlpAutoConfiguration:
      Did not match:
         - @ConditionalOnClass did not find required class 'io.micrometer.tracing.otel.bridge.OtelTracer' (OnClassCondition)

   OtlpMetricsExportAutoConfiguration:
      Did not match:
         - @ConditionalOnClass did not find required class 'io.micrometer.registry.otlp.OtlpMeterRegistry' (OnClassCondition)

   PauseResumeEndpointsConfiguration#pauseEndpoint:
      Did not match:
         - @ConditionalOnBean (types: org.springframework.cloud.context.restart.RestartEndpoint; SearchStrategy: all) did not find any beans of type org.springframework.cloud.context.restart.RestartEndpoint (OnBeanCondition)

   PauseResumeEndpointsConfiguration#resumeEndpoint:
      Did not match:
         - @ConditionalOnBean (types: org.springframework.cloud.context.restart.RestartEndpoint; SearchStrategy: all) did not find any beans of type org.springframework.cloud.context.restart.RestartEndpoint (OnBeanCondition)

   ProjectInfoAutoConfiguration#buildProperties:
      Did not match:
         - @ConditionalOnResource did not find resource '${spring.info.build.location:classpath:META-INF/build-info.properties}' (OnResourceCondition)

   ProjectInfoAutoConfiguration#gitProperties:
      Did not match:
         - GitResource did not find git info at classpath:git.properties (ProjectInfoAutoConfiguration.GitResourceAvailableCondition)

   PrometheusExemplarsAutoConfiguration:
      Did not match:
         - @ConditionalOnClass did not find required class 'io.micrometer.tracing.Tracer' (OnClassCondition)

   PrometheusMetricsExportAutoConfiguration:
      Did not match:
         - @ConditionalOnClass did not find required class 'io.micrometer.prometheus.PrometheusMeterRegistry' (OnClassCondition)

   PulsarAutoConfiguration:
      Did not match:
         - @ConditionalOnClass did not find required class 'org.apache.pulsar.client.api.PulsarClient' (OnClassCondition)

   PulsarReactiveAutoConfiguration:
      Did not match:
         - @ConditionalOnClass did not find required class 'org.apache.pulsar.client.api.PulsarClient' (OnClassCondition)

   QuartzAutoConfiguration:
      Did not match:
         - @ConditionalOnClass did not find required class 'org.quartz.Scheduler' (OnClassCondition)

   QuartzEndpointAutoConfiguration:
      Did not match:
         - @ConditionalOnClass did not find required class 'org.quartz.Scheduler' (OnClassCondition)

   R2dbcAutoConfiguration:
      Did not match:
         - @ConditionalOnClass did not find required class 'io.r2dbc.spi.ConnectionFactory' (OnClassCondition)

   R2dbcDataAutoConfiguration:
      Did not match:
         - @ConditionalOnClass did not find required class 'org.springframework.data.r2dbc.core.R2dbcEntityTemplate' (OnClassCondition)

   R2dbcInitializationConfiguration:
      Did not match:
         - @ConditionalOnClass did not find required classes 'io.r2dbc.spi.ConnectionFactory', 'org.springframework.r2dbc.connection.init.DatabasePopulator' (OnClassCondition)

   R2dbcObservationAutoConfiguration:
      Did not match:
         - @ConditionalOnClass did not find required class 'io.r2dbc.proxy.ProxyConnectionFactory' (OnClassCondition)

   R2dbcRepositoriesAutoConfiguration:
      Did not match:
         - @ConditionalOnClass did not find required class 'io.r2dbc.spi.ConnectionFactory' (OnClassCondition)

   R2dbcTransactionManagerAutoConfiguration:
      Did not match:
         - @ConditionalOnClass did not find required class 'org.springframework.r2dbc.connection.R2dbcTransactionManager' (OnClassCondition)

   RSocketGraphQlClientAutoConfiguration:
      Did not match:
         - @ConditionalOnClass did not find required class 'graphql.GraphQL' (OnClassCondition)

   RSocketMessagingAutoConfiguration:
      Did not match:
         - @ConditionalOnClass did not find required class 'io.rsocket.RSocket' (OnClassCondition)

   RSocketRequesterAutoConfiguration:
      Did not match:
         - @ConditionalOnClass did not find required class 'io.rsocket.RSocket' (OnClassCondition)

   RSocketSecurityAutoConfiguration:
      Did not match:
         - @ConditionalOnClass did not find required class 'org.springframework.security.rsocket.core.SecuritySocketAcceptorInterceptor' (OnClassCondition)

   RSocketServerAutoConfiguration:
      Did not match:
         - @ConditionalOnClass did not find required class 'io.rsocket.core.RSocketServer' (OnClassCondition)

   RSocketStrategiesAutoConfiguration:
      Did not match:
         - @ConditionalOnClass did not find required class 'io.netty.buffer.PooledByteBufAllocator' (OnClassCondition)

   RabbitAutoConfiguration:
      Did not match:
         - @ConditionalOnClass did not find required class 'com.rabbitmq.client.Channel' (OnClassCondition)

   RabbitHealthContributorAutoConfiguration:
      Did not match:
         - @ConditionalOnClass did not find required class 'org.springframework.amqp.rabbit.core.RabbitTemplate' (OnClassCondition)

   RabbitMetricsAutoConfiguration:
      Did not match:
         - @ConditionalOnClass did not find required class 'com.rabbitmq.client.ConnectionFactory' (OnClassCondition)

   ReactiveCloudFoundryActuatorAutoConfiguration:
      Did not match:
         - @ConditionalOnWebApplication did not find reactive web application classes (OnWebApplicationCondition)

   ReactiveCommonsClientAutoConfiguration.ReactiveDiscoveryLoadBalancerConfiguration:
      Did not match:
         - @ConditionalOnClass did not find required class 'org.springframework.web.reactive.function.client.WebClient' (OnClassCondition)

   ReactiveCompositeDiscoveryClientAutoConfiguration:
      Did not match:
         - @ConditionalOnClass did not find required class 'org.springframework.web.reactive.function.client.WebClient' (OnClassCondition)

   ReactiveElasticsearchClientAutoConfiguration:
      Did not match:
         - @ConditionalOnClass did not find required class 'co.elastic.clients.transport.ElasticsearchTransport' (OnClassCondition)

   ReactiveElasticsearchRepositoriesAutoConfiguration:
      Did not match:
         - @ConditionalOnClass did not find required class 'org.springframework.data.elasticsearch.client.elc.ReactiveElasticsearchClient' (OnClassCondition)

   ReactiveHealthEndpointConfiguration:
      Did not match:
         - @ConditionalOnClass did not find required class 'reactor.core.publisher.Flux' (OnClassCondition)

   ReactiveManagementContextAutoConfiguration:
      Did not match:
         - @ConditionalOnClass did not find required class 'reactor.core.publisher.Flux' (OnClassCondition)

   ReactiveManagementWebSecurityAutoConfiguration:
      Did not match:
         - @ConditionalOnWebApplication did not find reactive web application classes (OnWebApplicationCondition)

   ReactiveMultipartAutoConfiguration:
      Did not match:
         - @ConditionalOnClass did not find required class 'org.springframework.web.reactive.config.WebFluxConfigurer' (OnClassCondition)

   ReactiveOAuth2ClientAutoConfiguration:
      Did not match:
         - @ConditionalOnClass did not find required class 'reactor.core.publisher.Flux' (OnClassCondition)

   ReactiveOAuth2ResourceServerAutoConfiguration:
      Did not match:
         - @ConditionalOnWebApplication did not find reactive web application classes (OnWebApplicationCondition)

   ReactiveSecurityAutoConfiguration:
      Did not match:
         - @ConditionalOnClass did not find required class 'reactor.core.publisher.Flux' (OnClassCondition)

   ReactiveUserDetailsServiceAutoConfiguration:
      Did not match:
         - AnyNestedCondition 0 matched 2 did not; NestedCondition on ReactiveUserDetailsServiceAutoConfiguration.ReactiveUserDetailsServiceCondition.ReactiveWebApplicationCondition did not find reactive web application classes; NestedCondition on ReactiveUserDetailsServiceAutoConfiguration.ReactiveUserDetailsServiceCondition.RSocketSecurityEnabledCondition @ConditionalOnBean (types: org.springframework.messaging.rsocket.annotation.support.RSocketMessageHandler; SearchStrategy: all) did not find any beans of type org.springframework.messaging.rsocket.annotation.support.RSocketMessageHandler (ReactiveUserDetailsServiceAutoConfiguration.ReactiveUserDetailsServiceCondition)
      Matched:
         - @ConditionalOnClass found required class 'org.springframework.security.authentication.ReactiveAuthenticationManager'; @ConditionalOnMissingClass did not find unwanted classes 'org.springframework.security.oauth2.client.registration.ClientRegistrationRepository', 'org.springframework.security.oauth2.server.resource.introspection.ReactiveOpaqueTokenIntrospector' (OnClassCondition)

   ReactiveWebServerFactoryAutoConfiguration:
      Did not match:
         - @ConditionalOnWebApplication did not find reactive web application classes (OnWebApplicationCondition)

   ReactorAutoConfiguration:
      Did not match:
         - @ConditionalOnClass did not find required class 'reactor.core.publisher.Hooks' (OnClassCondition)

   ReactorLoadBalancerClientAutoConfiguration:
      Did not match:
         - @ConditionalOnClass did not find required class 'org.springframework.web.reactive.function.client.WebClient' (OnClassCondition)

   RedisAutoConfiguration:
      Did not match:
         - @ConditionalOnClass did not find required class 'org.springframework.data.redis.core.RedisOperations' (OnClassCondition)

   RedisCacheConfiguration:
      Did not match:
         - @ConditionalOnClass did not find required class 'org.springframework.data.redis.connection.RedisConnectionFactory' (OnClassCondition)

   RedisHealthContributorAutoConfiguration:
      Did not match:
         - @ConditionalOnClass did not find required class 'org.springframework.data.redis.connection.RedisConnectionFactory' (OnClassCondition)

   RedisReactiveAutoConfiguration:
      Did not match:
         - @ConditionalOnClass did not find required class 'reactor.core.publisher.Flux' (OnClassCondition)

   RedisReactiveHealthContributorAutoConfiguration:
      Did not match:
         - @ConditionalOnClass did not find required class 'reactor.core.publisher.Flux' (OnClassCondition)

   RedisRepositoriesAutoConfiguration:
      Did not match:
         - @ConditionalOnClass did not find required class 'org.springframework.data.redis.repository.configuration.EnableRedisRepositories' (OnClassCondition)

   RefreshAutoConfiguration#legacyContextRefresher:
      Did not match:
         - AnyNestedCondition 0 matched 3 did not; NestedCondition on ConditionalOnBootstrapEnabled.OnBootstrapEnabledCondition.OnBootstrapEnabled @ConditionalOnProperty (spring.cloud.bootstrap.enabled) did not find property 'spring.cloud.bootstrap.enabled'; NestedCondition on ConditionalOnBootstrapEnabled.OnBootstrapEnabledCondition.OnUseLegacyProcessingEnabled @ConditionalOnProperty (spring.config.use-legacy-processing) did not find property 'spring.config.use-legacy-processing'; NestedCondition on ConditionalOnBootstrapEnabled.OnBootstrapEnabledCondition.OnBootstrapMarkerClassPresent @ConditionalOnClass did not find required class 'org.springframework.cloud.bootstrap.marker.Marker' (ConditionalOnBootstrapEnabled.OnBootstrapEnabledCondition)

   RefreshAutoConfiguration.JpaInvokerConfiguration:
      Did not match:
         - @ConditionalOnClass did not find required class 'javax.persistence.EntityManagerFactory' (OnClassCondition)

   RefreshEndpointAutoConfiguration.RefreshEndpointConfiguration#refreshEndpoint:
      Did not match:
         - @ConditionalOnAvailableEndpoint no 'management.endpoints' property marked it as exposed (OnAvailableEndpointCondition)
      Matched:
         - @ConditionalOnBean (types: org.springframework.cloud.context.refresh.ContextRefresher; SearchStrategy: all) found bean 'configDataContextRefresher'; @ConditionalOnMissingBean (types: org.springframework.cloud.endpoint.RefreshEndpoint; SearchStrategy: all) did not find any beans (OnBeanCondition)

   RepositoryRestMvcAutoConfiguration:
      Did not match:
         - @ConditionalOnClass did not find required class 'org.springframework.data.rest.webmvc.config.RepositoryRestMvcConfiguration' (OnClassCondition)

   RestartEndpointWithIntegrationConfiguration:
      Did not match:
         - @ConditionalOnClass did not find required class 'org.springframework.integration.monitor.IntegrationMBeanExporter' (OnClassCondition)

   RestartEndpointWithoutIntegrationConfiguration#restartEndpointWithoutIntegration:
      Did not match:
         - @ConditionalOnAvailableEndpoint no property management.endpoint.restart.enabled found so using endpoint default of false (OnAvailableEndpointCondition)

   Saml2RelyingPartyAutoConfiguration:
      Did not match:
         - @ConditionalOnClass did not find required class 'org.springframework.security.saml2.provider.service.registration.RelyingPartyRegistrationRepository' (OnClassCondition)

   ScheduledTasksEndpointAutoConfiguration:
      Did not match:
         - @ConditionalOnAvailableEndpoint no 'management.endpoints' property marked it as exposed (OnAvailableEndpointCondition)

   SecurityDataConfiguration:
      Did not match:
         - @ConditionalOnClass did not find required class 'org.springframework.security.data.repository.query.SecurityEvaluationContextExtension' (OnClassCondition)

   SecurityRequestMatchersManagementContextConfiguration.JerseyRequestMatcherConfiguration:
      Did not match:
         - @ConditionalOnClass did not find required class 'org.glassfish.jersey.server.ResourceConfig' (OnClassCondition)

   SendGridAutoConfiguration:
      Did not match:
         - @ConditionalOnClass did not find required class 'com.sendgrid.SendGrid' (OnClassCondition)

   ServiceRegistryAutoConfiguration.ServiceRegistryEndpointConfiguration:
      Did not match:
         - @ConditionalOnBean (types: org.springframework.cloud.client.serviceregistry.ServiceRegistry; SearchStrategy: all) did not find any beans of type org.springframework.cloud.client.serviceregistry.ServiceRegistry (OnBeanCondition)
      Matched:
         - @ConditionalOnClass found required class 'org.springframework.boot.actuate.endpoint.annotation.Endpoint' (OnClassCondition)

   ServletEndpointManagementContextConfiguration.JerseyServletEndpointManagementContextConfiguration:
      Did not match:
         - @ConditionalOnClass did not find required class 'org.glassfish.jersey.server.ResourceConfig' (OnClassCondition)

   ServletManagementContextAutoConfiguration.ApplicationContextFilterConfiguration:
      Did not match:
         - @ConditionalOnProperty (management.server.add-application-context-header=true) did not find property 'add-application-context-header' (OnPropertyCondition)

   ServletWebServerFactoryAutoConfiguration.ForwardedHeaderFilterConfiguration:
      Did not match:
         - @ConditionalOnProperty (server.forward-headers-strategy=framework) did not find property 'server.forward-headers-strategy' (OnPropertyCondition)

   ServletWebServerFactoryConfiguration.EmbeddedJetty:
      Did not match:
         - @ConditionalOnClass did not find required classes 'org.eclipse.jetty.server.Server', 'org.eclipse.jetty.util.Loader', 'org.eclipse.jetty.ee10.webapp.WebAppContext' (OnClassCondition)

   ServletWebServerFactoryConfiguration.EmbeddedUndertow:
      Did not match:
         - @ConditionalOnClass did not find required classes 'io.undertow.Undertow', 'org.xnio.SslClientAuthMode' (OnClassCondition)

   SessionAutoConfiguration:
      Did not match:
         - @ConditionalOnClass did not find required class 'org.springframework.session.Session' (OnClassCondition)

   SessionsEndpointAutoConfiguration:
      Did not match:
         - @ConditionalOnClass did not find required class 'org.springframework.session.FindByIndexNameSessionRepository' (OnClassCondition)

   ShutdownEndpointAutoConfiguration:
      Did not match:
         - @ConditionalOnAvailableEndpoint no property management.endpoint.shutdown.enabled found so using endpoint default of false (OnAvailableEndpointCondition)

   SignalFxMetricsExportAutoConfiguration:
      Did not match:
         - @ConditionalOnClass did not find required class 'io.micrometer.signalfx.SignalFxMeterRegistry' (OnClassCondition)

   SimpleReactiveDiscoveryClientAutoConfiguration:
      Did not match:
         - @ConditionalOnClass did not find required class 'org.springframework.web.reactive.function.client.WebClient' (OnClassCondition)

   SpringApplicationAdminJmxAutoConfiguration:
      Did not match:
         - @ConditionalOnProperty (spring.application.admin.enabled=true) did not find property 'enabled' (OnPropertyCondition)

   SpringBootWebSecurityConfiguration.SecurityFilterChainConfiguration:
      Did not match:
         - AllNestedConditions 1 matched 1 did not; NestedCondition on DefaultWebSecurityCondition.Beans @ConditionalOnMissingBean (types: org.springframework.security.web.SecurityFilterChain; SearchStrategy: all) found beans of type 'org.springframework.security.web.SecurityFilterChain' securityFilterChain; NestedCondition on DefaultWebSecurityCondition.Classes @ConditionalOnClass found required classes 'org.springframework.security.web.SecurityFilterChain', 'org.springframework.security.config.annotation.web.builders.HttpSecurity' (DefaultWebSecurityCondition)

   SpringBootWebSecurityConfiguration.WebSecurityEnablerConfiguration:
      Did not match:
         - @ConditionalOnMissingBean (names: springSecurityFilterChain; SearchStrategy: all) found beans named springSecurityFilterChain (OnBeanCondition)
      Matched:
         - @ConditionalOnClass found required class 'org.springframework.security.config.annotation.web.configuration.EnableWebSecurity' (OnClassCondition)

   SpringDocConfiguration#propertiesResolverForSchema:
      Did not match:
         - @ConditionalOnProperty (springdoc.api-docs.resolve-schema-properties) did not find property 'springdoc.api-docs.resolve-schema-properties' (OnPropertyCondition)

   SpringDocConfiguration#propertyCustomizingConverter:
      Did not match:
         - @ConditionalOnBean (types: org.springdoc.core.customizers.PropertyCustomizer; SearchStrategy: all) did not find any beans of type org.springdoc.core.customizers.PropertyCustomizer (OnBeanCondition)

   SpringDocConfiguration#springdocBeanFactoryPostProcessor:
      Did not match:
         - AnyNestedCondition 0 matched 2 did not; NestedCondition on CacheOrGroupedOpenApiCondition.OnCacheDisabled found non-matching nested conditions @ConditionalOnProperty (springdoc.cache.disabled) did not find property 'springdoc.cache.disabled'; NestedCondition on CacheOrGroupedOpenApiCondition.OnMultipleOpenApiSupportCondition AnyNestedCondition 0 matched 2 did not; NestedCondition on MultipleOpenApiSupportCondition.OnActuatorDifferentPort found non-matching nested conditions Management Port actual port type (SAME) did not match required type (DIFFERENT), @ConditionalOnProperty (springdoc.show-actuator) did not find property 'springdoc.show-actuator'; NestedCondition on MultipleOpenApiSupportCondition.OnMultipleOpenApiSupportCondition AnyNestedCondition 0 matched 2 did not; NestedCondition on MultipleOpenApiGroupsCondition.OnGroupConfigProperty @ConditionalOnProperty (springdoc.group-configs[0].group) did not find property 'springdoc.group-configs[0].group'; NestedCondition on MultipleOpenApiGroupsCondition.OnGroupedOpenApiBean @ConditionalOnBean (types: org.springdoc.core.models.GroupedOpenApi; SearchStrategy: all) did not find any beans of type org.springdoc.core.models.GroupedOpenApi (CacheOrGroupedOpenApiCondition)
      Matched:
         - @ConditionalOnClass found required class 'org.springframework.boot.context.properties.bind.BindResult' (OnClassCondition)

   SpringDocConfiguration#springdocBeanFactoryPostProcessor2:
      Did not match:
         - @ConditionalOnMissingClass found unwanted class 'org.springframework.boot.context.properties.bind.BindResult' (OnClassCondition)

   SpringDocConfiguration.SpringDocActuatorConfiguration:
      Did not match:
         - @ConditionalOnProperty (springdoc.show-actuator) did not find property 'springdoc.show-actuator' (OnPropertyCondition)
      Matched:
         - @ConditionalOnClass found required class 'org.springframework.boot.actuate.autoconfigure.endpoint.web.WebEndpointProperties' (OnClassCondition)

   SpringDocConfiguration.SpringDocRepositoryRestConfiguration:
      Did not match:
         - @ConditionalOnClass did not find required class 'org.springframework.data.rest.core.config.RepositoryRestConfiguration' (OnClassCondition)

   SpringDocConfiguration.SpringDocWebFluxSupportConfiguration:
      Did not match:
         - @ConditionalOnClass did not find required class 'reactor.core.publisher.Flux' (OnClassCondition)

   SpringDocDataRestConfiguration:
      Did not match:
         - @ConditionalOnClass did not find required class 'org.springframework.data.rest.core.config.RepositoryRestConfiguration' (OnClassCondition)

   SpringDocFunctionCatalogConfiguration:
      Did not match:
         - @ConditionalOnClass did not find required class 'org.springframework.cloud.function.web.function.FunctionEndpointInitializer' (OnClassCondition)

   SpringDocGroovyConfiguration:
      Did not match:
         - @ConditionalOnClass did not find required class 'groovy.lang.MetaClass' (OnClassCondition)

   SpringDocHateoasConfiguration:
      Did not match:
         - @ConditionalOnClass did not find required class 'org.springframework.hateoas.server.LinkRelationProvider' (OnClassCondition)

   SpringDocJacksonKotlinModuleConfiguration:
      Did not match:
         - @ConditionalOnClass did not find required class 'com.fasterxml.jackson.module.kotlin.KotlinModule' (OnClassCondition)

   SpringDocJavadocConfiguration:
      Did not match:
         - @ConditionalOnClass did not find required class 'com.github.therapi.runtimejavadoc.CommentFormatter' (OnClassCondition)

   SpringDocKotlinConfiguration:
      Did not match:
         - @ConditionalOnClass did not find required class 'kotlin.coroutines.Continuation' (OnClassCondition)

   SpringDocKotlinxConfiguration:
      Did not match:
         - @ConditionalOnClass did not find required class 'kotlinx.coroutines.flow.Flow' (OnClassCondition)

   SpringDocSecurityConfiguration.SpringDocSecurityOAuth2Configuration:
      Did not match:
         - @ConditionalOnClass did not find required class 'org.springframework.security.oauth2.server.authorization.OAuth2AuthorizationService' (OnClassCondition)

   SpringDocSecurityConfiguration.SpringSecurityLoginEndpointConfiguration#springSecurityLoginEndpointCustomiser:
      Did not match:
         - @ConditionalOnProperty (springdoc.show-login-endpoint) did not find property 'springdoc.show-login-endpoint' (OnPropertyCondition)

   SpringDocSortConfiguration#delegatingMethodParameterCustomizer:
      Did not match:
         - @ConditionalOnMissingBean (types: org.springdoc.core.customizers.DelegatingMethodParameterCustomizer; SearchStrategy: all) found beans of type 'org.springdoc.core.customizers.DelegatingMethodParameterCustomizer' delegatingMethodParameterCustomizer (OnBeanCondition)

   SpringDocWebMvcConfiguration.SpringDocWebMvcActuatorConfiguration#actuatorProvider:
      Did not match:
         - @ConditionalOnExpression (#{${springdoc.show-actuator:false} or ${springdoc.use-management-port:false}}) resulted in false (OnExpressionCondition)

   SpringDocWebMvcConfiguration.SpringDocWebMvcActuatorConfiguration#openApiActuatorResource:
      Did not match:
         - @ConditionalOnExpression (#{${springdoc.use-management-port:false} and ${springdoc.enable-default-api-docs:true}}) resulted in false (OnExpressionCondition)

   StackdriverMetricsExportAutoConfiguration:
      Did not match:
         - @ConditionalOnClass did not find required class 'io.micrometer.stackdriver.StackdriverMeterRegistry' (OnClassCondition)

   StartupEndpointAutoConfiguration:
      Did not match:
         - ApplicationStartup configured applicationStartup is of type class org.springframework.core.metrics.DefaultApplicationStartup, expected BufferingApplicationStartup. (StartupEndpointAutoConfiguration.ApplicationStartupCondition)

   StatsdMetricsExportAutoConfiguration:
      Did not match:
         - @ConditionalOnClass did not find required class 'io.micrometer.statsd.StatsdMeterRegistry' (OnClassCondition)

   SwaggerConfig#springWebProvider:
      Did not match:
         - @ConditionalOnMissingBean (types: org.springdoc.core.providers.SpringWebProvider; SearchStrategy: all) found beans of type 'org.springdoc.core.providers.SpringWebProvider' springWebProvider (OnBeanCondition)

   SwaggerConfig#swaggerUiConfigParameters:
      Did not match:
         - @ConditionalOnMissingBean (types: org.springdoc.core.properties.SwaggerUiConfigParameters; SearchStrategy: all) found beans of type 'org.springdoc.core.properties.SwaggerUiConfigParameters' org.springdoc.core.properties.SwaggerUiConfigParameters (OnBeanCondition)

   SwaggerConfig#swaggerUiHome:
      Did not match:
         - @ConditionalOnProperty (springdoc.swagger-ui.use-root-path=true) did not find property 'springdoc.swagger-ui.use-root-path' (OnPropertyCondition)

   SwaggerConfig.SwaggerActuatorWelcomeConfiguration:
      Did not match:
         - @ConditionalOnProperty (springdoc.use-management-port) did not find property 'springdoc.use-management-port' (OnPropertyCondition)
      Matched:
         - @ConditionalOnClass found required class 'org.springframework.boot.actuate.endpoint.web.servlet.WebMvcEndpointHandlerMapping' (OnClassCondition)

   TaskExecutorConfigurations.SimpleAsyncTaskExecutorBuilderConfiguration#simpleAsyncTaskExecutorBuilderVirtualThreads:
      Did not match:
         - @ConditionalOnMissingBean (types: org.springframework.boot.task.SimpleAsyncTaskExecutorBuilder; SearchStrategy: all) found beans of type 'org.springframework.boot.task.SimpleAsyncTaskExecutorBuilder' simpleAsyncTaskExecutorBuilder (OnBeanCondition)

   TaskExecutorConfigurations.TaskExecutorConfiguration#applicationTaskExecutorVirtualThreads:
      Did not match:
         - @ConditionalOnThreading did not find VIRTUAL (OnThreadingCondition)

   TaskSchedulingAutoConfiguration#scheduledBeanLazyInitializationExcludeFilter:
      Did not match:
         - @ConditionalOnBean (names: org.springframework.context.annotation.internalScheduledAnnotationProcessor; SearchStrategy: all) did not find any beans named org.springframework.context.annotation.internalScheduledAnnotationProcessor (OnBeanCondition)

   TaskSchedulingConfigurations.SimpleAsyncTaskSchedulerBuilderConfiguration#simpleAsyncTaskSchedulerBuilderVirtualThreads:
      Did not match:
         - @ConditionalOnMissingBean (types: org.springframework.boot.task.SimpleAsyncTaskSchedulerBuilder; SearchStrategy: all) found beans of type 'org.springframework.boot.task.SimpleAsyncTaskSchedulerBuilder' simpleAsyncTaskSchedulerBuilder (OnBeanCondition)

   TaskSchedulingConfigurations.TaskSchedulerConfiguration:
      Did not match:
         - @ConditionalOnBean (names: org.springframework.context.annotation.internalScheduledAnnotationProcessor; SearchStrategy: all) did not find any beans named org.springframework.context.annotation.internalScheduledAnnotationProcessor (OnBeanCondition)

   ThreadDumpEndpointAutoConfiguration:
      Did not match:
         - @ConditionalOnAvailableEndpoint no 'management.endpoints' property marked it as exposed (OnAvailableEndpointCondition)

   ThymeleafAutoConfiguration:
      Did not match:
         - @ConditionalOnClass did not find required class 'org.thymeleaf.spring6.SpringTemplateEngine' (OnClassCondition)

   TransactionAutoConfiguration#transactionalOperator:
      Did not match:
         - @ConditionalOnSingleCandidate (types: org.springframework.transaction.ReactiveTransactionManager; SearchStrategy: all) did not find any beans (OnBeanCondition)

   TransactionAutoConfiguration.AspectJTransactionManagementConfiguration:
      Did not match:
         - @ConditionalOnBean (types: org.springframework.transaction.aspectj.AbstractTransactionAspect; SearchStrategy: all) did not find any beans of type org.springframework.transaction.aspectj.AbstractTransactionAspect (OnBeanCondition)

   TransactionAutoConfiguration.EnableTransactionManagementConfiguration.JdkDynamicAutoProxyConfiguration:
      Did not match:
         - @ConditionalOnProperty (spring.aop.proxy-target-class=false) did not find property 'proxy-target-class' (OnPropertyCondition)

   UserDetailsServiceAutoConfiguration:
      Did not match:
         - @ConditionalOnMissingBean (types: org.springframework.security.authentication.AuthenticationManager,org.springframework.security.authentication.AuthenticationProvider,org.springframework.security.core.userdetails.UserDetailsService,org.springframework.security.authentication.AuthenticationManagerResolver,org.springframework.security.oauth2.jwt.JwtDecoder; SearchStrategy: all) found beans of type 'org.springframework.security.core.userdetails.UserDetailsService' customUserDetailsService (OnBeanCondition)
      Matched:
         - @ConditionalOnClass found required class 'org.springframework.security.authentication.AuthenticationManager'; @ConditionalOnMissingClass did not find unwanted classes 'org.springframework.security.oauth2.client.registration.ClientRegistrationRepository', 'org.springframework.security.oauth2.server.resource.introspection.OpaqueTokenIntrospector', 'org.springframework.security.saml2.provider.service.registration.RelyingPartyRegistrationRepository' (OnClassCondition)

   ValidationAutoConfiguration:
      Did not match:
         - @ConditionalOnResource did not find resource 'classpath:META-INF/services/jakarta.validation.spi.ValidationProvider' (OnResourceCondition)
      Matched:
         - @ConditionalOnClass found required class 'jakarta.validation.executable.ExecutableValidator' (OnClassCondition)

   WavefrontAutoConfiguration:
      Did not match:
         - @ConditionalOnClass did not find required class 'com.wavefront.sdk.common.application.ApplicationTags' (OnClassCondition)

   WavefrontMetricsExportAutoConfiguration:
      Did not match:
         - @ConditionalOnClass did not find required class 'com.wavefront.sdk.common.WavefrontSender' (OnClassCondition)

   WavefrontTracingAutoConfiguration:
      Did not match:
         - @ConditionalOnClass did not find required class 'com.wavefront.sdk.common.WavefrontSender' (OnClassCondition)

   WebClientAutoConfiguration:
      Did not match:
         - @ConditionalOnClass did not find required class 'org.springframework.web.reactive.function.client.WebClient' (OnClassCondition)

   WebClientObservationConfiguration:
      Did not match:
         - @ConditionalOnClass did not find required class 'org.springframework.web.reactive.function.client.WebClient' (OnClassCondition)

   WebFluxAutoConfiguration:
      Did not match:
         - @ConditionalOnClass did not find required class 'org.springframework.web.reactive.config.WebFluxConfigurer' (OnClassCondition)

   WebFluxEndpointManagementContextConfiguration:
      Did not match:
         - @ConditionalOnClass did not find required class 'org.springframework.web.reactive.DispatcherHandler' (OnClassCondition)

   WebFluxObservationAutoConfiguration:
      Did not match:
         - @ConditionalOnWebApplication did not find reactive web application classes (OnWebApplicationCondition)

   WebMvcAutoConfiguration#hiddenHttpMethodFilter:
      Did not match:
         - @ConditionalOnProperty (spring.mvc.hiddenmethod.filter.enabled) did not find property 'enabled' (OnPropertyCondition)

   WebMvcAutoConfiguration.ProblemDetailsErrorHandlingConfiguration:
      Did not match:
         - @ConditionalOnProperty (spring.mvc.problemdetails.enabled=true) did not find property 'enabled' (OnPropertyCondition)

   WebMvcAutoConfiguration.ResourceChainCustomizerConfiguration:
      Did not match:
         - @ConditionalOnEnabledResourceChain did not find class org.webjars.WebJarAssetLocator (OnEnabledResourceChainCondition)

   WebMvcAutoConfiguration.WebMvcAutoConfigurationAdapter#beanNameViewResolver:
      Did not match:
         - @ConditionalOnMissingBean (types: org.springframework.web.servlet.view.BeanNameViewResolver; SearchStrategy: all) found beans of type 'org.springframework.web.servlet.view.BeanNameViewResolver' beanNameViewResolver (OnBeanCondition)

   WebMvcEndpointManagementContextConfiguration#managementHealthEndpointWebMvcHandlerMapping:
      Did not match:
         - Management Port actual port type (SAME) did not match required type (DIFFERENT) (OnManagementPortCondition)

   WebServiceTemplateAutoConfiguration:
      Did not match:
         - @ConditionalOnClass did not find required class 'org.springframework.oxm.Marshaller' (OnClassCondition)

   WebServicesAutoConfiguration:
      Did not match:
         - @ConditionalOnClass did not find required class 'org.springframework.ws.transport.http.MessageDispatcherServlet' (OnClassCondition)

   WebSessionIdResolverAutoConfiguration:
      Did not match:
         - @ConditionalOnClass did not find required class 'reactor.core.publisher.Mono' (OnClassCondition)

   WebSocketMessagingAutoConfiguration:
      Did not match:
         - @ConditionalOnClass did not find required class 'org.springframework.web.socket.config.annotation.WebSocketMessageBrokerConfigurer' (OnClassCondition)

   WebSocketReactiveAutoConfiguration:
      Did not match:
         - @ConditionalOnWebApplication did not find reactive web application classes (OnWebApplicationCondition)

   WebSocketServletAutoConfiguration.JettyWebSocketConfiguration:
      Did not match:
         - @ConditionalOnClass did not find required class 'org.eclipse.jetty.ee10.websocket.jakarta.server.config.JakartaWebSocketServletContainerInitializer' (OnClassCondition)

   WebSocketServletAutoConfiguration.UndertowWebSocketConfiguration:
      Did not match:
         - @ConditionalOnClass did not find required class 'io.undertow.websockets.jsr.Bootstrap' (OnClassCondition)

   WritableEnvironmentEndpointAutoConfiguration:
      Did not match:
         - @ConditionalOnProperty (management.endpoint.env.post.enabled) did not find property 'management.endpoint.env.post.enabled' (OnPropertyCondition)
      Matched:
         - @ConditionalOnClass found required classes 'org.springframework.boot.actuate.env.EnvironmentEndpoint', 'org.springframework.boot.actuate.autoconfigure.env.EnvironmentEndpointProperties' (OnClassCondition)

   XADataSourceAutoConfiguration:
      Did not match:
         - @ConditionalOnBean (types: org.springframework.boot.jdbc.XADataSourceWrapper; SearchStrategy: all) did not find any beans of type org.springframework.boot.jdbc.XADataSourceWrapper (OnBeanCondition)
      Matched:
         - @ConditionalOnClass found required classes 'javax.sql.DataSource', 'jakarta.transaction.TransactionManager', 'org.springframework.jdbc.datasource.embedded.EmbeddedDatabaseType' (OnClassCondition)

   ZipkinAutoConfiguration:
      Did not match:
         - @ConditionalOnClass did not find required class 'zipkin2.reporter.Sender' (OnClassCondition)


Exclusions:
-----------

    None


Unconditional classes:
----------------------

    org.springframework.boot.autoconfigure.context.ConfigurationPropertiesAutoConfiguration

    org.springframework.cloud.client.ReactiveCommonsClientAutoConfiguration

    org.springframework.boot.actuate.autoconfigure.availability.AvailabilityHealthContributorAutoConfiguration

    org.springframework.boot.autoconfigure.ssl.SslAutoConfiguration

    org.springframework.boot.actuate.autoconfigure.info.InfoContributorAutoConfiguration

    org.springframework.cloud.client.discovery.simple.SimpleDiscoveryClientAutoConfiguration

    org.springframework.boot.autoconfigure.context.PropertyPlaceholderAutoConfiguration

    org.springframework.boot.autoconfigure.context.LifecycleAutoConfiguration

    org.springframework.cloud.client.CommonsClientAutoConfiguration

    org.springframework.boot.actuate.autoconfigure.metrics.integration.IntegrationMetricsAutoConfiguration

    org.springframework.boot.actuate.autoconfigure.endpoint.EndpointAutoConfiguration

    org.springframework.cloud.commons.config.CommonsConfigAutoConfiguration

    org.springframework.boot.actuate.autoconfigure.web.server.ManagementContextAutoConfiguration

    org.springframework.cloud.client.loadbalancer.LoadBalancerDefaultMappingsProviderAutoConfiguration

    org.springframework.cloud.client.discovery.composite.CompositeDiscoveryClientAutoConfiguration

    org.springframework.boot.actuate.autoconfigure.health.HealthContributorAutoConfiguration

    org.springframework.cloud.client.serviceregistry.ServiceRegistryAutoConfiguration

    org.springframework.cloud.autoconfigure.LifecycleMvcEndpointAutoConfiguration

    org.springframework.boot.actuate.autoconfigure.endpoint.jackson.JacksonEndpointAutoConfiguration

    org.springdoc.core.configuration.SpringDocSpecPropertiesConfiguration

    org.springframework.boot.autoconfigure.availability.ApplicationAvailabilityAutoConfiguration

    org.springframework.boot.autoconfigure.info.ProjectInfoAutoConfiguration



2026-01-14T18:29:00.064-05:00  INFO 147351 --- [Main] [JavaFX-Launcher] o.s.boot.SpringApplication               : Started application in 8.279 seconds (process running for 8.824)
2026-01-14T18:29:00.242-05:00  INFO 147351 --- [Main] [JavaFX-Launcher] com.rep.config.DataLoader                : Admin con identificación 22 ya existe, no se crea.
